2026-02-03 06:33:56: Server: SSH-2.0-OpenSSH_9.6p1 Ubuntu-3ubuntu13.14
2026-02-03 06:33:56: Server KEXes: sntrup761x25519-sha512@openssh.com,curve25519-sha256,curve25519-sha256@libssh.org,ecdh-sha2-nistp256,ecdh-sha2-nistp384,ecdh-sha2-nistp521,diffie-hellman-group-exchange-sha256,diffie-hellman-group16-sha512,diffie-hellman-group18-sha512,diffie-hellman-group14-sha256,ext-info-s,kex-strict-s-v00@openssh.com
2026-02-03 06:33:56: Server Host Keys: rsa-sha2-512,rsa-sha2-256,ecdsa-sha2-nistp256,ssh-ed25519
2026-02-03 06:33:56: Chosen Host Key: ssh-ed25519
2026-02-03 06:33:56: Ciphers: chacha20-poly1305@openssh.com,aes128-ctr,aes192-ctr,aes256-ctr,aes128-gcm@openssh.com,aes256-gcm@openssh.com
2026-02-03 06:33:56: MACs: umac-64-etm@openssh.com,umac-128-etm@openssh.com,hmac-sha2-256-etm@openssh.com,hmac-sha2-512-etm@openssh.com,hmac-sha1-etm@openssh.com,umac-64@openssh.com,umac-128@openssh.com,hmac-sha2-256,hmac-sha2-512,hmac-sha1
2026-02-03 06:33:56: Auth: start: publickey
2026-02-03 06:33:56: Auth: publickey: no keys available
2026-02-03 06:33:56: Auth: start: password
2026-02-03 06:33:57: -- Analysis Started by User Command
2026-02-03 06:33:57: Deleted abandoned lock file at C:/Users/grabacr/VPSsync/01-WorkspaceSync/modelica-shared/CustomLib/FluidSystemComponents
2026-02-03 06:33:57: L: Reading State File C:/Users/grabacr/VPSsync/01-WorkspaceSync/modelica-shared/CustomLib/FluidSystemComponents/_gsdata_/_file_state_v4._gs
2026-02-03 06:33:58: R: Reading State File sftp://os3-310-44666.vs.sakura.ne.jp/home/ubuntu/VPSsync/01-WorkspaceSync/modelica-shared/CustomLib/FluidSystemComponents/_gsdata_/_file_state_v4._gs
2026-02-03 06:34:34: /.github/FUNDING.yml: L:TimeSize<>; Conflict: File Modified on Both Sides
2026-02-03 06:34:34: /CommonAnyFluid/BaseClasses/ClosedVolumeColorP01.mo: L:TimeSize<>; Conflict: File Modified on Both Sides
2026-02-03 06:34:34: /CommonAnyFluid/BaseClasses/flow1d.bak-mo: L:TimeSize<>; Conflict: File Modified on Both Sides
2026-02-03 06:34:34: /CommonAnyFluid/BaseClasses/flow1d2ports00.mo: L:TimeSize<>; Conflict: File Modified on Both Sides
2026-02-03 06:34:34: /CommonAnyFluid/BaseClasses/package.mo: L:TimeSize<>; Conflict: File Modified on Both Sides
2026-02-03 06:34:34: /CommonAnyFluid/BaseClasses/package.order: L:TimeSize<>; Conflict: File Modified on Both Sides
2026-02-03 06:34:34: /CommonAnyFluid/BaseClasses/VolumeColorP01.bak-mo: L:TimeSize<>; Conflict: File Modified on Both Sides
2026-02-03 06:34:34: /CommonAnyFluid/Components/ClosedVolumeColor00.bak-mo: L:TimeSize<>; Conflict: File Modified on Both Sides
2026-02-03 06:34:34: /CommonAnyFluid/Components/ClosedVolumeColorP.mo: L:TimeSize<>; Conflict: File Modified on Both Sides
2026-02-03 06:34:34: /CommonAnyFluid/Components/dPqP00.mo: L:TimeSize<>; Conflict: File Modified on Both Sides
2026-02-03 06:34:34: /CommonAnyFluid/Components/dPqP_fixed.bak-mo: L:TimeSize<>; Conflict: File Modified on Both Sides
2026-02-03 06:34:34: /CommonAnyFluid/Components/ExpansionToAmbient.mo: L:TimeSize<>; Conflict: File Modified on Both Sides
2026-02-03 06:34:34: /CommonAnyFluid/Components/Orifice00.mo: L:TimeSize<>; Conflict: File Modified on Both Sides
2026-02-03 06:34:34: /CommonAnyFluid/Components/OrificeVariableAreaCd00.mo: L:TimeSize<>; Conflict: File Modified on Both Sides
2026-02-03 06:34:34: /CommonAnyFluid/Components/package.mo: L:TimeSize<>; Conflict: File Modified on Both Sides
2026-02-03 06:34:34: /CommonAnyFluid/Components/package.order: L:TimeSize<>; Conflict: File Modified on Both Sides
2026-02-03 06:34:34: /CommonAnyFluid/Components/TeslaValveConstantZeta00.mo: L:TimeSize<>; Conflict: File Modified on Both Sides
2026-02-03 06:34:34: /CommonAnyFluid/Components/VariableZetaOrifice00.mo: L:TimeSize<>; Conflict: File Modified on Both Sides
2026-02-03 06:34:34: /CommonAnyFluid/Examples/Components/ExpToAmb_ex01.mo: L:TimeSize<>; Conflict: File Modified on Both Sides
2026-02-03 06:34:34: /CommonAnyFluid/Examples/Components/ExpToAmb_ex02.mo: L:TimeSize<>; Conflict: File Modified on Both Sides
2026-02-03 06:34:34: /CommonAnyFluid/Examples/Components/ExpToAmb_temp02.bak-mo: L:TimeSize<>; Conflict: File Modified on Both Sides
2026-02-03 06:34:34: /CommonAnyFluid/Examples/Components/Orifice00_ex01.mo: L:TimeSize<>; Conflict: File Modified on Both Sides
2026-02-03 06:34:34: /CommonAnyFluid/Examples/Components/OrificeVariableAreaCd00_ex01.mo: L:TimeSize<>; Conflict: File Modified on Both Sides
2026-02-03 06:34:34: /CommonAnyFluid/Examples/Components/OrificeVariableAreaCd00_ex02.mo: L:TimeSize<>; Conflict: File Modified on Both Sides
2026-02-03 06:34:34: /CommonAnyFluid/Examples/Components/package.mo: L:TimeSize<>; Conflict: File Modified on Both Sides
2026-02-03 06:34:34: /CommonAnyFluid/Examples/Components/package.order: L:TimeSize<>; Conflict: File Modified on Both Sides
2026-02-03 06:34:34: /CommonAnyFluid/Examples/Components/TeslaValveConstantZeta00_ex01.mo: L:TimeSize<>; Conflict: File Modified on Both Sides
2026-02-03 06:34:34: /CommonAnyFluid/Examples/Components/VariableZetaOrifice00_ex01.mo: L:TimeSize<>; Conflict: File Modified on Both Sides
2026-02-03 06:34:34: /CommonAnyFluid/Examples/Components/VariableZetaOrifice00_ex02.mo: L:TimeSize<>; Conflict: File Modified on Both Sides
2026-02-03 06:34:34: /CommonAnyFluid/Examples/EngineeringStudies/package.mo: L:TimeSize<>; Conflict: File Modified on Both Sides
2026-02-03 06:34:34: /CommonAnyFluid/Examples/EngineeringStudies/package.order: L:TimeSize<>; Conflict: File Modified on Both Sides
2026-02-03 06:34:34: /CommonAnyFluid/Examples/EngineeringStudies/RectifierByTeslaValves_01.mo: L:TimeSize<>; Conflict: File Modified on Both Sides
2026-02-03 06:34:34: /CommonAnyFluid/Examples/EngineeringStudies/RectifierByTeslaValves_02.mo: L:TimeSize<>; Conflict: File Modified on Both Sides
2026-02-03 06:34:34: /CommonAnyFluid/Examples/package.mo: L:TimeSize<>; Conflict: File Modified on Both Sides
2026-02-03 06:34:34: /CommonAnyFluid/Examples/package.order: L:TimeSize<>; Conflict: File Modified on Both Sides
2026-02-03 06:34:34: /CommonAnyFluid/Examples/Temp/ExpToAmb_temp01.mo: L:TimeSize<>; Conflict: File Modified on Both Sides
2026-02-03 06:34:34: /CommonAnyFluid/Examples/Temp/ExpToAmb_temp02.mo: L:TimeSize<>; Conflict: File Modified on Both Sides
2026-02-03 06:34:34: /CommonAnyFluid/Examples/Temp/IsentropicCompression00_temp01.mo: L:TimeSize<>; Conflict: File Modified on Both Sides
2026-02-03 06:34:34: /CommonAnyFluid/Examples/Temp/package.mo: L:TimeSize<>; Conflict: File Modified on Both Sides
2026-02-03 06:34:34: /CommonAnyFluid/Examples/Temp/package.order: L:TimeSize<>; Conflict: File Modified on Both Sides
2026-02-03 06:34:34: /CommonAnyFluid/Examples/Thermodynamics/ConstPressureHeatAddition00_ex01.mo: L:TimeSize<>; Conflict: File Modified on Both Sides
2026-02-03 06:34:34: /CommonAnyFluid/Examples/Thermodynamics/ConstPressureHeatRejection00_ex01.mo: L:TimeSize<>; Conflict: File Modified on Both Sides
2026-02-03 06:34:34: /CommonAnyFluid/Examples/Thermodynamics/ConstVolumeHeatAddition00_ex01.mo: L:TimeSize<>; Conflict: File Modified on Both Sides
2026-02-03 06:34:34: /CommonAnyFluid/Examples/Thermodynamics/ConstVolumeHeatRejection00_ex01.mo: L:TimeSize<>; Conflict: File Modified on Both Sides
2026-02-03 06:34:34: /CommonAnyFluid/Examples/Thermodynamics/IsentropicCompression00_ex01.mo: L:TimeSize<>; Conflict: File Modified on Both Sides
2026-02-03 06:34:34: /CommonAnyFluid/Examples/Thermodynamics/IsentropicExpansion00_ex01.mo: L:TimeSize<>; Conflict: File Modified on Both Sides
2026-02-03 06:34:34: /CommonAnyFluid/Examples/Thermodynamics/LenoirCycleIdeal00_ex01.mo: L:TimeSize<>; Conflict: File Modified on Both Sides
2026-02-03 06:34:34: /CommonAnyFluid/Examples/Thermodynamics/LenoirCycleIdeal00_ex02.mo: L:TimeSize<>; Conflict: File Modified on Both Sides
2026-02-03 06:34:34: /CommonAnyFluid/Examples/Thermodynamics/LenoirCycleIdeal00_ex03.mo: L:TimeSize<>; Conflict: File Modified on Both Sides
2026-02-03 06:34:34: /CommonAnyFluid/Examples/Thermodynamics/OttoCycleIdeal00_ex01.mo: L:TimeSize<>; Conflict: File Modified on Both Sides
2026-02-03 06:34:34: /CommonAnyFluid/Examples/Thermodynamics/OttoCycleIdeal00_ex02.mo: L:TimeSize<>; Conflict: File Modified on Both Sides
2026-02-03 06:34:34: /CommonAnyFluid/Examples/Thermodynamics/package.mo: L:TimeSize<>; Conflict: File Modified on Both Sides
2026-02-03 06:34:34: /CommonAnyFluid/Examples/Thermodynamics/package.order: L:TimeSize<>; Conflict: File Modified on Both Sides
2026-02-03 06:34:34: /CommonAnyFluid/package.mo: L:TimeSize<>; Conflict: File Modified on Both Sides
2026-02-03 06:34:34: /CommonAnyFluid/package.order: L:TimeSize<>; Conflict: File Modified on Both Sides
2026-02-03 06:34:34: /CommonAnyFluid/Thermodynamics/ConstPressureHeatAddition00.mo: L:TimeSize<>; Conflict: File Modified on Both Sides
2026-02-03 06:34:34: /CommonAnyFluid/Thermodynamics/ConstPressureHeatRejection00.mo: L:TimeSize<>; Conflict: File Modified on Both Sides
2026-02-03 06:34:34: /CommonAnyFluid/Thermodynamics/ConstVolumeHeatAddition00.mo: L:TimeSize<>; Conflict: File Modified on Both Sides
2026-02-03 06:34:34: /CommonAnyFluid/Thermodynamics/ConstVolumeHeatRejection00.mo: L:TimeSize<>; Conflict: File Modified on Both Sides
2026-02-03 06:34:34: /CommonAnyFluid/Thermodynamics/IsentropicCompression00.mo: L:TimeSize<>; Conflict: File Modified on Both Sides
2026-02-03 06:34:34: /CommonAnyFluid/Thermodynamics/IsentropicExpansion00.mo: L:TimeSize<>; Conflict: File Modified on Both Sides
2026-02-03 06:34:34: /CommonAnyFluid/Thermodynamics/LenoirCycleIdeal00.mo: L:TimeSize<>; Conflict: File Modified on Both Sides
2026-02-03 06:34:34: /CommonAnyFluid/Thermodynamics/OttoCycleIdeal00.mo: L:TimeSize<>; Conflict: File Modified on Both Sides
2026-02-03 06:34:34: /CommonAnyFluid/Thermodynamics/package.mo: L:TimeSize<>; Conflict: File Modified on Both Sides
2026-02-03 06:34:34: /CommonAnyFluid/Thermodynamics/package.order: L:TimeSize<>; Conflict: File Modified on Both Sides
2026-02-03 06:34:34: /Compressible/BaseClasses/bdry.mo: L:TimeSize<>; Conflict: File Modified on Both Sides
2026-02-03 06:34:34: /Compressible/BaseClasses/IdealGasNozzleFlow_base01.mo: L:TimeSize<>; Conflict: File Modified on Both Sides
2026-02-03 06:34:34: /Compressible/BaseClasses/IdealGasVolume.bak-mo: L:TimeSize<>; Conflict: File Modified on Both Sides
2026-02-03 06:34:34: /Compressible/BaseClasses/IdealGasVolume_base01.mo: L:TimeSize<>; Conflict: File Modified on Both Sides
2026-02-03 06:34:34: /Compressible/BaseClasses/NozzleFlowEquation_base01.mo: L:TimeSize<>; Conflict: File Modified on Both Sides
2026-02-03 06:34:34: /Compressible/BaseClasses/NozzleFlowEquation_base02.mo: L:TimeSize<>; Conflict: File Modified on Both Sides
2026-02-03 06:34:34: /Compressible/BaseClasses/NozzleFlowEquation_base03.mo: L:TimeSize<>; Conflict: File Modified on Both Sides
2026-02-03 06:34:34: /Compressible/BaseClasses/package.mo: L:TimeSize<>; Conflict: File Modified on Both Sides
2026-02-03 06:34:34: /Compressible/BaseClasses/package.order: L:TimeSize<>; Conflict: File Modified on Both Sides
2026-02-03 06:34:34: /Compressible/Components/bdry.mo: L:TimeSize<>; Conflict: File Modified on Both Sides
2026-02-03 06:34:34: /Compressible/Components/ClosedVolume4FlowWithMn00.mo: L:TimeSize<>; Conflict: File Modified on Both Sides
2026-02-03 06:34:34: /Compressible/Components/IdealGasNozzleFlow01.mo: L:TimeSize<>; Conflict: File Modified on Both Sides
2026-02-03 06:34:34: /Compressible/Components/IdealGasVolume01.bak-mo: L:TimeSize<>; Conflict: File Modified on Both Sides
2026-02-03 06:34:34: /Compressible/Components/IdealGasVolumeColorP01.mo: L:TimeSize<>; Conflict: File Modified on Both Sides
2026-02-03 06:34:34: /Compressible/Components/NozzleFlowEquation01.mo: L:TimeSize<>; Conflict: File Modified on Both Sides
2026-02-03 06:34:34: /Compressible/Components/NozzleFlowEquation02.mo: L:TimeSize<>; Conflict: File Modified on Both Sides
2026-02-03 06:34:34: /Compressible/Components/NozzleFlowEquation03.mo: L:TimeSize<>; Conflict: File Modified on Both Sides
2026-02-03 06:34:34: /Compressible/Components/NozzleFlowEquation_varArea01.mo: L:TimeSize<>; Conflict: File Modified on Both Sides
2026-02-03 06:34:34: /Compressible/Components/NozzleFlowEquation_varMflow01.mo: L:TimeSize<>; Conflict: File Modified on Both Sides
2026-02-03 06:34:34: /Compressible/Components/ObliqueShock00.mo: L:TimeSize<>; Conflict: File Modified on Both Sides
2026-02-03 06:34:34: /Compressible/Components/package.mo: L:TimeSize<>; Conflict: File Modified on Both Sides
2026-02-03 06:34:34: /Compressible/Components/package.order: L:TimeSize<>; Conflict: File Modified on Both Sides
2026-02-03 06:34:34: /Compressible/Examples/AssyComponents/ComplexFNW_ex02_v01.mo: L:TimeSize<>; Conflict: File Modified on Both Sides
2026-02-03 06:34:34: /Compressible/Examples/AssyComponents/ComplexFNW_ex03_v01.mo: L:TimeSize<>; Conflict: File Modified on Both Sides
2026-02-03 06:34:34: /Compressible/Examples/AssyComponents/package.mo: L:TimeSize<>; Conflict: File Modified on Both Sides
2026-02-03 06:34:34: /Compressible/Examples/AssyComponents/package.order: L:TimeSize<>; Conflict: File Modified on Both Sides
2026-02-03 06:34:34: /Compressible/Examples/package.mo: L:TimeSize<>; Conflict: File Modified on Both Sides
2026-02-03 06:34:34: /Compressible/Examples/package.order: L:TimeSize<>; Conflict: File Modified on Both Sides
2026-02-03 06:34:34: /Compressible/Examples/Temp/FluidGridNW_ex01_v001.mo: L:TimeSize<>; Conflict: File Modified on Both Sides
2026-02-03 06:34:34: /Compressible/Examples/Temp/FluidNW_ex01_00.bak-mo: L:TimeSize<>; Conflict: File Modified on Both Sides
2026-02-03 06:34:34: /Compressible/Examples/Temp/FluidNW_ex01_v001.mo: L:TimeSize<>; Conflict: File Modified on Both Sides
2026-02-03 06:34:34: /Compressible/Examples/Temp/FluidNW_ex01_v001_FluidHeatFlow.mo: L:TimeSize<>; Conflict: File Modified on Both Sides
2026-02-03 06:34:34: /Compressible/Examples/Temp/FluidNW_ex01_v001_noVol.mo: L:TimeSize<>; Conflict: File Modified on Both Sides
2026-02-03 06:34:34: /Compressible/Examples/Temp/package.mo: L:TimeSize<>; Conflict: File Modified on Both Sides
2026-02-03 06:34:34: /Compressible/Examples/Temp/package.order: L:TimeSize<>; Conflict: File Modified on Both Sides
2026-02-03 06:34:34: /Compressible/Examples/Test/ChokingFlowLine_01_v01.mo: L:TimeSize<>; Conflict: File Modified on Both Sides
2026-02-03 06:34:34: /Compressible/Examples/Test/ChokingFlowLine_02_v01.mo: L:TimeSize<>; Conflict: File Modified on Both Sides
2026-02-03 06:34:34: /Compressible/Examples/Test/ComplexFlowNetwork_02_v01.mo: L:TimeSize<>; Conflict: File Modified on Both Sides
2026-02-03 06:34:34: /Compressible/Examples/Test/ComplexFlowNetwork_02_v01_temp02.mo: L:TimeSize<>; Conflict: File Modified on Both Sides
2026-02-03 06:34:34: /Compressible/Examples/Test/ComplexFlowNetwork_02_v01_temp03.mo: L:TimeSize<>; Conflict: File Modified on Both Sides
2026-02-03 06:34:34: /Compressible/Examples/Test/ComplexFlowNetwork_02_v01_temp04.mo: L:TimeSize<>; Conflict: File Modified on Both Sides
2026-02-03 06:34:34: /Compressible/Examples/Test/ComplexFlowNetwork_02_v01_temp05.mo: L:TimeSize<>; Conflict: File Modified on Both Sides
2026-02-03 06:34:34: /Compressible/Examples/Test/ComplexFlowNetwork_02_v01_temp05_tran.mo: L:TimeSize<>; Conflict: File Modified on Both Sides
2026-02-03 06:34:34: /Compressible/Examples/Test/ComplexFlowNetwork_02_v01_temp06.mo: L:TimeSize<>; Conflict: File Modified on Both Sides
2026-02-03 06:34:34: /Compressible/Examples/Test/ComplexFlowNetwork_02_v01_temp07.mo: L:TimeSize<>; Conflict: File Modified on Both Sides
2026-02-03 06:34:34: /Compressible/Examples/Test/ComplexFlowNetwork_03_v01_temp01.mo: L:TimeSize<>; Conflict: File Modified on Both Sides
2026-02-03 06:34:34: /Compressible/Examples/Test/ComplexFlowNetwork_v004_temp01.mo: L:TimeSize<>; Conflict: File Modified on Both Sides
2026-02-03 06:34:34: /Compressible/Examples/Test/ComplexFlowNetwork_v004_temp02.mo: L:TimeSize<>; Conflict: File Modified on Both Sides
2026-02-03 06:34:34: /Compressible/Examples/Test/FlowPathNetwork_v001.mo: L:TimeSize<>; Conflict: File Modified on Both Sides
2026-02-03 06:34:34: /Compressible/Examples/Test/IdealGasNozzleFlow_test01.bak-mo: L:TimeSize<>; Conflict: File Modified on Both Sides
2026-02-03 06:34:34: /Compressible/Examples/Test/IdealGasVolume01_test01.mo: L:TimeSize<>; Conflict: File Modified on Both Sides
2026-02-03 06:34:34: /Compressible/Examples/Test/NozzleFlowEquation_ex01.mo: L:TimeSize<>; Conflict: File Modified on Both Sides
2026-02-03 06:34:34: /Compressible/Examples/Test/NozzleFlowEquation_ex02.mo: L:TimeSize<>; Conflict: File Modified on Both Sides
2026-02-03 06:34:34: /Compressible/Examples/Test/NozzleFlowEquation_varArea01_test01.bak-mo: L:TimeSize<>; Conflict: File Modified on Both Sides
2026-02-03 06:34:34: /Compressible/Examples/Test/NozzleFlowEquation_varMflow01_test01.bak-mo: L:TimeSize<>; Conflict: File Modified on Both Sides
2026-02-03 06:34:34: /Compressible/Examples/Test/ObliqueShock00_ex01.mo: L:TimeSize<>; Conflict: File Modified on Both Sides
2026-02-03 06:34:34: /Compressible/Examples/Test/package.mo: L:TimeSize<>; Conflict: File Modified on Both Sides
2026-02-03 06:34:34: /Compressible/Examples/Test/package.order: L:TimeSize<>; Conflict: File Modified on Both Sides
2026-02-03 06:34:34: /Compressible/Examples/Tutorial/ComplexFlowNetwork_ex02_v01.mo: L:TimeSize<>; Conflict: File Modified on Both Sides
2026-02-03 06:34:34: /Compressible/Examples/Tutorial/ComplexFlowNetwork_ex03_v01.mo: L:TimeSize<>; Conflict: File Modified on Both Sides
2026-02-03 06:34:34: /Compressible/Examples/Tutorial/ComplexFlowNetwork_v001.mo: L:TimeSize<>; Conflict: File Modified on Both Sides
2026-02-03 06:34:34: /Compressible/Examples/Tutorial/ComplexFlowNetwork_v002.bak-mo: L:TimeSize<>; Conflict: File Modified on Both Sides
2026-02-03 06:34:34: /Compressible/Examples/Tutorial/ComplexFlowNetwork_v003.bak-mo: L:TimeSize<>; Conflict: File Modified on Both Sides
2026-02-03 06:34:34: /Compressible/Examples/Tutorial/ComplexFlowNetwork_v003.mo: L:TimeSize<>; Conflict: File Modified on Both Sides
2026-02-03 06:34:34: /Compressible/Examples/Tutorial/ComplexFlowNetwork_v004.bak-mo: L:TimeSize<>; Conflict: File Modified on Both Sides
2026-02-03 06:34:34: /Compressible/Examples/Tutorial/ComplexFlowNetwork_v005.bak-mo: L:TimeSize<>; Conflict: File Modified on Both Sides
2026-02-03 06:34:34: /Compressible/Examples/Tutorial/ComplexFlowNetwork_v006.bak-mo: L:TimeSize<>; Conflict: File Modified on Both Sides
2026-02-03 06:34:34: /Compressible/Examples/Tutorial/FluidGridNW_5x5_ex01.mo: L:TimeSize<>; Conflict: File Modified on Both Sides
2026-02-03 06:34:34: /Compressible/Examples/Tutorial/IdealGasNozzleFlow01_ex01.mo: L:TimeSize<>; Conflict: File Modified on Both Sides
2026-02-03 06:34:34: /Compressible/Examples/Tutorial/IdealGasVolumeColorP01_ex01.mo: L:TimeSize<>; Conflict: File Modified on Both Sides
2026-02-03 06:34:34: /Compressible/Examples/Tutorial/MultilayerModels/MultiFlowNW_ex01_v01.mo: L:TimeSize<>; Conflict: File Modified on Both Sides
2026-02-03 06:34:34: /Compressible/Examples/Tutorial/MultilayerModels/package.mo: L:TimeSize<>; Conflict: File Modified on Both Sides
2026-02-03 06:34:34: /Compressible/Examples/Tutorial/MultilayerModels/package.order: L:TimeSize<>; Conflict: File Modified on Both Sides
2026-02-03 06:34:34: /Compressible/Examples/Tutorial/MultiObliqueShocks00_ex01.mo: L:TimeSize<>; Conflict: File Modified on Both Sides
2026-02-03 06:34:34: /Compressible/Examples/Tutorial/NozzleFlowEquation01_ex01.mo: L:TimeSize<>; Conflict: File Modified on Both Sides
2026-02-03 06:34:34: /Compressible/Examples/Tutorial/NozzleFlowEquation02_ex01.mo: L:TimeSize<>; Conflict: File Modified on Both Sides
2026-02-03 06:34:34: /Compressible/Examples/Tutorial/NozzleFlowEquation03_ex01.mo: L:TimeSize<>; Conflict: File Modified on Both Sides
2026-02-03 06:34:34: /Compressible/Examples/Tutorial/NozzleFlowEquation03_ex02.mo: L:TimeSize<>; Conflict: File Modified on Both Sides
2026-02-03 06:34:34: /Compressible/Examples/Tutorial/NozzleFlowEquation_varArea01_ex01.mo: L:TimeSize<>; Conflict: File Modified on Both Sides
2026-02-03 06:34:34: /Compressible/Examples/Tutorial/NozzleFlowEquation_varMflow01_test01.mo: L:TimeSize<>; Conflict: File Modified on Both Sides
2026-02-03 06:34:34: /Compressible/Examples/Tutorial/ObliqueShock00_ex01.mo: L:TimeSize<>; Conflict: File Modified on Both Sides
2026-02-03 06:34:34: /Compressible/Examples/Tutorial/package.mo: L:TimeSize<>; Conflict: File Modified on Both Sides
2026-02-03 06:34:34: /Compressible/Examples/Tutorial/package.order: L:TimeSize<>; Conflict: File Modified on Both Sides
2026-02-03 06:34:34: /Compressible/Function/CriticalPressureRatio.mo: L:TimeSize<>; Conflict: File Modified on Both Sides
2026-02-03 06:34:34: /Compressible/Function/IsentropicExpandingFlow01.mo: L:TimeSize<>; Conflict: File Modified on Both Sides
2026-02-03 06:34:34: /Compressible/Function/package.mo: L:TimeSize<>; Conflict: File Modified on Both Sides
2026-02-03 06:34:34: /Compressible/Function/package.order: L:TimeSize<>; Conflict: File Modified on Both Sides
2026-02-03 06:34:34: /Compressible/package.mo: L:TimeSize<>; Conflict: File Modified on Both Sides
2026-02-03 06:34:34: /Compressible/package.order: L:TimeSize<>; Conflict: File Modified on Both Sides
2026-02-03 06:34:34: /docs/CommonAnyFluid/Examples/Thermodynamics/LenoirCycleIdeal00_ex01_00.png: L:TimeSize<>; Conflict: File Modified on Both Sides
2026-02-03 06:34:34: /docs/CommonAnyFluid/Examples/Thermodynamics/LenoirCycleIdeal00_ex01_hs.png: L:TimeSize<>; Conflict: File Modified on Both Sides
2026-02-03 06:34:34: /docs/CommonAnyFluid/Examples/Thermodynamics/LenoirCycleIdeal00_ex01_hs_2.png: L:TimeSize<>; Conflict: File Modified on Both Sides
2026-02-03 06:34:34: /docs/CommonAnyFluid/Examples/Thermodynamics/LenoirCycleIdeal00_ex01_hs_3.png: L:TimeSize<>; Conflict: File Modified on Both Sides
2026-02-03 06:34:34: /docs/CommonAnyFluid/Examples/Thermodynamics/LenoirCycleIdeal00_ex01_hs_4.png: L:TimeSize<>; Conflict: File Modified on Both Sides
2026-02-03 06:34:34: /docs/CommonAnyFluid/Examples/Thermodynamics/LenoirCycleIdeal00_ex01_pVol.png: L:TimeSize<>; Conflict: File Modified on Both Sides
2026-02-03 06:34:34: /docs/CommonAnyFluid/Examples/Thermodynamics/LenoirCycleIdeal00_ex01_pVol_2.png: L:TimeSize<>; Conflict: File Modified on Both Sides
2026-02-03 06:34:34: /docs/CommonAnyFluid/Examples/Thermodynamics/LenoirCycleIdeal00_ex03_00.png: L:TimeSize<>; Conflict: File Modified on Both Sides
2026-02-03 06:34:34: /docs/CommonAnyFluid/Examples/Thermodynamics/LenoirCycleIdeal00_ex03_hs.png: L:TimeSize<>; Conflict: File Modified on Both Sides
2026-02-03 06:34:34: /docs/CommonAnyFluid/Examples/Thermodynamics/LenoirCycleIdeal00_ex03_hs_2.png: L:TimeSize<>; Conflict: File Modified on Both Sides
2026-02-03 06:34:34: /docs/CommonAnyFluid/Examples/Thermodynamics/LenoirCycleIdeal00_ex03_hs_3.png: L:TimeSize<>; Conflict: File Modified on Both Sides
2026-02-03 06:34:34: /docs/CommonAnyFluid/Examples/Thermodynamics/LenoirCycleIdeal00_ex03_hs_4.png: L:TimeSize<>; Conflict: File Modified on Both Sides
2026-02-03 06:34:34: /docs/CommonAnyFluid/Examples/Thermodynamics/LenoirCycleIdeal00_ex03_LenoirCycle.effThermal.png: L:TimeSize<>; Conflict: File Modified on Both Sides
2026-02-03 06:34:34: /docs/CommonAnyFluid/Examples/Thermodynamics/LenoirCycleIdeal00_ex03_LenoirCycle.effThermal_02.png: L:TimeSize<>; Conflict: File Modified on Both Sides
2026-02-03 06:34:34: /docs/CommonAnyFluid/Examples/Thermodynamics/LenoirCycleIdeal00_ex03_LenoirCycle.fluidState[2].p.png: L:TimeSize<>; Conflict: File Modified on Both Sides
2026-02-03 06:34:34: /docs/CommonAnyFluid/Examples/Thermodynamics/LenoirCycleIdeal00_ex03_LenoirCycle.fluidState[2].T.png: L:TimeSize<>; Conflict: File Modified on Both Sides
2026-02-03 06:34:34: /docs/CommonAnyFluid/Examples/Thermodynamics/LenoirCycleIdeal00_ex03_LenoirCycle.par_Vol1.png: L:TimeSize<>; Conflict: File Modified on Both Sides
2026-02-03 06:34:34: /docs/CommonAnyFluid/Examples/Thermodynamics/LenoirCycleIdeal00_ex03_LenoirCycle.u_p_fluidState_1.png: L:TimeSize<>; Conflict: File Modified on Both Sides
2026-02-03 06:34:34: /docs/CommonAnyFluid/Examples/Thermodynamics/LenoirCycleIdeal00_ex03_LenoirCycle.u_Qin.png: L:TimeSize<>; Conflict: File Modified on Both Sides
2026-02-03 06:34:34: /docs/CommonAnyFluid/Examples/Thermodynamics/LenoirCycleIdeal00_ex03_LenoirCycle.u_T_fluidState_1.png: L:TimeSize<>; Conflict: File Modified on Both Sides
2026-02-03 06:34:34: /docs/CommonAnyFluid/Examples/Thermodynamics/LenoirCycleIdeal00_ex03_LenoirCycle.WoutCycle.png: L:TimeSize<>; Conflict: File Modified on Both Sides
2026-02-03 06:34:34: /docs/CommonAnyFluid/Examples/Thermodynamics/LenoirCycleIdeal00_ex03_pVol.png: L:TimeSize<>; Conflict: File Modified on Both Sides
2026-02-03 06:34:34: /docs/CommonAnyFluid/Examples/Thermodynamics/LenoirCycleIdeal00_ex03_pVol_2.png: L:TimeSize<>; Conflict: File Modified on Both Sides
2026-02-03 06:34:34: /docs/CommonAnyFluid/Examples/Thermodynamics/makeFig_Thermodynamics.pptx: L:TimeSize<>; Conflict: File Modified on Both Sides
2026-02-03 06:34:34: /docs/Compressible/Examples/Tutorial/FluidGridNW_5x5_ex01/diagram00.jpg: L:TimeSize<>; Conflict: File Modified on Both Sides
2026-02-03 06:34:34: /docs/Compressible/Examples/Tutorial/FluidGridNW_5x5_ex01/y_diagram_150s.JPG: L:TimeSize<>; Conflict: File Modified on Both Sides
2026-02-03 06:34:34: /docs/Compressible/Examples/Tutorial/FluidGridNW_5x5_ex01/y_diagram_150s_01.JPG: L:TimeSize<>; Conflict: File Modified on Both Sides
2026-02-03 06:34:34: /docs/Compressible/Examples/Tutorial/NozzleFlowEquation_varArea01_test01/diagram.jpg: L:TimeSize<>; Conflict: File Modified on Both Sides
2026-02-03 06:34:34: /docs/Compressible/Examples/Tutorial/NozzleFlowEquation_varArea01_test01/makeFigs.odg: L:TimeSize<>; Conflict: File Modified on Both Sides
2026-02-03 06:34:34: /docs/Compressible/Examples/Tutorial/NozzleFlowEquation_varMflow01_test01/diagram.jpg: L:TimeSize<>; Conflict: File Modified on Both Sides
2026-02-03 06:34:34: /docs/Compressible/Examples/Tutorial/NozzleFlowEquation_varMflow01_test01/inheritance_01.jpg: L:TimeSize<>; Conflict: File Modified on Both Sides
2026-02-03 06:34:34: /docs/Compressible/Examples/Tutorial/NozzleFlowEquation_varMflow01_test01/makeFigs.odg: L:TimeSize<>; Conflict: File Modified on Both Sides
2026-02-03 06:34:34: /docs/FluidSystemComponents.html: L:TimeSize<>; Conflict: File Modified on Both Sides
2026-02-03 06:34:34: /docs/HeatTransfer/Components/ex_HX_modulatedEff00_test01.jpg: L:TimeSize<>; Conflict: File Modified on Both Sides
2026-02-03 06:34:34: /docs/HeatTransfer/Components/ex_HX_modulatedEff00_test02.jpg: L:TimeSize<>; Conflict: File Modified on Both Sides
2026-02-03 06:34:34: /docs/HeatTransfer/Components/ex_HX_modulatedEff00_test03.jpg: L:TimeSize<>; Conflict: File Modified on Both Sides
2026-02-03 06:34:34: /docs/HeatTransfer/Components/ex_HX_modulatedEff00_test04.jpg: L:TimeSize<>; Conflict: File Modified on Both Sides
2026-02-03 06:34:34: /docs/HeatTransfer/Components/HX_modulatedEff00.html: L:TimeSize<>; Conflict: File Modified on Both Sides
2026-02-03 06:34:34: /docs/HeatTransfer/Components/HX_modulatedEff00_icon.jpg: L:TimeSize<>; Conflict: File Modified on Both Sides
2026-02-03 06:34:34: /docs/HeatTransfer/Components/HX_modulatedEff00_IF.jpg: L:TimeSize<>; Conflict: File Modified on Both Sides
2026-02-03 06:34:34: /docs/HeatTransfer/Components/HX_modulatedEff00_internal.jpg: L:TimeSize<>; Conflict: File Modified on Both Sides
2026-02-03 06:34:34: /docs/HeatTransfer/Examples/HeatTransferDevices/HX_ShellTube_counter_discrete005_ex01/diagram_00.jpg: L:TimeSize<>; Conflict: File Modified on Both Sides
2026-02-03 06:34:34: /docs/HeatTransfer/Examples/HeatTransferDevices/HX_ShellTube_counter_discrete005_ex01/makeFigs.odg: L:TimeSize<>; Conflict: File Modified on Both Sides
2026-02-03 06:34:34: /docs/HeatTransfer/Examples/HeatTransferDevices/HX_ShellTube_counter_discrete005_ex01/postCalc.ods: L:TimeSize<>; Conflict: File Modified on Both Sides
2026-02-03 06:34:34: /docs/HeatTransfer/Examples/HeatTransferDevices/HX_ShellTube_counter_discrete010_ex01/diagram_00.jpg: L:TimeSize<>; Conflict: File Modified on Both Sides
2026-02-03 06:34:34: /docs/HeatTransfer/Examples/HeatTransferDevices/HX_ShellTube_counter_discrete010_ex01/diagram_01.jpg: L:TimeSize<>; Conflict: File Modified on Both Sides
2026-02-03 06:34:34: /docs/HeatTransfer/Examples/HeatTransferDevices/HX_ShellTube_counter_discrete010_ex01/eqn_effHX.mml: L:TimeSize<>; Conflict: File Modified on Both Sides
2026-02-03 06:34:34: /docs/HeatTransfer/Examples/HeatTransferDevices/HX_ShellTube_counter_discrete010_ex01/eqn_effHX_byNTU.mml: L:TimeSize<>; Conflict: File Modified on Both Sides
2026-02-03 06:34:34: /docs/HeatTransfer/Examples/HeatTransferDevices/HX_ShellTube_counter_discrete010_ex01/eqn_listOfVariables.mml: L:TimeSize<>; Conflict: File Modified on Both Sides
2026-02-03 06:34:34: /docs/HeatTransfer/Examples/HeatTransferDevices/HX_ShellTube_counter_discrete010_ex01/makeEqns.odt: L:TimeSize<>; Conflict: File Modified on Both Sides
2026-02-03 06:34:34: /docs/HeatTransfer/Examples/HeatTransferDevices/HX_ShellTube_counter_discrete010_ex01/makeFigs.odg: L:TimeSize<>; Conflict: File Modified on Both Sides
2026-02-03 06:34:34: /docs/HeatTransfer/Examples/HeatTransferDevices/HX_ShellTube_counter_discrete010_ex01/postCalc.ods: L:TimeSize<>; Conflict: File Modified on Both Sides
2026-02-03 06:34:34: /docs/HeatTransfer/Examples/HeatTransferDevices/HX_ShellTube_counter_discrete020_ex01/diagram_00.jpg: L:TimeSize<>; Conflict: File Modified on Both Sides
2026-02-03 06:34:34: /docs/HeatTransfer/Examples/HeatTransferDevices/HX_ShellTube_counter_discrete020_ex01/eff__parallel_vs_counter.jpg: L:TimeSize<>; Conflict: File Modified on Both Sides
2026-02-03 06:34:34: /docs/HeatTransfer/Examples/HeatTransferDevices/HX_ShellTube_counter_discrete020_ex01/eff_vs_NTU.jpg: L:TimeSize<>; Conflict: File Modified on Both Sides
2026-02-03 06:34:34: /docs/HeatTransfer/Examples/HeatTransferDevices/HX_ShellTube_counter_discrete020_ex01/eff_vs_NTU_01.jpg: L:TimeSize<>; Conflict: File Modified on Both Sides
2026-02-03 06:34:34: /docs/HeatTransfer/Examples/HeatTransferDevices/HX_ShellTube_counter_discrete020_ex01/makeFigs.odg: L:TimeSize<>; Conflict: File Modified on Both Sides
2026-02-03 06:34:34: /docs/HeatTransfer/Examples/HeatTransferDevices/HX_ShellTube_counter_discrete020_ex01/postCalc.ods: L:TimeSize<>; Conflict: File Modified on Both Sides
2026-02-03 06:34:34: /docs/HeatTransfer/Examples/HeatTransferDevices/HX_ShellTube_counter_discrete020_ex01/relativeErr__parallel_vs_counter.jpg: L:TimeSize<>; Conflict: File Modified on Both Sides
2026-02-03 06:34:34: /docs/HeatTransfer/Examples/HeatTransferDevices/HX_ShellTube_counter_discrete020_ex01/relErrEff_vs_NTU.jpg: L:TimeSize<>; Conflict: File Modified on Both Sides
2026-02-03 06:34:34: /docs/HeatTransfer/Examples/HeatTransferDevices/HX_ShellTube_counter_discrete020_ex01/relErrEff_vs_NTU_01.jpg: L:TimeSize<>; Conflict: File Modified on Both Sides
2026-02-03 06:34:34: /docs/HeatTransfer/Examples/HeatTransferDevices/HX_ShellTube_parallel_discrete005_ex01/diagram00.jpg: L:TimeSize<>; Conflict: File Modified on Both Sides
2026-02-03 06:34:34: /docs/HeatTransfer/Examples/HeatTransferDevices/HX_ShellTube_parallel_discrete005_ex01/makeFigs.odg: L:TimeSize<>; Conflict: File Modified on Both Sides
2026-02-03 06:34:34: /docs/HeatTransfer/Examples/HeatTransferDevices/HX_ShellTube_parallel_discrete005_ex01/postCalc.ods: L:TimeSize<>; Conflict: File Modified on Both Sides
2026-02-03 06:34:34: /docs/HeatTransfer/Examples/HeatTransferDevices/HX_ShellTube_parallel_discrete010_ex01/diagram00.jpg: L:TimeSize<>; Conflict: File Modified on Both Sides
2026-02-03 06:34:34: /docs/HeatTransfer/Examples/HeatTransferDevices/HX_ShellTube_parallel_discrete010_ex01/diagram01.jpg: L:TimeSize<>; Conflict: File Modified on Both Sides
2026-02-03 06:34:34: /docs/HeatTransfer/Examples/HeatTransferDevices/HX_ShellTube_parallel_discrete010_ex01/eqn_effHX.mml: L:TimeSize<>; Conflict: File Modified on Both Sides
2026-02-03 06:34:34: /docs/HeatTransfer/Examples/HeatTransferDevices/HX_ShellTube_parallel_discrete010_ex01/eqn_effHX_byNTU.mml: L:TimeSize<>; Conflict: File Modified on Both Sides
2026-02-03 06:34:34: /docs/HeatTransfer/Examples/HeatTransferDevices/HX_ShellTube_parallel_discrete010_ex01/eqn_listOfVariables.mml: L:TimeSize<>; Conflict: File Modified on Both Sides
2026-02-03 06:34:34: /docs/HeatTransfer/Examples/HeatTransferDevices/HX_ShellTube_parallel_discrete010_ex01/makeEqns.odt: L:TimeSize<>; Conflict: File Modified on Both Sides
2026-02-03 06:34:34: /docs/HeatTransfer/Examples/HeatTransferDevices/HX_ShellTube_parallel_discrete010_ex01/makeFigs.odg: L:TimeSize<>; Conflict: File Modified on Both Sides
2026-02-03 06:34:34: /docs/HeatTransfer/Examples/HeatTransferDevices/HX_ShellTube_parallel_discrete010_ex01/postCalc.ods: L:TimeSize<>; Conflict: File Modified on Both Sides
2026-02-03 06:34:34: /docs/HeatTransfer/Examples/HeatTransferDevices/HX_ShellTube_parallel_discrete020_ex01/diagram00.jpg: L:TimeSize<>; Conflict: File Modified on Both Sides
2026-02-03 06:34:34: /docs/HeatTransfer/Examples/HeatTransferDevices/HX_ShellTube_parallel_discrete020_ex01/eff_vs_NTU.jpg: L:TimeSize<>; Conflict: File Modified on Both Sides
2026-02-03 06:34:34: /docs/HeatTransfer/Examples/HeatTransferDevices/HX_ShellTube_parallel_discrete020_ex01/eff_vs_NTU_01.jpg: L:TimeSize<>; Conflict: File Modified on Both Sides
2026-02-03 06:34:34: /docs/HeatTransfer/Examples/HeatTransferDevices/HX_ShellTube_parallel_discrete020_ex01/makeFigs.odg: L:TimeSize<>; Conflict: File Modified on Both Sides
2026-02-03 06:34:34: /docs/HeatTransfer/Examples/HeatTransferDevices/HX_ShellTube_parallel_discrete020_ex01/postCalc.ods: L:TimeSize<>; Conflict: File Modified on Both Sides
2026-02-03 06:34:34: /docs/HeatTransfer/Examples/HeatTransferDevices/HX_ShellTube_parallel_discrete020_ex01/relErrEff_vs_NTU.jpg: L:TimeSize<>; Conflict: File Modified on Both Sides
2026-02-03 06:34:34: /docs/HeatTransfer/Examples/HeatTransferDevices/HX_ShellTube_parallel_discrete020_ex01/relErrEff_vs_NTU_01.jpg: L:TimeSize<>; Conflict: File Modified on Both Sides
2026-02-03 06:34:34: /docs/HeatTransfer/HeatTransfer.html: L:TimeSize<>; Conflict: File Modified on Both Sides
2026-02-03 06:34:34: /docs/HydroThermal/Examples/Test/LiquidPowerGenerator00_01_HeatInjector.fluid_2.d.jpg: L:TimeSize<>; Conflict: File Modified on Both Sides
2026-02-03 06:34:34: /docs/HydroThermal/Examples/Test/LiquidPowerGenerator00_01_HeatInjector.fluid_2.T.jpg: L:TimeSize<>; Conflict: File Modified on Both Sides
2026-02-03 06:34:34: /docs/HydroThermal/Examples/Test/LiquidPowerGenerator00_01_modeldiagram.jpg: L:TimeSize<>; Conflict: File Modified on Both Sides
2026-02-03 06:34:34: /docs/HydroThermal/Examples/Test/LiquidPowerGenerator00_01_Motor.deltap_inv.jpg: L:TimeSize<>; Conflict: File Modified on Both Sides
2026-02-03 06:34:34: /docs/HydroThermal/Examples/Test/LiquidPowerGenerator00_01_Motor.deltap_inv_HeatInjector.fluid_2.T_degC.jpg: L:TimeSize<>; Conflict: File Modified on Both Sides
2026-02-03 06:34:34: /docs/HydroThermal/Examples/Test/LiquidPowerGenerator00_01_powers.jpg: L:TimeSize<>; Conflict: File Modified on Both Sides
2026-02-03 06:34:34: /docs/HydroThermal/Examples/Test/LiquidPowerGenerator00_01_sketch.jpg: L:TimeSize<>; Conflict: File Modified on Both Sides
2026-02-03 06:34:34: /docs/HydroThermal/HydroThermal.html: L:TimeSize<>; Conflict: File Modified on Both Sides
2026-02-03 06:34:34: /docs/InteractiveSimulation/Examples/AccumulateDigitalInputSignal00_ex01_00.jpg: L:TimeSize<>; Conflict: File Modified on Both Sides
2026-02-03 06:34:34: /docs/InteractiveSimulation/Examples/AccumulateDigitalInputSignal00_ex01_01.jpg: L:TimeSize<>; Conflict: File Modified on Both Sides
2026-02-03 06:34:34: /docs/InteractiveSimulation/Examples/AccumulateDigitalInputSignal00_ex01_02.jpg: L:TimeSize<>; Conflict: File Modified on Both Sides
2026-02-03 06:34:34: /docs/InteractiveSimulation/Examples/AccumulateDigitalInputSignal00_ex01_03.jpg: L:TimeSize<>; Conflict: File Modified on Both Sides
2026-02-03 06:34:34: /docs/InteractiveSimulation/Examples/AccumulateDigitalInputSignal01_ex01_00.jpg: L:TimeSize<>; Conflict: File Modified on Both Sides
2026-02-03 06:34:34: /docs/InteractiveSimulation/Examples/AccumulateDigitalInputSignal01_ex01_01.jpg: L:TimeSize<>; Conflict: File Modified on Both Sides
2026-02-03 06:34:34: /docs/InteractiveSimulation/Examples/AccumulateDigitalInputSignal01_ex01_02.jpg: L:TimeSize<>; Conflict: File Modified on Both Sides
2026-02-03 06:34:34: /docs/InteractiveSimulation/Examples/AccumulateDigitalInputSignal01_ex01_03.jpg: L:TimeSize<>; Conflict: File Modified on Both Sides
2026-02-03 06:34:34: /docs/InteractiveSimulation/Examples/DispValAndColor01_ex01/diagram_00.jpg: L:TimeSize<>; Conflict: File Modified on Both Sides
2026-02-03 06:34:34: /docs/InteractiveSimulation/Examples/DispValAndColor01_ex01/figs.odg: L:TimeSize<>; Conflict: File Modified on Both Sides
2026-02-03 06:34:34: /docs/InteractiveSimulation/Examples/DispValAndColor01_ex01/note.odt: L:TimeSize<>; Conflict: File Modified on Both Sides
2026-02-03 06:34:34: /docs/InteractiveSimulation/Examples/DispValAndColor01_ex01/u_sine.y.JPG: L:TimeSize<>; Conflict: File Modified on Both Sides
2026-02-03 06:34:34: /docs/InteractiveSimulation/Examples/DispValAndColor01_ex01/u_sine1.y.JPG: L:TimeSize<>; Conflict: File Modified on Both Sides
2026-02-03 06:34:34: /docs/InteractiveSimulation/Examples/DispValAndColor01_ex01/y_diagram_14.6s.JPG: L:TimeSize<>; Conflict: File Modified on Both Sides
2026-02-03 06:34:34: /docs/InteractiveSimulation/Examples/DispValAndColor01_ex01/y_diagram_4.8s.JPG: L:TimeSize<>; Conflict: File Modified on Both Sides
2026-02-03 06:34:34: /docs/InteractiveSimulation/Examples/DispValAndColor01_ex01/y_disp.vecRGB.JPG: L:TimeSize<>; Conflict: File Modified on Both Sides
2026-02-03 06:34:34: /docs/InteractiveSimulation/Examples/DispValAndColor01_ex01/y_disp1.vecRGB.JPG: L:TimeSize<>; Conflict: File Modified on Both Sides
2026-02-03 06:34:34: /docs/InteractiveSimulation/Output/DispValAndColor01/figs.odg: L:TimeSize<>; Conflict: File Modified on Both Sides
2026-02-03 06:34:34: /docs/InteractiveSimulation/Output/DispValAndColor01/Icon_00.JPG: L:TimeSize<>; Conflict: File Modified on Both Sides
2026-02-03 06:34:34: /docs/InteractiveSimulation/Output/DispValAndColor01/Icon_and_description_01.JPG: L:TimeSize<>; Conflict: File Modified on Both Sides
2026-02-03 06:34:34: /docs/InteractiveSimulation/Output/DispValAndColor01/Interfaces_00.JPG: L:TimeSize<>; Conflict: File Modified on Both Sides
2026-02-03 06:34:34: /docs/InteractiveSimulation/Output/DispValAndColor01/note.odt: L:TimeSize<>; Conflict: File Modified on Both Sides
2026-02-03 06:34:34: /docs/InteractiveSimulation/Output/DispValAndColor01/Parameters_00.JPG: L:TimeSize<>; Conflict: File Modified on Both Sides
2026-02-03 06:34:34: /docs/Media/Examples/Test/HydrogenCoolProp_test02/20250823_OpenCAE_CoolProp.odt: L:TimeSize<>; Conflict: File Modified on Both Sides
2026-02-03 06:34:34: /docs/MSLfluidWithVisualization/Fittings/Examples/SimpleGenericOrifice_ex01/diagram.JPG: L:TimeSize<>; Conflict: File Modified on Both Sides
2026-02-03 06:34:34: /docs/MSLfluidWithVisualization/Fittings/Examples/SimpleGenericOrifice_ex01/result_diagram_0s.JPG: L:TimeSize<>; Conflict: File Modified on Both Sides
2026-02-03 06:34:34: /docs/MSLfluidWithVisualization/Fittings/Examples/SimpleGenericOrifice_ex01/result_diagram_10s.JPG: L:TimeSize<>; Conflict: File Modified on Both Sides
2026-02-03 06:34:34: /docs/MSLfluidWithVisualization/Fittings/Examples/SimpleGenericOrifice_ex01/result_diagram_20s.JPG: L:TimeSize<>; Conflict: File Modified on Both Sides
2026-02-03 06:34:34: /docs/MSLfluidWithVisualization/Fittings/Examples/SimpleGenericOrifice_ex01/result_diagram_5s.JPG: L:TimeSize<>; Conflict: File Modified on Both Sides
2026-02-03 06:34:34: /docs/MSLfluidWithVisualization/Vessels/Examples/ClosedVolume_ex01/diagram.JPG: L:TimeSize<>; Conflict: File Modified on Both Sides
2026-02-03 06:34:34: /docs/MSLfluidWithVisualization/Vessels/Examples/ClosedVolume_ex01/result_diagram_0s.JPG: L:TimeSize<>; Conflict: File Modified on Both Sides
2026-02-03 06:34:34: /docs/MSLfluidWithVisualization/Vessels/Examples/ClosedVolume_ex01/result_diagram_15s.JPG: L:TimeSize<>; Conflict: File Modified on Both Sides
2026-02-03 06:34:34: /docs/MSLfluidWithVisualization/Vessels/Examples/ClosedVolume_ex01/result_diagram_18s.JPG: L:TimeSize<>; Conflict: File Modified on Both Sides
2026-02-03 06:34:34: /docs/MSLfluidWithVisualization/Vessels/Examples/ClosedVolume_ex01/result_diagram_20s.JPG: L:TimeSize<>; Conflict: File Modified on Both Sides
2026-02-03 06:34:34: /docs/MSLfluidWithVisualization/Vessels/Examples/OpenTank_ex01/diagram.JPG: L:TimeSize<>; Conflict: File Modified on Both Sides
2026-02-03 06:34:34: /docs/MSLfluidWithVisualization/Vessels/Examples/OpenTank_ex01/result_diagram_0s.JPG: L:TimeSize<>; Conflict: File Modified on Both Sides
2026-02-03 06:34:34: /docs/MSLfluidWithVisualization/Vessels/Examples/OpenTank_ex01/result_diagram_10s.JPG: L:TimeSize<>; Conflict: File Modified on Both Sides
2026-02-03 06:34:34: /docs/MSLfluidWithVisualization/Vessels/Examples/OpenTank_ex01/result_diagram_2s.JPG: L:TimeSize<>; Conflict: File Modified on Both Sides
2026-02-03 06:34:34: /docs/MSLfluidWithVisualization/Vessels/Examples/OpenTank_ex01/result_diagram_5s.JPG: L:TimeSize<>; Conflict: File Modified on Both Sides
2026-02-03 06:34:34: /docs/Visualizers/Examples/FluidNW_ex01_Vis_ex01/FluidNW_ex01_Vis_ex01_diagram.bmp: L:TimeSize<>; Conflict: File Modified on Both Sides
2026-02-03 06:34:34: /docs/Visualizers/Examples/FluidNW_ex01_Vis_ex01/y_VisDiagram_t=0.JPG: L:TimeSize<>; Conflict: File Modified on Both Sides
2026-02-03 06:34:34: /docs/Visualizers/Examples/FluidNW_ex01_Vis_ex01/y_VisDiagram_t=24.8.JPG: L:TimeSize<>; Conflict: File Modified on Both Sides
2026-02-03 06:34:34: /docs/Visualizers/Examples/FluidNW_ex01_Vis_ex01/y_VisDiagram_t=31.4.JPG: L:TimeSize<>; Conflict: File Modified on Both Sides
2026-02-03 06:34:34: /docs/Visualizers/Examples/FluidNW_ex01_Vis_ex01/y_VisDiagram_t=43.5.JPG: L:TimeSize<>; Conflict: File Modified on Both Sides
2026-02-03 06:34:34: /docs/図1.png: L:TimeSize<>; Conflict: File Modified on Both Sides
2026-02-03 06:34:34: /figs/FluidSystemComponents01.jpg: L:TimeSize<>; Conflict: File Modified on Both Sides
2026-02-03 06:34:34: /figs/hs_diagram_ConstPressureHeatAdd.jpg: L:TimeSize<>; Conflict: File Modified on Both Sides
2026-02-03 06:34:34: /figs/hs_diagram_ConstPressureHeatReject.jpg: L:TimeSize<>; Conflict: File Modified on Both Sides
2026-02-03 06:34:34: /figs/hs_diagram_ConstVolHeatAdd.jpg: L:TimeSize<>; Conflict: File Modified on Both Sides
2026-02-03 06:34:34: /figs/hs_diagram_ConstVolHeatReject.jpg: L:TimeSize<>; Conflict: File Modified on Both Sides
2026-02-03 06:34:34: /figs/hs_diagram_isentropicCompression.jpg: L:TimeSize<>; Conflict: File Modified on Both Sides
2026-02-03 06:34:34: /figs/hs_diagram_isentropicExpansion.jpg: L:TimeSize<>; Conflict: File Modified on Both Sides
2026-02-03 06:34:34: /figs/LenoirCycleIdeal.jpg: L:TimeSize<>; Conflict: File Modified on Both Sides
2026-02-03 06:34:34: /figs/makeFig.pptx: L:TimeSize<>; Conflict: File Modified on Both Sides
2026-02-03 06:34:34: /HeatTransfer/BaseClasses/HeatInjectorBase00.mo: L:TimeSize<>; Conflict: File Modified on Both Sides
2026-02-03 06:34:34: /HeatTransfer/BaseClasses/HX_Base.bak-mo: L:TimeSize<>; Conflict: File Modified on Both Sides
2026-02-03 06:34:34: /HeatTransfer/BaseClasses/HX_Base_effHX.mo: L:TimeSize<>; Conflict: File Modified on Both Sides
2026-02-03 06:34:34: /HeatTransfer/BaseClasses/HX_solid2fluid_Base_effHX.mo: L:TimeSize<>; Conflict: File Modified on Both Sides
2026-02-03 06:34:34: /HeatTransfer/BaseClasses/package.mo: L:TimeSize<>; Conflict: File Modified on Both Sides
2026-02-03 06:34:34: /HeatTransfer/BaseClasses/package.order: L:TimeSize<>; Conflict: File Modified on Both Sides
2026-02-03 06:34:34: /HeatTransfer/Components/HeatInjector00.mo: L:TimeSize<>; Conflict: File Modified on Both Sides
2026-02-03 06:34:34: /HeatTransfer/Components/HX_CounterFlow_NTU00.mo: L:TimeSize<>; Conflict: File Modified on Both Sides
2026-02-03 06:34:34: /HeatTransfer/Components/HX_CrossFlow_BothUnmixed_NTU00.mo: L:TimeSize<>; Conflict: File Modified on Both Sides
2026-02-03 06:34:34: /HeatTransfer/Components/HX_modulatedEff00.mo: L:TimeSize<>; Conflict: File Modified on Both Sides
2026-02-03 06:34:34: /HeatTransfer/Components/HX_modulatedEff_type00.bak-mo: L:TimeSize<>; Conflict: File Modified on Both Sides
2026-02-03 06:34:34: /HeatTransfer/Components/HX_ParallelFlow_NTU00.mo: L:TimeSize<>; Conflict: File Modified on Both Sides
2026-02-03 06:34:34: /HeatTransfer/Components/HX_ShellTube_NTU00.mo: L:TimeSize<>; Conflict: File Modified on Both Sides
2026-02-03 06:34:34: /HeatTransfer/Components/HX_ShellTube_NTU_type00.bak-mo: L:TimeSize<>; Conflict: File Modified on Both Sides
2026-02-03 06:34:34: /HeatTransfer/Components/HX_solid2fluid_modulatedEff00.mo: L:TimeSize<>; Conflict: File Modified on Both Sides
2026-02-03 06:34:34: /HeatTransfer/Components/package.bak-mo: L:TimeSize<>; Conflict: File Modified on Both Sides
2026-02-03 06:34:34: /HeatTransfer/Components/package.mo: L:TimeSize<>; Conflict: File Modified on Both Sides
2026-02-03 06:34:34: /HeatTransfer/Components/package.order: L:TimeSize<>; Conflict: File Modified on Both Sides
2026-02-03 06:34:34: /HeatTransfer/Components/SubComponents/calcNTU.mo: L:TimeSize<>; Conflict: File Modified on Both Sides
2026-02-03 06:34:34: /HeatTransfer/Components/SubComponents/effHX_NTU_Counter.mo: L:TimeSize<>; Conflict: File Modified on Both Sides
2026-02-03 06:34:34: /HeatTransfer/Components/SubComponents/effHX_NTU_Cross_BothUnmixed.mo: L:TimeSize<>; Conflict: File Modified on Both Sides
2026-02-03 06:34:34: /HeatTransfer/Components/SubComponents/effHX_NTU_dmCpMaxMixed.mo: L:TimeSize<>; Conflict: File Modified on Both Sides
2026-02-03 06:34:34: /HeatTransfer/Components/SubComponents/effHX_NTU_dmCpMinMixed.mo: L:TimeSize<>; Conflict: File Modified on Both Sides
2026-02-03 06:34:34: /HeatTransfer/Components/SubComponents/effHX_NTU_Parallel.mo: L:TimeSize<>; Conflict: File Modified on Both Sides
2026-02-03 06:34:34: /HeatTransfer/Components/SubComponents/effHX_NTU_ShellTube_1Shell.mo: L:TimeSize<>; Conflict: File Modified on Both Sides
2026-02-03 06:34:34: /HeatTransfer/Components/SubComponents/effHX_NTU_ShellTube_nShell.mo: L:TimeSize<>; Conflict: File Modified on Both Sides
2026-02-03 06:34:34: /HeatTransfer/Components/SubComponents/Examples/package.mo: L:TimeSize<>; Conflict: File Modified on Both Sides
2026-02-03 06:34:34: /HeatTransfer/Components/SubComponents/Examples/package.order: L:TimeSize<>; Conflict: File Modified on Both Sides
2026-02-03 06:34:34: /HeatTransfer/Components/SubComponents/Examples/Test/effHX_NTU_Counter_test01.mo: L:TimeSize<>; Conflict: File Modified on Both Sides
2026-02-03 06:34:34: /HeatTransfer/Components/SubComponents/Examples/Test/effHX_NTU_Cross_BothUnmixed_test01.mo: L:TimeSize<>; Conflict: File Modified on Both Sides
2026-02-03 06:34:34: /HeatTransfer/Components/SubComponents/Examples/Test/effHX_NTU_Cross_dmCpMaxMixed_test01.mo: L:TimeSize<>; Conflict: File Modified on Both Sides
2026-02-03 06:34:34: /HeatTransfer/Components/SubComponents/Examples/Test/effHX_NTU_Cross_dmCpMinMixed_test01.mo: L:TimeSize<>; Conflict: File Modified on Both Sides
2026-02-03 06:34:34: /HeatTransfer/Components/SubComponents/Examples/Test/effHX_NTU_Parallel.bak-mo: L:TimeSize<>; Conflict: File Modified on Both Sides
2026-02-03 06:34:34: /HeatTransfer/Components/SubComponents/Examples/Test/effHX_NTU_Parallel_test01.mo: L:TimeSize<>; Conflict: File Modified on Both Sides
2026-02-03 06:34:34: /HeatTransfer/Components/SubComponents/Examples/Test/effHX_NTU_ShellTube_1Shell_test01.mo: L:TimeSize<>; Conflict: File Modified on Both Sides
2026-02-03 06:34:34: /HeatTransfer/Components/SubComponents/Examples/Test/effHX_NTU_ShellTube_nShell_test01.mo: L:TimeSize<>; Conflict: File Modified on Both Sides
2026-02-03 06:34:34: /HeatTransfer/Components/SubComponents/Examples/Test/package.mo: L:TimeSize<>; Conflict: File Modified on Both Sides
2026-02-03 06:34:34: /HeatTransfer/Components/SubComponents/Examples/Test/package.order: L:TimeSize<>; Conflict: File Modified on Both Sides
2026-02-03 06:34:34: /HeatTransfer/Components/SubComponents/package.mo: L:TimeSize<>; Conflict: File Modified on Both Sides
2026-02-03 06:34:34: /HeatTransfer/Components/SubComponents/package.order: L:TimeSize<>; Conflict: File Modified on Both Sides
2026-02-03 06:34:34: /HeatTransfer/Examples/HeatTransferDevices/HX_Counter_NTU00_ex01.mo: L:TimeSize<>; Conflict: File Modified on Both Sides
2026-02-03 06:34:34: /HeatTransfer/Examples/HeatTransferDevices/HX_Counter_NTU00_ex02.mo: L:TimeSize<>; Conflict: File Modified on Both Sides
2026-02-03 06:34:34: /HeatTransfer/Examples/HeatTransferDevices/HX_Cross_BothUnmixed_NTU00_ex01.mo: L:TimeSize<>; Conflict: File Modified on Both Sides
2026-02-03 06:34:34: /HeatTransfer/Examples/HeatTransferDevices/HX_Cross_BothUnmixed_NTU00_ex02.mo: L:TimeSize<>; Conflict: File Modified on Both Sides
2026-02-03 06:34:34: /HeatTransfer/Examples/HeatTransferDevices/HX_modulatedEff00_ex01.mo: L:TimeSize<>; Conflict: File Modified on Both Sides
2026-02-03 06:34:34: /HeatTransfer/Examples/HeatTransferDevices/HX_Parallel_NTU00_ex01.mo: L:TimeSize<>; Conflict: File Modified on Both Sides
2026-02-03 06:34:34: /HeatTransfer/Examples/HeatTransferDevices/HX_ShellTube_counter_discrete005_ex01.mo: L:TimeSize<>; Conflict: File Modified on Both Sides
2026-02-03 06:34:34: /HeatTransfer/Examples/HeatTransferDevices/HX_ShellTube_counter_discrete010_ex01.mo: L:TimeSize<>; Conflict: File Modified on Both Sides
2026-02-03 06:34:34: /HeatTransfer/Examples/HeatTransferDevices/HX_ShellTube_counter_discrete020_ex01.mo: L:TimeSize<>; Conflict: File Modified on Both Sides
2026-02-03 06:34:34: /HeatTransfer/Examples/HeatTransferDevices/HX_ShellTube_NTU00_ex01.mo: L:TimeSize<>; Conflict: File Modified on Both Sides
2026-02-03 06:34:34: /HeatTransfer/Examples/HeatTransferDevices/HX_ShellTube_parallel_discrete005_ex01.mo: L:TimeSize<>; Conflict: File Modified on Both Sides
2026-02-03 06:34:34: /HeatTransfer/Examples/HeatTransferDevices/HX_ShellTube_parallel_discrete010_ex01.mo: L:TimeSize<>; Conflict: File Modified on Both Sides
2026-02-03 06:34:34: /HeatTransfer/Examples/HeatTransferDevices/HX_ShellTube_parallel_discrete020_ex01.mo: L:TimeSize<>; Conflict: File Modified on Both Sides
2026-02-03 06:34:34: /HeatTransfer/Examples/HeatTransferDevices/HX_solid2fluid_modulatedEfff00_ex01.mo: L:TimeSize<>; Conflict: File Modified on Both Sides
2026-02-03 06:34:34: /HeatTransfer/Examples/HeatTransferDevices/package.mo: L:TimeSize<>; Conflict: File Modified on Both Sides
2026-02-03 06:34:34: /HeatTransfer/Examples/HeatTransferDevices/package.order: L:TimeSize<>; Conflict: File Modified on Both Sides
2026-02-03 06:34:34: /HeatTransfer/Examples/HX_modulatedEff00_test01.bak-mo: L:TimeSize<>; Conflict: File Modified on Both Sides
2026-02-03 06:34:34: /HeatTransfer/Examples/package.mo: L:TimeSize<>; Conflict: File Modified on Both Sides
2026-02-03 06:34:34: /HeatTransfer/Examples/package.order: L:TimeSize<>; Conflict: File Modified on Both Sides
2026-02-03 06:34:34: /HeatTransfer/Examples/test/HX_modulatedEff00_test01.mo: L:TimeSize<>; Conflict: File Modified on Both Sides
2026-02-03 06:34:34: /HeatTransfer/Examples/test/HX_modulatedEff00_test02.mo: L:TimeSize<>; Conflict: File Modified on Both Sides
2026-02-03 06:34:34: /HeatTransfer/Examples/test/HX_modulatedEff00_test03.mo: L:TimeSize<>; Conflict: File Modified on Both Sides
2026-02-03 06:34:34: /HeatTransfer/Examples/test/HX_modulatedEff00_test04.mo: L:TimeSize<>; Conflict: File Modified on Both Sides
2026-02-03 06:34:34: /HeatTransfer/Examples/test/HX_ShellTube_detail_ex01.mo: L:TimeSize<>; Conflict: File Modified on Both Sides
2026-02-03 06:34:34: /HeatTransfer/Examples/test/HX_ShellTube_NTU00_test01.mo: L:TimeSize<>; Conflict: File Modified on Both Sides
2026-02-03 06:34:34: /HeatTransfer/Examples/test/package.mo: L:TimeSize<>; Conflict: File Modified on Both Sides
2026-02-03 06:34:34: /HeatTransfer/Examples/test/package.order: L:TimeSize<>; Conflict: File Modified on Both Sides
2026-02-03 06:34:34: /HeatTransfer/package.mo: L:TimeSize<>; Conflict: File Modified on Both Sides
2026-02-03 06:34:34: /HeatTransfer/package.order: L:TimeSize<>; Conflict: File Modified on Both Sides
2026-02-03 06:34:34: /HydroThermal/BaseClasses/package.mo: L:TimeSize<>; Conflict: File Modified on Both Sides
2026-02-03 06:34:34: /HydroThermal/BaseClasses/package.order: L:TimeSize<>; Conflict: File Modified on Both Sides
2026-02-03 06:34:34: /HydroThermal/BaseClasses/package.order~: L:TimeSize<>; Conflict: File Modified on Both Sides
2026-02-03 06:34:34: /HydroThermal/BaseClasses/Pump_Base.mo: L:TimeSize<>; Conflict: File Modified on Both Sides
2026-02-03 06:34:34: /HydroThermal/BaseClasses/PumpMotorFixedDispBase00.mo: L:TimeSize<>; Conflict: File Modified on Both Sides
2026-02-03 06:34:34: /HydroThermal/BaseClasses/Valve_Base.mo: L:TimeSize<>; Conflict: File Modified on Both Sides
2026-02-03 06:34:34: /HydroThermal/Components/CheckValveSpringLoad_Linear.mo: L:TimeSize<>; Conflict: File Modified on Both Sides
2026-02-03 06:34:34: /HydroThermal/Components/DirValve_4ports3positions.mo: L:TimeSize<>; Conflict: File Modified on Both Sides
2026-02-03 06:34:34: /HydroThermal/Components/package.mo: L:TimeSize<>; Conflict: File Modified on Both Sides
2026-02-03 06:34:34: /HydroThermal/Components/package.order: L:TimeSize<>; Conflict: File Modified on Both Sides
2026-02-03 06:34:34: /HydroThermal/Components/pistonCylinder.mo: L:TimeSize<>; Conflict: File Modified on Both Sides
2026-02-03 06:34:34: /HydroThermal/Components/PumpConstQflow_ideal.mo: L:TimeSize<>; Conflict: File Modified on Both Sides
2026-02-03 06:34:34: /HydroThermal/Components/PumpMotorFixedDispCharFixed00.mo: L:TimeSize<>; Conflict: File Modified on Both Sides
2026-02-03 06:34:34: /HydroThermal/Examples/Components/package.bak-mo: L:TimeSize<>; Conflict: File Modified on Both Sides
2026-02-03 06:34:34: /HydroThermal/Examples/Components/package.order: L:TimeSize<>; Conflict: File Modified on Both Sides
2026-02-03 06:34:34: /HydroThermal/Examples/ComponentUsage/checkValve001_ex01.mo: L:TimeSize<>; Conflict: File Modified on Both Sides
2026-02-03 06:34:34: /HydroThermal/Examples/ComponentUsage/package.mo: L:TimeSize<>; Conflict: File Modified on Both Sides
2026-02-03 06:34:34: /HydroThermal/Examples/ComponentUsage/package.order: L:TimeSize<>; Conflict: File Modified on Both Sides
2026-02-03 06:34:34: /HydroThermal/Examples/ComponentUsage/PumpMotorFixedDispCharFixed00_01.mo: L:TimeSize<>; Conflict: File Modified on Both Sides
2026-02-03 06:34:34: /HydroThermal/Examples/ComponentUsage/PumpMotorFixedDispCharFixed00_02.mo: L:TimeSize<>; Conflict: File Modified on Both Sides
2026-02-03 06:34:34: /HydroThermal/Examples/flowSupplyNetwork001.bak-mo: L:TimeSize<>; Conflict: File Modified on Both Sides
2026-02-03 06:34:34: /HydroThermal/Examples/flowSupplyNetwork002.bak-mo: L:TimeSize<>; Conflict: File Modified on Both Sides
2026-02-03 06:34:34: /HydroThermal/Examples/flowSupplyNetwork003.bak-mo: L:TimeSize<>; Conflict: File Modified on Both Sides
2026-02-03 06:34:34: /HydroThermal/Examples/fluidSupplySystem001.bak-mo: L:TimeSize<>; Conflict: File Modified on Both Sides
2026-02-03 06:34:34: /HydroThermal/Examples/fluidSupplySystem002.bak-mo: L:TimeSize<>; Conflict: File Modified on Both Sides
2026-02-03 06:34:34: /HydroThermal/Examples/package.mo: L:TimeSize<>; Conflict: File Modified on Both Sides
2026-02-03 06:34:34: /HydroThermal/Examples/package.order: L:TimeSize<>; Conflict: File Modified on Both Sides
2026-02-03 06:34:34: /HydroThermal/Examples/pistonActuator001.bak-mo: L:TimeSize<>; Conflict: File Modified on Both Sides
2026-02-03 06:34:34: /HydroThermal/Examples/Temp/ConstrainVariableUntilTimer_ex01.mo: L:TimeSize<>; Conflict: File Modified on Both Sides
2026-02-03 06:34:34: /HydroThermal/Examples/Temp/flowSupplyNetwork001.mo: L:TimeSize<>; Conflict: File Modified on Both Sides
2026-02-03 06:34:34: /HydroThermal/Examples/Temp/flowSupplyNetwork002.mo: L:TimeSize<>; Conflict: File Modified on Both Sides
2026-02-03 06:34:34: /HydroThermal/Examples/Temp/flowSupplyNetwork003.mo: L:TimeSize<>; Conflict: File Modified on Both Sides
2026-02-03 06:34:34: /HydroThermal/Examples/Temp/fluidSupplySystem001.bak-mo: L:TimeSize<>; Conflict: File Modified on Both Sides
2026-02-03 06:34:34: /HydroThermal/Examples/Temp/fluidSupplySystem002.bak-mo: L:TimeSize<>; Conflict: File Modified on Both Sides
2026-02-03 06:34:34: /HydroThermal/Examples/Temp/package.mo: L:TimeSize<>; Conflict: File Modified on Both Sides
2026-02-03 06:34:34: /HydroThermal/Examples/Temp/package.order: L:TimeSize<>; Conflict: File Modified on Both Sides
2026-02-03 06:34:34: /HydroThermal/Examples/Temp/pistonActuator001.mo: L:TimeSize<>; Conflict: File Modified on Both Sides
2026-02-03 06:34:34: /HydroThermal/Examples/Temp/test_checkValve001.mo: L:TimeSize<>; Conflict: File Modified on Both Sides
2026-02-03 06:34:34: /HydroThermal/Examples/Temp/test_DirValve_4ports3positions001.mo: L:TimeSize<>; Conflict: File Modified on Both Sides
2026-02-03 06:34:34: /HydroThermal/Examples/Temp/test_DirValve_4ports3positions002.mo: L:TimeSize<>; Conflict: File Modified on Both Sides
2026-02-03 06:34:34: /HydroThermal/Examples/Temp/test_hydroCylinder001.mo: L:TimeSize<>; Conflict: File Modified on Both Sides
2026-02-03 06:34:34: /HydroThermal/Examples/Temp/test_hydroCylinder002.mo: L:TimeSize<>; Conflict: File Modified on Both Sides
2026-02-03 06:34:34: /HydroThermal/Examples/Temp/test_hydroCylinder003.mo: L:TimeSize<>; Conflict: File Modified on Both Sides
2026-02-03 06:34:34: /HydroThermal/Examples/Temp/test_pump001.mo: L:TimeSize<>; Conflict: File Modified on Both Sides
2026-02-03 06:34:34: /HydroThermal/Examples/Test/liquidPowerGenerator00_01.bak-mo: L:TimeSize<>; Conflict: File Modified on Both Sides
2026-02-03 06:34:34: /HydroThermal/Examples/Test/liquidPowerGenerator00_01.mo: L:TimeSize<>; Conflict: File Modified on Both Sides
2026-02-03 06:34:34: /HydroThermal/Examples/Test/LiquidPowerGenerator00_02.mo: L:TimeSize<>; Conflict: File Modified on Both Sides
2026-02-03 06:34:34: /HydroThermal/Examples/Test/package.mo: L:TimeSize<>; Conflict: File Modified on Both Sides
2026-02-03 06:34:34: /HydroThermal/Examples/Test/package.order: L:TimeSize<>; Conflict: File Modified on Both Sides
2026-02-03 06:34:34: /HydroThermal/Examples/Test/PumpMotorFixedDispCharFixed00_00.bak-mo: L:TimeSize<>; Conflict: File Modified on Both Sides
2026-02-03 06:34:34: /HydroThermal/Examples/Test/PumpMotorFixedDispCharFixed00_01.bak-mo: L:TimeSize<>; Conflict: File Modified on Both Sides
2026-02-03 06:34:34: /HydroThermal/Examples/Test/PumpMotorFixedDispCharFixed00_02.bak-mo: L:TimeSize<>; Conflict: File Modified on Both Sides
2026-02-03 06:34:34: /HydroThermal/Examples/Test/PumpMotorFixedDispCharFixed00_03.bak-mo: L:TimeSize<>; Conflict: File Modified on Both Sides
2026-02-03 06:34:34: /HydroThermal/Examples/Test/R134vaporCondenser_001.mo: L:TimeSize<>; Conflict: File Modified on Both Sides
2026-02-03 06:34:34: /HydroThermal/Examples/Test/R134vaporCondenser_001_.bak-mo: L:TimeSize<>; Conflict: File Modified on Both Sides
2026-02-03 06:34:34: /HydroThermal/Examples/Test/R134vaporCondenser_002.mo: L:TimeSize<>; Conflict: File Modified on Both Sides
2026-02-03 06:34:34: /HydroThermal/Examples/Test/R134vaporCondenser_ex01.bak-mo: L:TimeSize<>; Conflict: File Modified on Both Sides
2026-02-03 06:34:34: /HydroThermal/Examples/Test/R134vaporGenerator_001.mo: L:TimeSize<>; Conflict: File Modified on Both Sides
2026-02-03 06:34:34: /HydroThermal/Examples/Test/SteamCondenser_001.bak-mo: L:TimeSize<>; Conflict: File Modified on Both Sides
2026-02-03 06:34:34: /HydroThermal/Examples/Test/SteamCondenser_002.bak-mo: L:TimeSize<>; Conflict: File Modified on Both Sides
2026-02-03 06:34:34: /HydroThermal/Examples/Test/SteamGenerator_001.bak-mo: L:TimeSize<>; Conflict: File Modified on Both Sides
2026-02-03 06:34:34: /HydroThermal/Examples/Test/SteamGenerator_002.bak-mo: L:TimeSize<>; Conflict: File Modified on Both Sides
2026-02-03 06:34:34: /HydroThermal/Examples/Test/temp.txt: L:TimeSize<>; Conflict: File Modified on Both Sides
2026-02-03 06:34:34: /HydroThermal/Examples/test.bak-mo: L:TimeSize<>; Conflict: File Modified on Both Sides
2026-02-03 06:34:34: /HydroThermal/Examples/test_CheckValve001.bak-mo: L:TimeSize<>; Conflict: File Modified on Both Sides
2026-02-03 06:34:34: /HydroThermal/Examples/test_checkValve001.mo: L:TimeSize<>; Conflict: File Modified on Both Sides
2026-02-03 06:34:34: /HydroThermal/Examples/test_DirValve_4ports3positions001.bak-mo: L:TimeSize<>; Conflict: File Modified on Both Sides
2026-02-03 06:34:34: /HydroThermal/Examples/test_DirValve_4ports3positions002.bak-mo: L:TimeSize<>; Conflict: File Modified on Both Sides
2026-02-03 06:34:34: /HydroThermal/Examples/test_hydroCylinder001.bak-mo: L:TimeSize<>; Conflict: File Modified on Both Sides
2026-02-03 06:34:34: /HydroThermal/Examples/test_hydroCylinder002.bak-mo: L:TimeSize<>; Conflict: File Modified on Both Sides
2026-02-03 06:34:34: /HydroThermal/Examples/test_hydroCylinder003.bak-mo: L:TimeSize<>; Conflict: File Modified on Both Sides
2026-02-03 06:34:34: /HydroThermal/Examples/test_hydroCylinder004.bak-mo: L:TimeSize<>; Conflict: File Modified on Both Sides
2026-02-03 06:34:34: /HydroThermal/Examples/test_hydroCylinder004.mo: L:TimeSize<>; Conflict: File Modified on Both Sides
2026-02-03 06:34:34: /HydroThermal/Examples/test_hydroCylinder005.bak-mo: L:TimeSize<>; Conflict: File Modified on Both Sides
2026-02-03 06:34:34: /HydroThermal/Examples/test_pump001.bak-mo: L:TimeSize<>; Conflict: File Modified on Both Sides
2026-02-03 06:34:34: /HydroThermal/Examples/Tutorial/ConstrainVariableUntilTimer_ex01.bak-mo: L:TimeSize<>; Conflict: File Modified on Both Sides
2026-02-03 06:34:34: /HydroThermal/Examples/Tutorial/fluidSupplySystem001.mo: L:TimeSize<>; Conflict: File Modified on Both Sides
2026-02-03 06:34:34: /HydroThermal/Examples/Tutorial/fluidSupplySystem002.mo: L:TimeSize<>; Conflict: File Modified on Both Sides
2026-02-03 06:34:34: /HydroThermal/Examples/Tutorial/package.mo: L:TimeSize<>; Conflict: File Modified on Both Sides
2026-02-03 06:34:34: /HydroThermal/Examples/Tutorial/package.order: L:TimeSize<>; Conflict: File Modified on Both Sides
2026-02-03 06:34:34: /HydroThermal/Examples/Tutorial/SteamCondenser_001.mo: L:TimeSize<>; Conflict: File Modified on Both Sides
2026-02-03 06:34:34: /HydroThermal/Examples/Tutorial/SteamCondenser_002.mo: L:TimeSize<>; Conflict: File Modified on Both Sides
2026-02-03 06:34:34: /HydroThermal/Examples/Tutorial/SteamGenerator_001.mo: L:TimeSize<>; Conflict: File Modified on Both Sides
2026-02-03 06:34:34: /HydroThermal/Examples/Tutorial/SteamGenerator_002.mo: L:TimeSize<>; Conflict: File Modified on Both Sides
2026-02-03 06:34:34: /HydroThermal/Examples/Tutorial/test_hydroCylinder004.mo: L:TimeSize<>; Conflict: File Modified on Both Sides
2026-02-03 06:34:34: /HydroThermal/Examples/Tutorial.bak-mo: L:TimeSize<>; Conflict: File Modified on Both Sides
2026-02-03 06:34:34: /HydroThermal/package.mo: L:TimeSize<>; Conflict: File Modified on Both Sides
2026-02-03 06:34:34: /HydroThermal/package.order: L:TimeSize<>; Conflict: File Modified on Both Sides
2026-02-03 06:34:34: /index.html: L:TimeSize<>; Conflict: File Modified on Both Sides
2026-02-03 06:34:34: /InteractiveSimulation/Examples/AccumulateDigitalInputSignal00_ex01.mo: L:TimeSize<>; Conflict: File Modified on Both Sides
2026-02-03 06:34:34: /InteractiveSimulation/Examples/AccumulateDigitalInputSignal01_ex01.mo: L:TimeSize<>; Conflict: File Modified on Both Sides
2026-02-03 06:34:34: /InteractiveSimulation/Examples/C_CmdHelloWorld_ex01.mo: L:TimeSize<>; Conflict: File Modified on Both Sides
2026-02-03 06:34:34: /InteractiveSimulation/Examples/C_printReal00_ex01.mo: L:TimeSize<>; Conflict: File Modified on Both Sides
2026-02-03 06:34:34: /InteractiveSimulation/Examples/C_printReal01_ex01.mo: L:TimeSize<>; Conflict: File Modified on Both Sides
2026-02-03 06:34:34: /InteractiveSimulation/Examples/C_printStr00_ex01.mo: L:TimeSize<>; Conflict: File Modified on Both Sides
2026-02-03 06:34:34: /InteractiveSimulation/Examples/C_printStr01_ex01.mo: L:TimeSize<>; Conflict: File Modified on Both Sides
2026-02-03 06:34:34: /InteractiveSimulation/Examples/C_printVariablesList00_ex01.mo: L:TimeSize<>; Conflict: File Modified on Both Sides
2026-02-03 06:34:34: /InteractiveSimulation/Examples/DispColorGrad00_ex01.mo: L:TimeSize<>; Conflict: File Modified on Both Sides
2026-02-03 06:34:34: /InteractiveSimulation/Examples/DisplayOnCommand00_ex01.mo: L:TimeSize<>; Conflict: File Modified on Both Sides
2026-02-03 06:34:34: /InteractiveSimulation/Examples/DispValAndColor00_ex01.mo: L:TimeSize<>; Conflict: File Modified on Both Sides
2026-02-03 06:34:34: /InteractiveSimulation/Examples/DispValAndColor01_ex01.mo: L:TimeSize<>; Conflict: File Modified on Both Sides
2026-02-03 06:34:34: /InteractiveSimulation/Examples/package.mo: L:TimeSize<>; Conflict: File Modified on Both Sides
2026-02-03 06:34:34: /InteractiveSimulation/Examples/package.order: L:TimeSize<>; Conflict: File Modified on Both Sides
2026-02-03 06:34:34: /InteractiveSimulation/Examples/PrintCSV_overwriting00_ex01.mo: L:TimeSize<>; Conflict: File Modified on Both Sides
2026-02-03 06:34:34: /InteractiveSimulation/Examples/System/getCPUclock_ex01.mo: L:TimeSize<>; Conflict: File Modified on Both Sides
2026-02-03 06:34:34: /InteractiveSimulation/Examples/System/package.mo: L:TimeSize<>; Conflict: File Modified on Both Sides
2026-02-03 06:34:34: /InteractiveSimulation/Examples/System/package.order: L:TimeSize<>; Conflict: File Modified on Both Sides
2026-02-03 06:34:34: /InteractiveSimulation/Examples/System/terminateByCPUtimer_ex01.mo: L:TimeSize<>; Conflict: File Modified on Both Sides
2026-02-03 06:34:34: /InteractiveSimulation/Examples/System/terminateWhenTriggered_ex01.mo: L:TimeSize<>; Conflict: File Modified on Both Sides
2026-02-03 06:34:34: /InteractiveSimulation/Examples/Temp/package.mo: L:TimeSize<>; Conflict: File Modified on Both Sides
2026-02-03 06:34:34: /InteractiveSimulation/Examples/Temp/package.order: L:TimeSize<>; Conflict: File Modified on Both Sides
2026-02-03 06:34:34: /InteractiveSimulation/Examples/Temp/print_external_test01.mo: L:TimeSize<>; Conflict: File Modified on Both Sides
2026-02-03 06:34:34: /InteractiveSimulation/Examples/Temp/print_external_text02.mo: L:TimeSize<>; Conflict: File Modified on Both Sides
2026-02-03 06:34:34: /InteractiveSimulation/Examples/Temp/PrintCmdCallingC_ex01.bak-mo: L:TimeSize<>; Conflict: File Modified on Both Sides
2026-02-03 06:34:34: /InteractiveSimulation/Examples/Temp/PrintCSV_overwriting00_ex01.bak-mo: L:TimeSize<>; Conflict: File Modified on Both Sides
2026-02-03 06:34:34: /InteractiveSimulation/Examples/Temp/temp.mo: L:TimeSize<>; Conflict: File Modified on Both Sides
2026-02-03 06:34:34: /InteractiveSimulation/Examples/Temp/temp_001.mo: L:TimeSize<>; Conflict: File Modified on Both Sides
2026-02-03 06:34:34: /InteractiveSimulation/Input/AccumulateDigitalInputSignal00.mo: L:TimeSize<>; Conflict: File Modified on Both Sides
2026-02-03 06:34:34: /InteractiveSimulation/Input/AccumulateDigitalInputSignal01.mo: L:TimeSize<>; Conflict: File Modified on Both Sides
2026-02-03 06:34:34: /InteractiveSimulation/Input/AccumulateInputSignal.bak-mo: L:TimeSize<>; Conflict: File Modified on Both Sides
2026-02-03 06:34:34: /InteractiveSimulation/Input/AccumulateInputSignal00.bak-mo: L:TimeSize<>; Conflict: File Modified on Both Sides
2026-02-03 06:34:34: /InteractiveSimulation/Input/package.mo: L:TimeSize<>; Conflict: File Modified on Both Sides
2026-02-03 06:34:34: /InteractiveSimulation/Input/package.order: L:TimeSize<>; Conflict: File Modified on Both Sides
2026-02-03 06:34:34: /InteractiveSimulation/Output/data_test.csv: L:TimeSize<>; Conflict: File Modified on Both Sides
2026-02-03 06:34:34: /InteractiveSimulation/Output/data_test_bkup.csv: L:TimeSize<>; Conflict: File Modified on Both Sides
2026-02-03 06:34:34: /InteractiveSimulation/Output/DispColorGrad00.mo: L:TimeSize<>; Conflict: File Modified on Both Sides
2026-02-03 06:34:34: /InteractiveSimulation/Output/DisplayOnCommand00.mo: L:TimeSize<>; Conflict: File Modified on Both Sides
2026-02-03 06:34:34: /InteractiveSimulation/Output/DispValAndColor00.mo: L:TimeSize<>; Conflict: File Modified on Both Sides
2026-02-03 06:34:34: /InteractiveSimulation/Output/DispValAndColor01.mo: L:TimeSize<>; Conflict: File Modified on Both Sides
2026-02-03 06:34:34: /InteractiveSimulation/Output/Functions/C_printReal00.mo: L:TimeSize<>; Conflict: File Modified on Both Sides
2026-02-03 06:34:34: /InteractiveSimulation/Output/Functions/C_printReal01.mo: L:TimeSize<>; Conflict: File Modified on Both Sides
2026-02-03 06:34:34: /InteractiveSimulation/Output/Functions/C_printStr00.mo: L:TimeSize<>; Conflict: File Modified on Both Sides
2026-02-03 06:34:34: /InteractiveSimulation/Output/Functions/C_printStr01.mo: L:TimeSize<>; Conflict: File Modified on Both Sides
2026-02-03 06:34:34: /InteractiveSimulation/Output/Functions/C_printVariablesList00.mo: L:TimeSize<>; Conflict: File Modified on Both Sides
2026-02-03 06:34:34: /InteractiveSimulation/Output/Functions/call_C_printHelloWorld.mo: L:TimeSize<>; Conflict: File Modified on Both Sides
2026-02-03 06:34:34: /InteractiveSimulation/Output/Functions/package.mo: L:TimeSize<>; Conflict: File Modified on Both Sides
2026-02-03 06:34:34: /InteractiveSimulation/Output/Functions/package.order: L:TimeSize<>; Conflict: File Modified on Both Sides
2026-02-03 06:34:34: /InteractiveSimulation/Output/Functions/PrintCSV_overwrite00.bak-mo: L:TimeSize<>; Conflict: File Modified on Both Sides
2026-02-03 06:34:34: /InteractiveSimulation/Output/Functions/printHelloWorld.c: L:TimeSize<>; Conflict: File Modified on Both Sides
2026-02-03 06:34:34: /InteractiveSimulation/Output/Functions/printReal00.c: L:TimeSize<>; Conflict: File Modified on Both Sides
2026-02-03 06:34:34: /InteractiveSimulation/Output/Functions/printReal01.c: L:TimeSize<>; Conflict: File Modified on Both Sides
2026-02-03 06:34:34: /InteractiveSimulation/Output/Functions/printStr00.c: L:TimeSize<>; Conflict: File Modified on Both Sides
2026-02-03 06:34:34: /InteractiveSimulation/Output/Functions/printStr01.c: L:TimeSize<>; Conflict: File Modified on Both Sides
2026-02-03 06:34:34: /InteractiveSimulation/Output/Functions/PrintStringViaC.bak-mo: L:TimeSize<>; Conflict: File Modified on Both Sides
2026-02-03 06:34:34: /InteractiveSimulation/Output/Functions/printVariablesList00.c: L:TimeSize<>; Conflict: File Modified on Both Sides
2026-02-03 06:34:34: /InteractiveSimulation/Output/Functions/PrintViaC.bak-mo: L:TimeSize<>; Conflict: File Modified on Both Sides
2026-02-03 06:34:34: /InteractiveSimulation/Output/htmlConsole00.py: L:TimeSize<>; Conflict: File Modified on Both Sides
2026-02-03 06:34:34: /InteractiveSimulation/Output/htmlConsole00_data.csv: L:TimeSize<>; Conflict: File Modified on Both Sides
2026-02-03 06:34:34: /InteractiveSimulation/Output/package.mo: L:TimeSize<>; Conflict: File Modified on Both Sides
2026-02-03 06:34:34: /InteractiveSimulation/Output/package.order: L:TimeSize<>; Conflict: File Modified on Both Sides
2026-02-03 06:34:34: /InteractiveSimulation/Output/PrintCSV_overwriting00.mo: L:TimeSize<>; Conflict: File Modified on Both Sides
2026-02-03 06:34:34: /InteractiveSimulation/Output/prototype.js: L:TimeSize<>; Conflict: File Modified on Both Sides
2026-02-03 06:34:34: /InteractiveSimulation/Output/pyConsole00.py: L:TimeSize<>; Conflict: File Modified on Both Sides
2026-02-03 06:34:34: /InteractiveSimulation/Output/pyConsole00_data.csv: L:TimeSize<>; Conflict: File Modified on Both Sides
2026-02-03 06:34:34: /InteractiveSimulation/Output/pyConsole00_data_bkup.csv: L:TimeSize<>; Conflict: File Modified on Both Sides
2026-02-03 06:34:34: /InteractiveSimulation/Output/pyConsole01.py: L:TimeSize<>; Conflict: File Modified on Both Sides
2026-02-03 06:34:34: /InteractiveSimulation/package.mo: L:TimeSize<>; Conflict: File Modified on Both Sides
2026-02-03 06:34:34: /InteractiveSimulation/package.order: L:TimeSize<>; Conflict: File Modified on Both Sides
2026-02-03 06:34:34: /InteractiveSimulation/System/getCPUclock.mo: L:TimeSize<>; Conflict: File Modified on Both Sides
2026-02-03 06:34:34: /InteractiveSimulation/System/package.mo: L:TimeSize<>; Conflict: File Modified on Both Sides
2026-02-03 06:34:34: /InteractiveSimulation/System/package.order: L:TimeSize<>; Conflict: File Modified on Both Sides
2026-02-03 06:34:34: /InteractiveSimulation/System/terminateByCPUtimer.mo: L:TimeSize<>; Conflict: File Modified on Both Sides
2026-02-03 06:34:34: /InteractiveSimulation/System/terminateWhenTriggered.mo: L:TimeSize<>; Conflict: File Modified on Both Sides
2026-02-03 06:34:34: /Interfaces/Bus.mo: L:TimeSize<>; Conflict: File Modified on Both Sides
2026-02-03 06:34:34: /Interfaces/Bus_FluidStaticStates.mo: L:TimeSize<>; Conflict: File Modified on Both Sides
2026-02-03 06:34:34: /Interfaces/Examples/package.mo: L:TimeSize<>; Conflict: File Modified on Both Sides
2026-02-03 06:34:34: /Interfaces/Examples/package.order: L:TimeSize<>; Conflict: File Modified on Both Sides
2026-02-03 06:34:34: /Interfaces/Examples/portMn2FluidWithMach_ex01.mo: L:TimeSize<>; Conflict: File Modified on Both Sides
2026-02-03 06:34:34: /Interfaces/Examples/portMn2FluidWithMachInput_ex01.mo: L:TimeSize<>; Conflict: File Modified on Both Sides
2026-02-03 06:34:34: /Interfaces/FluidStaticPort.bak-mo: L:TimeSize<>; Conflict: File Modified on Both Sides
2026-02-03 06:34:34: /Interfaces/FluidStaticStateInput.mo: L:TimeSize<>; Conflict: File Modified on Both Sides
2026-02-03 06:34:34: /Interfaces/FluidStaticStateOutput.mo: L:TimeSize<>; Conflict: File Modified on Both Sides
2026-02-03 06:34:34: /Interfaces/FluidStaticStatePort.bak-mo: L:TimeSize<>; Conflict: File Modified on Both Sides
2026-02-03 06:34:34: /Interfaces/FluidWithMach2portMn.mo: L:TimeSize<>; Conflict: File Modified on Both Sides
2026-02-03 06:34:34: /Interfaces/FluidWithMach_a.mo: L:TimeSize<>; Conflict: File Modified on Both Sides
2026-02-03 06:34:34: /Interfaces/FluidWithMach_b.mo: L:TimeSize<>; Conflict: File Modified on Both Sides
2026-02-03 06:34:34: /Interfaces/FluidWithMachInput.mo: L:TimeSize<>; Conflict: File Modified on Both Sides
2026-02-03 06:34:34: /Interfaces/FluidWithMachOutput.mo: L:TimeSize<>; Conflict: File Modified on Both Sides
2026-02-03 06:34:34: /Interfaces/FluidWithMachOutput2portMn.mo: L:TimeSize<>; Conflict: File Modified on Both Sides
2026-02-03 06:34:34: /Interfaces/Frame_2FluidPorts.mo: L:TimeSize<>; Conflict: File Modified on Both Sides
2026-02-03 06:34:34: /Interfaces/Frame_2FluidPorts_1MechLin.mo: L:TimeSize<>; Conflict: File Modified on Both Sides
2026-02-03 06:34:34: /Interfaces/Frame_2FluidPorts_1Shaft.mo: L:TimeSize<>; Conflict: File Modified on Both Sides
2026-02-03 06:34:34: /Interfaces/Frame_4FluidPorts.mo: L:TimeSize<>; Conflict: File Modified on Both Sides
2026-02-03 06:34:34: /Interfaces/package.mo: L:TimeSize<>; Conflict: File Modified on Both Sides
2026-02-03 06:34:34: /Interfaces/package.order: L:TimeSize<>; Conflict: File Modified on Both Sides
2026-02-03 06:34:34: /Interfaces/portMn2FluidWithMach.mo: L:TimeSize<>; Conflict: File Modified on Both Sides
2026-02-03 06:34:34: /Interfaces/portMn2FluidWithMachInput.mo: L:TimeSize<>; Conflict: File Modified on Both Sides
2026-02-03 06:34:34: /Interfaces/RealInput.bak-mo: L:TimeSize<>; Conflict: File Modified on Both Sides
2026-02-03 06:34:34: /Interfaces/RealInput.mo: L:TimeSize<>; Conflict: File Modified on Both Sides
2026-02-03 06:34:34: /Interfaces/RealVectorInput.bak-mo: L:TimeSize<>; Conflict: File Modified on Both Sides
2026-02-03 06:34:34: /Interfaces/StaticMach2Total.mo: L:TimeSize<>; Conflict: File Modified on Both Sides
2026-02-03 06:34:34: /Interfaces/StringInput.bak-mo: L:TimeSize<>; Conflict: File Modified on Both Sides
2026-02-03 06:34:34: /Interfaces/StringInput.mo: L:TimeSize<>; Conflict: File Modified on Both Sides
2026-02-03 06:34:34: /Interfaces/StringOutput.mo: L:TimeSize<>; Conflict: File Modified on Both Sides
2026-02-03 06:34:34: /Interfaces/StringVectorInput.mo: L:TimeSize<>; Conflict: File Modified on Both Sides
2026-02-03 06:34:34: /Interfaces/StringVectorOutput.mo: L:TimeSize<>; Conflict: File Modified on Both Sides
2026-02-03 06:34:34: /LICENSE: L:TimeSize<>; Conflict: File Modified on Both Sides
2026-02-03 06:34:34: /link_index.url: L:TimeSize<>; Conflict: File Modified on Both Sides
2026-02-03 06:34:34: /Media/CoolProp/Hydrogen/package.mo: L:TimeSize<>; Conflict: File Modified on Both Sides
2026-02-03 06:34:34: /Media/CoolProp/Hydrogen/package.order: L:TimeSize<>; Conflict: File Modified on Both Sides
2026-02-03 06:34:34: /Media/CoolProp/package.mo: L:TimeSize<>; Conflict: File Modified on Both Sides
2026-02-03 06:34:34: /Media/CoolProp/package.order: L:TimeSize<>; Conflict: File Modified on Both Sides
2026-02-03 06:34:34: /Media/Examples/package.mo: L:TimeSize<>; Conflict: File Modified on Both Sides
2026-02-03 06:34:34: /Media/Examples/package.order: L:TimeSize<>; Conflict: File Modified on Both Sides
2026-02-03 06:34:34: /Media/Examples/Test/HydrogenCoolProp_test00.bak-mo: L:TimeSize<>; Conflict: File Modified on Both Sides
2026-02-03 06:34:34: /Media/Examples/Test/HydrogenCoolProp_test01.mo: L:TimeSize<>; Conflict: File Modified on Both Sides
2026-02-03 06:34:34: /Media/Examples/Test/HydrogenCoolProp_test02.mo: L:TimeSize<>; Conflict: File Modified on Both Sides
2026-02-03 06:34:34: /Media/Examples/Test/IdealConstAirNASAGlenn.bak-mo: L:TimeSize<>; Conflict: File Modified on Both Sides
2026-02-03 06:34:34: /Media/Examples/Test/IdealConstAirNASAGlenn_test01.mo: L:TimeSize<>; Conflict: File Modified on Both Sides
2026-02-03 06:34:34: /Media/Examples/Test/NozzleFlowEquation_IdealConstAir_ex01.mo: L:TimeSize<>; Conflict: File Modified on Both Sides
2026-02-03 06:34:34: /Media/Examples/Test/NozzleFlowEquation_IdealConstAir_NoVol_ex01.mo: L:TimeSize<>; Conflict: File Modified on Both Sides
2026-02-03 06:34:34: /Media/Examples/Test/package.mo: L:TimeSize<>; Conflict: File Modified on Both Sides
2026-02-03 06:34:34: /Media/Examples/Test/package.order: L:TimeSize<>; Conflict: File Modified on Both Sides
2026-02-03 06:34:34: /Media/HydrogenCoolProp/package.bak-mo: L:TimeSize<>; Conflict: File Modified on Both Sides
2026-02-03 06:34:34: /Media/HydrogenCoolProp/package.order: L:TimeSize<>; Conflict: File Modified on Both Sides
2026-02-03 06:34:34: /Media/Mixture_N2O2/package.bak-mo: L:TimeSize<>; Conflict: File Modified on Both Sides
2026-02-03 06:34:34: /Media/Mixture_N2O2/package.order: L:TimeSize<>; Conflict: File Modified on Both Sides
2026-02-03 06:34:34: /Media/MixtureGas/Mixture_N2O2/package.mo: L:TimeSize<>; Conflict: File Modified on Both Sides
2026-02-03 06:34:34: /Media/MixtureGas/Mixture_N2O2/package.order: L:TimeSize<>; Conflict: File Modified on Both Sides
2026-02-03 06:34:34: /Media/MixtureGas/package.mo: L:TimeSize<>; Conflict: File Modified on Both Sides
2026-02-03 06:34:34: /Media/MixtureGas/package.order: L:TimeSize<>; Conflict: File Modified on Both Sides
2026-02-03 06:34:34: /Media/package.mo: L:TimeSize<>; Conflict: File Modified on Both Sides
2026-02-03 06:34:34: /Media/package.order: L:TimeSize<>; Conflict: File Modified on Both Sides
2026-02-03 06:34:34: /Media/SingleGas/Data/IdealConstAirNASAGlennModel/package.mo: L:TimeSize<>; Conflict: File Modified on Both Sides
2026-02-03 06:34:34: /Media/SingleGas/Data/IdealConstAirNASAGlennModel/package.order: L:TimeSize<>; Conflict: File Modified on Both Sides
2026-02-03 06:34:34: /Media/SingleGas/Data/package.bak-mo: L:TimeSize<>; Conflict: File Modified on Both Sides
2026-02-03 06:34:34: /Media/SingleGas/Data/package.order: L:TimeSize<>; Conflict: File Modified on Both Sides
2026-02-03 06:34:34: /Media/SingleGas/FluidData/IdealConstAirNASAGlennModel/package.mo: L:TimeSize<>; Conflict: File Modified on Both Sides
2026-02-03 06:34:34: /Media/SingleGas/FluidData/IdealConstAirNASAGlennModel/package.order: L:TimeSize<>; Conflict: File Modified on Both Sides
2026-02-03 06:34:34: /Media/SingleGas/FluidData/package.mo: L:TimeSize<>; Conflict: File Modified on Both Sides
2026-02-03 06:34:34: /Media/SingleGas/FluidData/package.order: L:TimeSize<>; Conflict: File Modified on Both Sides
2026-02-03 06:34:34: /Media/SingleGas/GasDataNASAGlennModel/package.bak-mo: L:TimeSize<>; Conflict: File Modified on Both Sides
2026-02-03 06:34:34: /Media/SingleGas/GasDataNASAGlennModel/package.order: L:TimeSize<>; Conflict: File Modified on Both Sides
2026-02-03 06:34:34: /Media/SingleGas/IdealConstAirNASAGlennModel/package.mo: L:TimeSize<>; Conflict: File Modified on Both Sides
2026-02-03 06:34:34: /Media/SingleGas/IdealConstAirNASAGlennModel/package.order: L:TimeSize<>; Conflict: File Modified on Both Sides
2026-02-03 06:34:34: /Media/SingleGas/package.mo: L:TimeSize<>; Conflict: File Modified on Both Sides
2026-02-03 06:34:34: /Media/SingleGas/package.order: L:TimeSize<>; Conflict: File Modified on Both Sides
2026-02-03 06:34:34: /Media/SingleGas/ThermoPropertyData/IdealConstAirNASAGlennModel/package.mo: L:TimeSize<>; Conflict: File Modified on Both Sides
2026-02-03 06:34:34: /Media/SingleGas/ThermoPropertyData/IdealConstAirNASAGlennModel/package.order: L:TimeSize<>; Conflict: File Modified on Both Sides
2026-02-03 06:34:34: /Media/SingleGas/ThermoPropertyData/package.mo: L:TimeSize<>; Conflict: File Modified on Both Sides
2026-02-03 06:34:34: /Media/SingleGas/ThermoPropertyData/package.order: L:TimeSize<>; Conflict: File Modified on Both Sides
2026-02-03 06:34:34: /MSLfluidWithVisualization/CommonBaseClasses/FlowPath_Vis_Base.mo: L:TimeSize<>; Conflict: File Modified on Both Sides
2026-02-03 06:34:34: /MSLfluidWithVisualization/CommonBaseClasses/package.mo: L:TimeSize<>; Conflict: File Modified on Both Sides
2026-02-03 06:34:34: /MSLfluidWithVisualization/CommonBaseClasses/package.order: L:TimeSize<>; Conflict: File Modified on Both Sides
2026-02-03 06:34:34: /MSLfluidWithVisualization/CommonBaseClasses/Tank_Vis_Base.mo: L:TimeSize<>; Conflict: File Modified on Both Sides
2026-02-03 06:34:34: /MSLfluidWithVisualization/CommonBaseClasses/Volume_Vis_Base.mo: L:TimeSize<>; Conflict: File Modified on Both Sides
2026-02-03 06:34:34: /MSLfluidWithVisualization/Examples/package.mo: L:TimeSize<>; Conflict: File Modified on Both Sides
2026-02-03 06:34:34: /MSLfluidWithVisualization/Examples/package.order: L:TimeSize<>; Conflict: File Modified on Both Sides
2026-02-03 06:34:34: /MSLfluidWithVisualization/Examples/Vessels/package.bak-mo: L:TimeSize<>; Conflict: File Modified on Both Sides
2026-02-03 06:34:34: /MSLfluidWithVisualization/Examples/Vessels/package.order: L:TimeSize<>; Conflict: File Modified on Both Sides
2026-02-03 06:34:34: /MSLfluidWithVisualization/Fittings/BaseClasses/package.mo: L:TimeSize<>; Conflict: File Modified on Both Sides
2026-02-03 06:34:34: /MSLfluidWithVisualization/Fittings/BaseClasses/package.order: L:TimeSize<>; Conflict: File Modified on Both Sides
2026-02-03 06:34:34: /MSLfluidWithVisualization/Fittings/BaseClasses/SimpleGenericOrifice_Vis_Base.bak-mo: L:TimeSize<>; Conflict: File Modified on Both Sides
2026-02-03 06:34:34: /MSLfluidWithVisualization/Fittings/Examples/OpenTank_ex01.bak-mo: L:TimeSize<>; Conflict: File Modified on Both Sides
2026-02-03 06:34:34: /MSLfluidWithVisualization/Fittings/Examples/package.mo: L:TimeSize<>; Conflict: File Modified on Both Sides
2026-02-03 06:34:34: /MSLfluidWithVisualization/Fittings/Examples/package.order: L:TimeSize<>; Conflict: File Modified on Both Sides
2026-02-03 06:34:34: /MSLfluidWithVisualization/Fittings/Examples/SimpleGenericOrifice_ex01.mo: L:TimeSize<>; Conflict: File Modified on Both Sides
2026-02-03 06:34:34: /MSLfluidWithVisualization/Fittings/package.mo: L:TimeSize<>; Conflict: File Modified on Both Sides
2026-02-03 06:34:34: /MSLfluidWithVisualization/Fittings/package.order: L:TimeSize<>; Conflict: File Modified on Both Sides
2026-02-03 06:34:34: /MSLfluidWithVisualization/Fittings/SimpleGenericOrifice.mo: L:TimeSize<>; Conflict: File Modified on Both Sides
2026-02-03 06:34:34: /MSLfluidWithVisualization/package.mo: L:TimeSize<>; Conflict: File Modified on Both Sides
2026-02-03 06:34:34: /MSLfluidWithVisualization/package.order: L:TimeSize<>; Conflict: File Modified on Both Sides
2026-02-03 06:34:34: /MSLfluidWithVisualization/Sources/BaseClasses/package.mo: L:TimeSize<>; Conflict: File Modified on Both Sides
2026-02-03 06:34:34: /MSLfluidWithVisualization/Sources/BaseClasses/package.order: L:TimeSize<>; Conflict: File Modified on Both Sides
2026-02-03 06:34:34: /MSLfluidWithVisualization/Sources/Boundary_pT.mo: L:TimeSize<>; Conflict: File Modified on Both Sides
2026-02-03 06:34:34: /MSLfluidWithVisualization/Sources/package.mo: L:TimeSize<>; Conflict: File Modified on Both Sides
2026-02-03 06:34:34: /MSLfluidWithVisualization/Sources/package.order: L:TimeSize<>; Conflict: File Modified on Both Sides
2026-02-03 06:34:34: /MSLfluidWithVisualization/Vessels/BaseClasses/ClosedVolume_Vis_Base.bak-mo: L:TimeSize<>; Conflict: File Modified on Both Sides
2026-02-03 06:34:34: /MSLfluidWithVisualization/Vessels/BaseClasses/package.mo: L:TimeSize<>; Conflict: File Modified on Both Sides
2026-02-03 06:34:34: /MSLfluidWithVisualization/Vessels/BaseClasses/package.order: L:TimeSize<>; Conflict: File Modified on Both Sides
2026-02-03 06:34:34: /MSLfluidWithVisualization/Vessels/ClosedVolume.mo: L:TimeSize<>; Conflict: File Modified on Both Sides
2026-02-03 06:34:34: /MSLfluidWithVisualization/Vessels/Examples/ClosedVolume_ex01.mo: L:TimeSize<>; Conflict: File Modified on Both Sides
2026-02-03 06:34:34: /MSLfluidWithVisualization/Vessels/Examples/OpenTank_ex01.mo: L:TimeSize<>; Conflict: File Modified on Both Sides
2026-02-03 06:34:34: /MSLfluidWithVisualization/Vessels/Examples/package.mo: L:TimeSize<>; Conflict: File Modified on Both Sides
2026-02-03 06:34:34: /MSLfluidWithVisualization/Vessels/Examples/package.order: L:TimeSize<>; Conflict: File Modified on Both Sides
2026-02-03 06:34:34: /MSLfluidWithVisualization/Vessels/OpenTank.mo: L:TimeSize<>; Conflict: File Modified on Both Sides
2026-02-03 06:34:34: /MSLfluidWithVisualization/Vessels/package.mo: L:TimeSize<>; Conflict: File Modified on Both Sides
2026-02-03 06:34:34: /MSLfluidWithVisualization/Vessels/package.order: L:TimeSize<>; Conflict: File Modified on Both Sides
2026-02-03 06:34:34: /package.mo: L:TimeSize<>; Conflict: File Modified on Both Sides
2026-02-03 06:34:34: /package.order: L:TimeSize<>; Conflict: File Modified on Both Sides
2026-02-03 06:34:34: /README.md: L:TimeSize<>; Conflict: File Modified on Both Sides
2026-02-03 06:34:34: /Sensor/DispColorContour00.bak-mo: L:TimeSize<>; Conflict: File Modified on Both Sides
2026-02-03 06:34:34: /Sensor/DispColorGrad00.bak-mo: L:TimeSize<>; Conflict: File Modified on Both Sides
2026-02-03 06:34:34: /Sensor/DispColorGrad00.mo: L:TimeSize<>; Conflict: File Modified on Both Sides
2026-02-03 06:34:34: /Sensor/Examples/DispColorGrad00_ex01.bak-mo: L:TimeSize<>; Conflict: File Modified on Both Sides
2026-02-03 06:34:34: /Sensor/Examples/MassFlowDispByRef00_ex01.bak-mo: L:TimeSize<>; Conflict: File Modified on Both Sides
2026-02-03 06:34:34: /Sensor/Examples/MassFlowDispDat00_ex01.bak-mo: L:TimeSize<>; Conflict: File Modified on Both Sides
2026-02-03 06:34:34: /Sensor/Examples/MassFractionsArray_ex01.mo: L:TimeSize<>; Conflict: File Modified on Both Sides
2026-02-03 06:34:34: /Sensor/Examples/package.mo: L:TimeSize<>; Conflict: File Modified on Both Sides
2026-02-03 06:34:34: /Sensor/Examples/package.order: L:TimeSize<>; Conflict: File Modified on Both Sides
2026-02-03 06:34:34: /Sensor/Examples/SpecificHeatCapacity_ex01.mo: L:TimeSize<>; Conflict: File Modified on Both Sides
2026-02-03 06:34:34: /Sensor/Examples/StaticPressureTwoPort_ex01.mo: L:TimeSize<>; Conflict: File Modified on Both Sides
2026-02-03 06:34:34: /Sensor/Examples/StaticStatesTwoPort01_ex01.mo: L:TimeSize<>; Conflict: File Modified on Both Sides
2026-02-03 06:34:34: /Sensor/Examples/StaticStatesTwoPort_ex01.mo: L:TimeSize<>; Conflict: File Modified on Both Sides
2026-02-03 06:34:34: /Sensor/icons/package.mo: L:TimeSize<>; Conflict: File Modified on Both Sides
2026-02-03 06:34:34: /Sensor/icons/package.order: L:TimeSize<>; Conflict: File Modified on Both Sides
2026-02-03 06:34:34: /Sensor/icons/SensorFlow1d.mo: L:TimeSize<>; Conflict: File Modified on Both Sides
2026-02-03 06:34:34: /Sensor/MassFlowDispByRef00.bak-mo: L:TimeSize<>; Conflict: File Modified on Both Sides
2026-02-03 06:34:34: /Sensor/MassFlowDispDat00.bak-mo: L:TimeSize<>; Conflict: File Modified on Both Sides
2026-02-03 06:34:34: /Sensor/MassFractionsArray.mo: L:TimeSize<>; Conflict: File Modified on Both Sides
2026-02-03 06:34:34: /Sensor/Monitor_MassFlow.mo: L:TimeSize<>; Conflict: File Modified on Both Sides
2026-02-03 06:34:34: /Sensor/Monitor_p_kPa.mo: L:TimeSize<>; Conflict: File Modified on Both Sides
2026-02-03 06:34:34: /Sensor/Monitor_p_kPa_T_K.mo: L:TimeSize<>; Conflict: File Modified on Both Sides
2026-02-03 06:34:34: /Sensor/MonitorMassFlow00.mo: L:TimeSize<>; Conflict: File Modified on Both Sides
2026-02-03 06:34:34: /Sensor/MonitorPT.bak-mo: L:TimeSize<>; Conflict: File Modified on Both Sides
2026-02-03 06:34:34: /Sensor/package.mo: L:TimeSize<>; Conflict: File Modified on Both Sides
2026-02-03 06:34:34: /Sensor/package.order: L:TimeSize<>; Conflict: File Modified on Both Sides
2026-02-03 06:34:34: /Sensor/PressureDisp00.mo: L:TimeSize<>; Conflict: File Modified on Both Sides
2026-02-03 06:34:34: /Sensor/PressureDispColor00.mo: L:TimeSize<>; Conflict: File Modified on Both Sides
2026-02-03 06:34:34: /Sensor/PressureRatio.mo: L:TimeSize<>; Conflict: File Modified on Both Sides
2026-02-03 06:34:34: /Sensor/Ps_FluidWithMach_DispColor00.mo: L:TimeSize<>; Conflict: File Modified on Both Sides
2026-02-03 06:34:34: /Sensor/Pt_FluidWithMach_DispColor00.bak-mo: L:TimeSize<>; Conflict: File Modified on Both Sides
2026-02-03 06:34:34: /Sensor/Pt_FluidWithMach_DispColor00.mo: L:TimeSize<>; Conflict: File Modified on Both Sides
2026-02-03 06:34:34: /Sensor/SpecificHeatCapacity.mo: L:TimeSize<>; Conflict: File Modified on Both Sides
2026-02-03 06:34:34: /Sensor/SpecificHeatCapacityRatio.mo: L:TimeSize<>; Conflict: File Modified on Both Sides
2026-02-03 06:34:34: /Sensor/StaticPressureTwoPort.mo: L:TimeSize<>; Conflict: File Modified on Both Sides
2026-02-03 06:34:34: /Sensor/StaticStatesTwoPort.mo: L:TimeSize<>; Conflict: File Modified on Both Sides
2026-02-03 06:34:34: /Sensor/StaticStatesTwoPort01.mo: L:TimeSize<>; Conflict: File Modified on Both Sides
2026-02-03 06:34:34: /Sensor/Temperature_degC_DispColor00.mo: L:TimeSize<>; Conflict: File Modified on Both Sides
2026-02-03 06:34:34: /Sensor/TemperatureDisp00.mo: L:TimeSize<>; Conflict: File Modified on Both Sides
2026-02-03 06:34:34: /Sensor/TemperatureDispColor00.mo: L:TimeSize<>; Conflict: File Modified on Both Sides
2026-02-03 06:34:34: /Sensor/TempressureDispColor00.bak-mo: L:TimeSize<>; Conflict: File Modified on Both Sides
2026-02-03 06:34:34: /Sensor/Ts_FluidWithMach_DispColor00.mo: L:TimeSize<>; Conflict: File Modified on Both Sides
2026-02-03 06:34:34: /Sources/Boundary_ph_colorP.mo: L:TimeSize<>; Conflict: File Modified on Both Sides
2026-02-03 06:34:34: /Sources/Boundary_pT_colorP.mo: L:TimeSize<>; Conflict: File Modified on Both Sides
2026-02-03 06:34:34: /Sources/Boundary_StatpTMn.mo: L:TimeSize<>; Conflict: File Modified on Both Sides
2026-02-03 06:34:34: /Sources/Examples/Boundary_StatpTMn_ex01.mo: L:TimeSize<>; Conflict: File Modified on Both Sides
2026-02-03 06:34:34: /Sources/Examples/MassFlowSource_T_ex01.mo: L:TimeSize<>; Conflict: File Modified on Both Sides
2026-02-03 06:34:34: /Sources/Examples/package.mo: L:TimeSize<>; Conflict: File Modified on Both Sides
2026-02-03 06:34:34: /Sources/Examples/package.order: L:TimeSize<>; Conflict: File Modified on Both Sides
2026-02-03 06:34:34: /Sources/Examples/VolumeFlowSource_T_ex01.mo: L:TimeSize<>; Conflict: File Modified on Both Sides
2026-02-03 06:34:34: /Sources/MassFlowSource_StatTMn.mo: L:TimeSize<>; Conflict: File Modified on Both Sides
2026-02-03 06:34:34: /Sources/MassFlowSource_T.mo: L:TimeSize<>; Conflict: File Modified on Both Sides
2026-02-03 06:34:34: /Sources/package.mo: L:TimeSize<>; Conflict: File Modified on Both Sides
2026-02-03 06:34:34: /Sources/package.order: L:TimeSize<>; Conflict: File Modified on Both Sides
2026-02-03 06:34:34: /Sources/Sink_FlowWithMn.mo: L:TimeSize<>; Conflict: File Modified on Both Sides
2026-02-03 06:34:34: /Sources/VolumeFlowSource_T.mo: L:TimeSize<>; Conflict: File Modified on Both Sides
2026-02-03 06:34:34: /Types/InfoBus.mo: L:TimeSize<>; Conflict: File Modified on Both Sides
2026-02-03 06:34:34: /Types/package.mo: L:TimeSize<>; Conflict: File Modified on Both Sides
2026-02-03 06:34:34: /Types/package.order: L:TimeSize<>; Conflict: File Modified on Both Sides
2026-02-03 06:34:34: /Types/Switches/package.mo: L:TimeSize<>; Conflict: File Modified on Both Sides
2026-02-03 06:34:34: /Types/Switches/package.order: L:TimeSize<>; Conflict: File Modified on Both Sides
2026-02-03 06:34:34: /Types/Switches/switch_input_AdiabaticProcess.mo: L:TimeSize<>; Conflict: File Modified on Both Sides
2026-02-03 06:34:34: /Types/Switches/switch_input_CalcStaticStates.mo: L:TimeSize<>; Conflict: File Modified on Both Sides
2026-02-03 06:34:34: /Types/Switches/switch_input_dp.mo: L:TimeSize<>; Conflict: File Modified on Both Sides
2026-02-03 06:34:34: /Types/Switches/switch_input_fluidQuantity.mo: L:TimeSize<>; Conflict: File Modified on Both Sides
2026-02-03 06:34:34: /Types/Switches/switch_input_HeatChangeProcess.mo: L:TimeSize<>; Conflict: File Modified on Both Sides
2026-02-03 06:34:34: /Types/Switches/switch_input_ThermodynamicState.mo: L:TimeSize<>; Conflict: File Modified on Both Sides
2026-02-03 06:34:34: /Types/Switches/switch_sysType_thermodynamicProcess.bak-mo: L:TimeSize<>; Conflict: File Modified on Both Sides
2026-02-03 06:34:34: /Types/Switches/switch_sysType_ThermodynamicProcess.mo: L:TimeSize<>; Conflict: File Modified on Both Sides
2026-02-03 06:34:34: /Types/Switches/switchHowToDetVar.mo: L:TimeSize<>; Conflict: File Modified on Both Sides
2026-02-03 06:34:34: /Utilities/arr_hs_const_p_00.mo: L:TimeSize<>; Conflict: File Modified on Both Sides
2026-02-03 06:34:34: /Utilities/arr_pv_const_s_00.mo: L:TimeSize<>; Conflict: File Modified on Both Sides
2026-02-03 06:34:34: /Utilities/arr_pVol_const_s_00.mo: L:TimeSize<>; Conflict: File Modified on Both Sides
2026-02-03 06:34:34: /Utilities/arr_Ts_const_p_00.mo: L:TimeSize<>; Conflict: File Modified on Both Sides
2026-02-03 06:34:34: /Utilities/arr_us_const_p_00.mo: L:TimeSize<>; Conflict: File Modified on Both Sides
2026-02-03 06:34:34: /Utilities/CombiTimeTable1VarByName00.mo: L:TimeSize<>; Conflict: File Modified on Both Sides
2026-02-03 06:34:34: /Utilities/CombiTimeTableAll00.mo: L:TimeSize<>; Conflict: File Modified on Both Sides
2026-02-03 06:34:34: /Utilities/CombiTimeTableAllFileFixed00.mo: L:TimeSize<>; Conflict: File Modified on Both Sides
2026-02-03 06:34:34: /Utilities/CombiTimeTableByName00.mo: L:TimeSize<>; Conflict: File Modified on Both Sides
2026-02-03 06:34:34: /Utilities/ConstrainVariable.mo: L:TimeSize<>; Conflict: File Modified on Both Sides
2026-02-03 06:34:34: /Utilities/ConstrainVariableAfterTimer.mo: L:TimeSize<>; Conflict: File Modified on Both Sides
2026-02-03 06:34:34: /Utilities/ConstrainVariableAtInitial.mo: L:TimeSize<>; Conflict: File Modified on Both Sides
2026-02-03 06:34:34: /Utilities/ConstrainVariableAtInitial2.bak-mo: L:TimeSize<>; Conflict: File Modified on Both Sides
2026-02-03 06:34:34: /Utilities/ConstrainVariableBeforeTimer.bak-mo: L:TimeSize<>; Conflict: File Modified on Both Sides
2026-02-03 06:34:34: /Utilities/ConstrainVariableExceptInitial.mo: L:TimeSize<>; Conflict: File Modified on Both Sides
2026-02-03 06:34:34: /Utilities/ConstrainVariableUntilTimer.mo: L:TimeSize<>; Conflict: File Modified on Both Sides
2026-02-03 06:34:34: /Utilities/DispColorContour00.bak-mo: L:TimeSize<>; Conflict: File Modified on Both Sides
2026-02-03 06:34:34: /Utilities/Examples/CombiTimeTable1ByName00_ex01.mo: L:TimeSize<>; Conflict: File Modified on Both Sides
2026-02-03 06:34:34: /Utilities/Examples/CombiTimeTableAll00_ex01.mo: L:TimeSize<>; Conflict: File Modified on Both Sides
2026-02-03 06:34:34: /Utilities/Examples/CombiTimeTableByName00_ex01.bak-mo: L:TimeSize<>; Conflict: File Modified on Both Sides
2026-02-03 06:34:34: /Utilities/Examples/Edit_exampleTimeTable01.ods: L:TimeSize<>; Conflict: File Modified on Both Sides
2026-02-03 06:34:34: /Utilities/Examples/exampleTimeTable01.csv: L:TimeSize<>; Conflict: File Modified on Both Sides
2026-02-03 06:34:34: /Utilities/Examples/exampleTimeTable01.txt: L:TimeSize<>; Conflict: File Modified on Both Sides
2026-02-03 06:34:34: /Utilities/Examples/exampleTimeTable01_.csv: L:TimeSize<>; Conflict: File Modified on Both Sides
2026-02-03 06:34:34: /Utilities/Examples/exampleTimeTable02.csv: L:TimeSize<>; Conflict: File Modified on Both Sides
2026-02-03 06:34:34: /Utilities/Examples/exampleTimeTable03.csv: L:TimeSize<>; Conflict: File Modified on Both Sides
2026-02-03 06:34:34: /Utilities/Examples/f_indexByName00.bak-mo: L:TimeSize<>; Conflict: File Modified on Both Sides
2026-02-03 06:34:34: /Utilities/Examples/f_indexByName00_ex01.mo: L:TimeSize<>; Conflict: File Modified on Both Sides
2026-02-03 06:34:34: /Utilities/Examples/f_readRowsFromTxt00_ex01.mo: L:TimeSize<>; Conflict: File Modified on Both Sides
2026-02-03 06:34:34: /Utilities/Examples/indexByName00_ex01.mo: L:TimeSize<>; Conflict: File Modified on Both Sides
2026-02-03 06:34:34: /Utilities/Examples/package.mo: L:TimeSize<>; Conflict: File Modified on Both Sides
2026-02-03 06:34:34: /Utilities/Examples/package.order: L:TimeSize<>; Conflict: File Modified on Both Sides
2026-02-03 06:34:34: /Utilities/Examples/readColumnsFromCSV00_ex01.mo: L:TimeSize<>; Conflict: File Modified on Both Sides
2026-02-03 06:34:34: /Utilities/Examples/readColumnsFromCSV00_ex02.mo: L:TimeSize<>; Conflict: File Modified on Both Sides
2026-02-03 06:34:34: /Utilities/Examples/readRowsFromTxt00_ex01.mo: L:TimeSize<>; Conflict: File Modified on Both Sides
2026-02-03 06:34:34: /Utilities/Examples/readRowsFromTxt00_ex02.mo: L:TimeSize<>; Conflict: File Modified on Both Sides
2026-02-03 06:34:34: /Utilities/Examples/ReadTimeDatCSV00.bak-mo: L:TimeSize<>; Conflict: File Modified on Both Sides
2026-02-03 06:34:34: /Utilities/Examples/ReadTimeDatCSV00_ex01.mo: L:TimeSize<>; Conflict: File Modified on Both Sides
2026-02-03 06:34:34: /Utilities/Examples/StringValue_ex01.mo: L:TimeSize<>; Conflict: File Modified on Both Sides
2026-02-03 06:34:34: /Utilities/Examples/StringValule.bak-mo: L:TimeSize<>; Conflict: File Modified on Both Sides
2026-02-03 06:34:34: /Utilities/Examples/varList_exampleTimeTable01.csv: L:TimeSize<>; Conflict: File Modified on Both Sides
2026-02-03 06:34:34: /Utilities/Examples/varNms_exampleTimeTable01.csv: L:TimeSize<>; Conflict: File Modified on Both Sides
2026-02-03 06:34:34: /Utilities/f_indexByName00.mo: L:TimeSize<>; Conflict: File Modified on Both Sides
2026-02-03 06:34:34: /Utilities/f_readRowsFromCSV00.bak-mo: L:TimeSize<>; Conflict: File Modified on Both Sides
2026-02-03 06:34:34: /Utilities/f_readRowsFromTxt00.mo: L:TimeSize<>; Conflict: File Modified on Both Sides
2026-02-03 06:34:34: /Utilities/f_signChangeSmoothing.mo: L:TimeSize<>; Conflict: File Modified on Both Sides
2026-02-03 06:34:34: /Utilities/indexByName00.mo: L:TimeSize<>; Conflict: File Modified on Both Sides
2026-02-03 06:34:34: /Utilities/package.mo: L:TimeSize<>; Conflict: File Modified on Both Sides
2026-02-03 06:34:34: /Utilities/package.order: L:TimeSize<>; Conflict: File Modified on Both Sides
2026-02-03 06:34:34: /Utilities/readHeaderColumnsFromCSV00.mo: L:TimeSize<>; Conflict: File Modified on Both Sides
2026-02-03 06:34:34: /Utilities/readHeaderColumnsFromTxt00.bak-mo: L:TimeSize<>; Conflict: File Modified on Both Sides
2026-02-03 06:34:34: /Utilities/readRowsFromTxt00.mo: L:TimeSize<>; Conflict: File Modified on Both Sides
2026-02-03 06:34:34: /Utilities/ReadTimeDatCSV00.mo: L:TimeSize<>; Conflict: File Modified on Both Sides
2026-02-03 06:34:34: /Utilities/StringExpression00.mo: L:TimeSize<>; Conflict: File Modified on Both Sides
2026-02-03 06:34:34: /Utilities/StringValule.mo: L:TimeSize<>; Conflict: File Modified on Both Sides
2026-02-03 06:34:34: /Utilities/switch_2_2.bak-mo: L:TimeSize<>; Conflict: File Modified on Both Sides
2026-02-03 06:34:34: /Utilities/Switch_2_2.mo: L:TimeSize<>; Conflict: File Modified on Both Sides
2026-02-03 06:34:34: /Utilities/UnitConversion/m3perSec2gph.bak-mo: L:TimeSize<>; Conflict: File Modified on Both Sides
2026-02-03 06:34:34: /Utilities/UnitConversion/m3perSec2USGperhour.mo: L:TimeSize<>; Conflict: File Modified on Both Sides
2026-02-03 06:34:34: /Utilities/UnitConversion/Pa2inHg.mo: L:TimeSize<>; Conflict: File Modified on Both Sides
2026-02-03 06:34:34: /Utilities/UnitConversion/package.mo: L:TimeSize<>; Conflict: File Modified on Both Sides
2026-02-03 06:34:34: /Utilities/UnitConversion/package.order: L:TimeSize<>; Conflict: File Modified on Both Sides
2026-02-03 06:34:34: /Utilities/UnitConversion/W2hp.mo: L:TimeSize<>; Conflict: File Modified on Both Sides
2026-02-03 06:34:34: /Utilities/ValueBySolver.bak-mo: L:TimeSize<>; Conflict: File Modified on Both Sides
2026-02-03 06:34:34: /Utilities/VariableBySolver.mo: L:TimeSize<>; Conflict: File Modified on Both Sides
2026-02-03 06:34:34: /Visualization/package.bak-mo: L:TimeSize<>; Conflict: File Modified on Both Sides
2026-02-03 06:34:34: /Visualization/package.order: L:TimeSize<>; Conflict: File Modified on Both Sides
2026-02-03 06:34:34: /Visualizers/Examples/ex_FluidNW_ex01_v001_res.csv: L:TimeSize<>; Conflict: File Modified on Both Sides
2026-02-03 06:34:34: /Visualizers/Examples/exampleTimeTable02.csv: L:TimeSize<>; Conflict: File Modified on Both Sides
2026-02-03 06:34:34: /Visualizers/Examples/FluidNW_ex01_Vis_ex01.mo: L:TimeSize<>; Conflict: File Modified on Both Sides
2026-02-03 06:34:34: /Visualizers/Examples/MassFlowDisp_RefVar00_ex01.mo: L:TimeSize<>; Conflict: File Modified on Both Sides
2026-02-03 06:34:34: /Visualizers/Examples/package.mo: L:TimeSize<>; Conflict: File Modified on Both Sides
2026-02-03 06:34:34: /Visualizers/Examples/package.order: L:TimeSize<>; Conflict: File Modified on Both Sides
2026-02-03 06:34:34: /Visualizers/Examples/VolumeVisP_RefArrAndKey00_ex01.mo: L:TimeSize<>; Conflict: File Modified on Both Sides
2026-02-03 06:34:34: /Visualizers/Examples/VolumeVisP_RefVar00_ex01.mo: L:TimeSize<>; Conflict: File Modified on Both Sides
2026-02-03 06:34:34: /Visualizers/Examples/VolumeVisPressure00_ex01.bak-mo: L:TimeSize<>; Conflict: File Modified on Both Sides
2026-02-03 06:34:34: /Visualizers/MassFlowDisp_RefArrAndKey00.mo: L:TimeSize<>; Conflict: File Modified on Both Sides
2026-02-03 06:34:34: /Visualizers/MassFlowDisp_RefVar00.mo: L:TimeSize<>; Conflict: File Modified on Both Sides
2026-02-03 06:34:34: /Visualizers/package.mo: L:TimeSize<>; Conflict: File Modified on Both Sides
2026-02-03 06:34:34: /Visualizers/package.order: L:TimeSize<>; Conflict: File Modified on Both Sides
2026-02-03 06:34:34: /Visualizers/ShowValueRefArrAndKey.mo: L:TimeSize<>; Conflict: File Modified on Both Sides
2026-02-03 06:34:34: /Visualizers/ShowValueRefVariable.mo: L:TimeSize<>; Conflict: File Modified on Both Sides
2026-02-03 06:34:34: /Visualizers/Types/package.mo: L:TimeSize<>; Conflict: File Modified on Both Sides
2026-02-03 06:34:34: /Visualizers/Types/package.order: L:TimeSize<>; Conflict: File Modified on Both Sides
2026-02-03 06:34:34: /Visualizers/Types/SwitchUnitVisPressure.mo: L:TimeSize<>; Conflict: File Modified on Both Sides
2026-02-03 06:34:34: /Visualizers/VolumeVisP_RefArrAndKey00.mo: L:TimeSize<>; Conflict: File Modified on Both Sides
2026-02-03 06:34:34: /Visualizers/VolumeVisP_RefArrAndKey01.mo: L:TimeSize<>; Conflict: File Modified on Both Sides
2026-02-03 06:34:34: /Visualizers/VolumeVisP_RefVar00.mo: L:TimeSize<>; Conflict: File Modified on Both Sides
2026-02-03 06:34:34: /Visualizers/VolumeVisPressure00.bak-mo: L:TimeSize<>; Conflict: File Modified on Both Sides
2026-02-03 06:34:34: Changes: 810, Conflicts: 0, CopyTime: 0, FixState: 1, Errors: 0, All: 6875
2026-02-03 06:34:34: Left to Right: Copy File: 805 
2026-02-03 06:34:34: Right to Left: Copy File: 5 
2026-02-03 06:34:34: == Sync Started by User Command
2026-02-03 06:34:34: ConnectCloned connected to file:///~grabacr/VPSsync/01-WorkspaceSync/modelica-shared/CustomLib/FluidSystemComponents
2026-02-03 06:34:34: ConnectCloned connected to file:///~grabacr/VPSsync/01-WorkspaceSync/modelica-shared/CustomLib/FluidSystemComponents
2026-02-03 06:34:34: ConnectCloned connected to file:///~grabacr/VPSsync/01-WorkspaceSync/modelica-shared/CustomLib/FluidSystemComponents
2026-02-03 06:34:34: Server: SSH-2.0-OpenSSH_9.6p1 Ubuntu-3ubuntu13.14
2026-02-03 06:34:34: Server: SSH-2.0-OpenSSH_9.6p1 Ubuntu-3ubuntu13.14
2026-02-03 06:34:34: Server: SSH-2.0-OpenSSH_9.6p1 Ubuntu-3ubuntu13.14
2026-02-03 06:34:34: Server KEXes: sntrup761x25519-sha512@openssh.com,curve25519-sha256,curve25519-sha256@libssh.org,ecdh-sha2-nistp256,ecdh-sha2-nistp384,ecdh-sha2-nistp521,diffie-hellman-group-exchange-sha256,diffie-hellman-group16-sha512,diffie-hellman-group18-sha512,diffie-hellman-group14-sha256,ext-info-s,kex-strict-s-v00@openssh.com
2026-02-03 06:34:34: Server KEXes: sntrup761x25519-sha512@openssh.com,curve25519-sha256,curve25519-sha256@libssh.org,ecdh-sha2-nistp256,ecdh-sha2-nistp384,ecdh-sha2-nistp521,diffie-hellman-group-exchange-sha256,diffie-hellman-group16-sha512,diffie-hellman-group18-sha512,diffie-hellman-group14-sha256,ext-info-s,kex-strict-s-v00@openssh.com
2026-02-03 06:34:34: Server Host Keys: rsa-sha2-512,rsa-sha2-256,ecdsa-sha2-nistp256,ssh-ed25519
2026-02-03 06:34:34: Server KEXes: sntrup761x25519-sha512@openssh.com,curve25519-sha256,curve25519-sha256@libssh.org,ecdh-sha2-nistp256,ecdh-sha2-nistp384,ecdh-sha2-nistp521,diffie-hellman-group-exchange-sha256,diffie-hellman-group16-sha512,diffie-hellman-group18-sha512,diffie-hellman-group14-sha256,ext-info-s,kex-strict-s-v00@openssh.com
2026-02-03 06:34:34: Server Host Keys: rsa-sha2-512,rsa-sha2-256,ecdsa-sha2-nistp256,ssh-ed25519
2026-02-03 06:34:34: Chosen Host Key: ssh-ed25519
2026-02-03 06:34:34: Server Host Keys: rsa-sha2-512,rsa-sha2-256,ecdsa-sha2-nistp256,ssh-ed25519
2026-02-03 06:34:34: Chosen Host Key: ssh-ed25519
2026-02-03 06:34:34: Ciphers: chacha20-poly1305@openssh.com,aes128-ctr,aes192-ctr,aes256-ctr,aes128-gcm@openssh.com,aes256-gcm@openssh.com
2026-02-03 06:34:34: Chosen Host Key: ssh-ed25519
2026-02-03 06:34:34: Ciphers: chacha20-poly1305@openssh.com,aes128-ctr,aes192-ctr,aes256-ctr,aes128-gcm@openssh.com,aes256-gcm@openssh.com
2026-02-03 06:34:34: MACs: umac-64-etm@openssh.com,umac-128-etm@openssh.com,hmac-sha2-256-etm@openssh.com,hmac-sha2-512-etm@openssh.com,hmac-sha1-etm@openssh.com,umac-64@openssh.com,umac-128@openssh.com,hmac-sha2-256,hmac-sha2-512,hmac-sha1
2026-02-03 06:34:34: Ciphers: chacha20-poly1305@openssh.com,aes128-ctr,aes192-ctr,aes256-ctr,aes128-gcm@openssh.com,aes256-gcm@openssh.com
2026-02-03 06:34:34: MACs: umac-64-etm@openssh.com,umac-128-etm@openssh.com,hmac-sha2-256-etm@openssh.com,hmac-sha2-512-etm@openssh.com,hmac-sha1-etm@openssh.com,umac-64@openssh.com,umac-128@openssh.com,hmac-sha2-256,hmac-sha2-512,hmac-sha1
2026-02-03 06:34:34: MACs: umac-64-etm@openssh.com,umac-128-etm@openssh.com,hmac-sha2-256-etm@openssh.com,hmac-sha2-512-etm@openssh.com,hmac-sha1-etm@openssh.com,umac-64@openssh.com,umac-128@openssh.com,hmac-sha2-256,hmac-sha2-512,hmac-sha1
2026-02-03 06:34:34: Auth: start: publickey
2026-02-03 06:34:34: Auth: start: publickey
2026-02-03 06:34:34: Auth: publickey: no keys available
2026-02-03 06:34:34: Auth: start: password
2026-02-03 06:34:34: Auth: publickey: no keys available
2026-02-03 06:34:34: Auth: start: password
2026-02-03 06:34:34: Auth: start: publickey
2026-02-03 06:34:34: Auth: publickey: no keys available
2026-02-03 06:34:34: Auth: start: password
2026-02-03 06:34:35: GsConnectAndSetRoot1 connected to sftp://os3-310-44666.vs.sakura.ne.jp/home/ubuntu/VPSsync/01-WorkspaceSync/modelica-shared/CustomLib/FluidSystemComponents
2026-02-03 06:34:35: GsConnectAndSetRoot1 connected to sftp://os3-310-44666.vs.sakura.ne.jp/home/ubuntu/VPSsync/01-WorkspaceSync/modelica-shared/CustomLib/FluidSystemComponents
2026-02-03 06:34:35: GsConnectAndSetRoot1 connected to sftp://os3-310-44666.vs.sakura.ne.jp/home/ubuntu/VPSsync/01-WorkspaceSync/modelica-shared/CustomLib/FluidSystemComponents
2026-02-03 06:34:36: Copy Over 'C:/Users/grabacr/VPSsync/01-WorkspaceSync/modelica-shared/CustomLib/FluidSystemComponents/Compressible/Components/bdry.mo' -> 'sftp://os3-310-44666.vs.sakura.ne.jp/home/ubuntu/VPSsync/01-WorkspaceSync/modelica-shared/CustomLib/FluidSystemComponents/Compressible/Components/bdry.mo' (211)
2026-02-03 06:34:36: Copy Over 'C:/Users/grabacr/VPSsync/01-WorkspaceSync/modelica-shared/CustomLib/FluidSystemComponents/.github/FUNDING.yml' -> 'sftp://os3-310-44666.vs.sakura.ne.jp/home/ubuntu/VPSsync/01-WorkspaceSync/modelica-shared/CustomLib/FluidSystemComponents/.github/FUNDING.yml' (830)
2026-02-03 06:34:36: Copy Over 'C:/Users/grabacr/VPSsync/01-WorkspaceSync/modelica-shared/CustomLib/FluidSystemComponents/CommonAnyFluid/BaseClasses/ClosedVolumeColorP01.mo' -> 'sftp://os3-310-44666.vs.sakura.ne.jp/home/ubuntu/VPSsync/01-WorkspaceSync/modelica-shared/CustomLib/FluidSystemComponents/CommonAnyFluid/BaseClasses/ClosedVolumeColorP01.mo' (1,821)
2026-02-03 06:34:36: Copy Over 'C:/Users/grabacr/VPSsync/01-WorkspaceSync/modelica-shared/CustomLib/FluidSystemComponents/Compressible/Components/IdealGasNozzleFlow01.mo' -> 'sftp://os3-310-44666.vs.sakura.ne.jp/home/ubuntu/VPSsync/01-WorkspaceSync/modelica-shared/CustomLib/FluidSystemComponents/Compressible/Components/IdealGasNozzleFlow01.mo' (1,180)
2026-02-03 06:34:36: Copy Over 'C:/Users/grabacr/VPSsync/01-WorkspaceSync/modelica-shared/CustomLib/FluidSystemComponents/Compressible/Components/ClosedVolume4FlowWithMn00.mo' -> 'sftp://os3-310-44666.vs.sakura.ne.jp/home/ubuntu/VPSsync/01-WorkspaceSync/modelica-shared/CustomLib/FluidSystemComponents/Compressible/Components/ClosedVolume4FlowWithMn00.mo' (854)
2026-02-03 06:34:36: Copy Over 'C:/Users/grabacr/VPSsync/01-WorkspaceSync/modelica-shared/CustomLib/FluidSystemComponents/Compressible/Components/IdealGasVolume01.bak-mo' -> 'sftp://os3-310-44666.vs.sakura.ne.jp/home/ubuntu/VPSsync/01-WorkspaceSync/modelica-shared/CustomLib/FluidSystemComponents/Compressible/Components/IdealGasVolume01.bak-mo' (397)
2026-02-03 06:34:36: Copy Over 'C:/Users/grabacr/VPSsync/01-WorkspaceSync/modelica-shared/CustomLib/FluidSystemComponents/Compressible/Components/IdealGasVolumeColorP01.mo' -> 'sftp://os3-310-44666.vs.sakura.ne.jp/home/ubuntu/VPSsync/01-WorkspaceSync/modelica-shared/CustomLib/FluidSystemComponents/Compressible/Components/IdealGasVolumeColorP01.mo' (564)
2026-02-03 06:34:36: Copy Over 'C:/Users/grabacr/VPSsync/01-WorkspaceSync/modelica-shared/CustomLib/FluidSystemComponents/Compressible/Components/NozzleFlowEquation02.mo' -> 'sftp://os3-310-44666.vs.sakura.ne.jp/home/ubuntu/VPSsync/01-WorkspaceSync/modelica-shared/CustomLib/FluidSystemComponents/Compressible/Components/NozzleFlowEquation02.mo' (869)
2026-02-03 06:34:36: Copy Over 'C:/Users/grabacr/VPSsync/01-WorkspaceSync/modelica-shared/CustomLib/FluidSystemComponents/Compressible/Components/NozzleFlowEquation01.mo' -> 'sftp://os3-310-44666.vs.sakura.ne.jp/home/ubuntu/VPSsync/01-WorkspaceSync/modelica-shared/CustomLib/FluidSystemComponents/Compressible/Components/NozzleFlowEquation01.mo' (883)
2026-02-03 06:34:36: Copy Over 'C:/Users/grabacr/VPSsync/01-WorkspaceSync/modelica-shared/CustomLib/FluidSystemComponents/Compressible/Components/NozzleFlowEquation03.mo' -> 'sftp://os3-310-44666.vs.sakura.ne.jp/home/ubuntu/VPSsync/01-WorkspaceSync/modelica-shared/CustomLib/FluidSystemComponents/Compressible/Components/NozzleFlowEquation03.mo' (1,023)
2026-02-03 06:34:36: Copy Over 'C:/Users/grabacr/VPSsync/01-WorkspaceSync/modelica-shared/CustomLib/FluidSystemComponents/Compressible/Components/NozzleFlowEquation_varArea01.mo' -> 'sftp://os3-310-44666.vs.sakura.ne.jp/home/ubuntu/VPSsync/01-WorkspaceSync/modelica-shared/CustomLib/FluidSystemComponents/Compressible/Components/NozzleFlowEquation_varArea01.mo' (1,544)
2026-02-03 06:34:37: Copy Over 'C:/Users/grabacr/VPSsync/01-WorkspaceSync/modelica-shared/CustomLib/FluidSystemComponents/Compressible/Components/NozzleFlowEquation_varMflow01.mo' -> 'sftp://os3-310-44666.vs.sakura.ne.jp/home/ubuntu/VPSsync/01-WorkspaceSync/modelica-shared/CustomLib/FluidSystemComponents/Compressible/Components/NozzleFlowEquation_varMflow01.mo' (1,399)
2026-02-03 06:34:37: Copy Over 'C:/Users/grabacr/VPSsync/01-WorkspaceSync/modelica-shared/CustomLib/FluidSystemComponents/Compressible/Components/ObliqueShock00.mo' -> 'sftp://os3-310-44666.vs.sakura.ne.jp/home/ubuntu/VPSsync/01-WorkspaceSync/modelica-shared/CustomLib/FluidSystemComponents/Compressible/Components/ObliqueShock00.mo' (13,360)
2026-02-03 06:34:37: Copy Over 'C:/Users/grabacr/VPSsync/01-WorkspaceSync/modelica-shared/CustomLib/FluidSystemComponents/Compressible/Components/package.mo' -> 'sftp://os3-310-44666.vs.sakura.ne.jp/home/ubuntu/VPSsync/01-WorkspaceSync/modelica-shared/CustomLib/FluidSystemComponents/Compressible/Components/package.mo' (118)
2026-02-03 06:34:37: Copy Over 'C:/Users/grabacr/VPSsync/01-WorkspaceSync/modelica-shared/CustomLib/FluidSystemComponents/Compressible/Components/package.order' -> 'sftp://os3-310-44666.vs.sakura.ne.jp/home/ubuntu/VPSsync/01-WorkspaceSync/modelica-shared/CustomLib/FluidSystemComponents/Compressible/Components/package.order' (222)
2026-02-03 06:34:37: Copy Over 'C:/Users/grabacr/VPSsync/01-WorkspaceSync/modelica-shared/CustomLib/FluidSystemComponents/CommonAnyFluid/BaseClasses/flow1d.bak-mo' -> 'sftp://os3-310-44666.vs.sakura.ne.jp/home/ubuntu/VPSsync/01-WorkspaceSync/modelica-shared/CustomLib/FluidSystemComponents/CommonAnyFluid/BaseClasses/flow1d.bak-mo' (9,979)
2026-02-03 06:34:37: Copy Over 'C:/Users/grabacr/VPSsync/01-WorkspaceSync/modelica-shared/CustomLib/FluidSystemComponents/CommonAnyFluid/BaseClasses/flow1d2ports00.mo' -> 'sftp://os3-310-44666.vs.sakura.ne.jp/home/ubuntu/VPSsync/01-WorkspaceSync/modelica-shared/CustomLib/FluidSystemComponents/CommonAnyFluid/BaseClasses/flow1d2ports00.mo' (10,469)
2026-02-03 06:34:37: Copy Over 'C:/Users/grabacr/VPSsync/01-WorkspaceSync/modelica-shared/CustomLib/FluidSystemComponents/CommonAnyFluid/BaseClasses/package.mo' -> 'sftp://os3-310-44666.vs.sakura.ne.jp/home/ubuntu/VPSsync/01-WorkspaceSync/modelica-shared/CustomLib/FluidSystemComponents/CommonAnyFluid/BaseClasses/package.mo' (127)
2026-02-03 06:34:37: Copy Over 'C:/Users/grabacr/VPSsync/01-WorkspaceSync/modelica-shared/CustomLib/FluidSystemComponents/CommonAnyFluid/BaseClasses/package.order' -> 'sftp://os3-310-44666.vs.sakura.ne.jp/home/ubuntu/VPSsync/01-WorkspaceSync/modelica-shared/CustomLib/FluidSystemComponents/CommonAnyFluid/BaseClasses/package.order' (38)
2026-02-03 06:34:37: Copy Over 'C:/Users/grabacr/VPSsync/01-WorkspaceSync/modelica-shared/CustomLib/FluidSystemComponents/CommonAnyFluid/BaseClasses/VolumeColorP01.bak-mo' -> 'sftp://os3-310-44666.vs.sakura.ne.jp/home/ubuntu/VPSsync/01-WorkspaceSync/modelica-shared/CustomLib/FluidSystemComponents/CommonAnyFluid/BaseClasses/VolumeColorP01.bak-mo' (115)
2026-02-03 06:34:37: Copy Over 'C:/Users/grabacr/VPSsync/01-WorkspaceSync/modelica-shared/CustomLib/FluidSystemComponents/Compressible/BaseClasses/bdry.mo' -> 'sftp://os3-310-44666.vs.sakura.ne.jp/home/ubuntu/VPSsync/01-WorkspaceSync/modelica-shared/CustomLib/FluidSystemComponents/Compressible/BaseClasses/bdry.mo' (212)
2026-02-03 06:34:38: Copy Over 'C:/Users/grabacr/VPSsync/01-WorkspaceSync/modelica-shared/CustomLib/FluidSystemComponents/Compressible/BaseClasses/IdealGasNozzleFlow_base01.mo' -> 'sftp://os3-310-44666.vs.sakura.ne.jp/home/ubuntu/VPSsync/01-WorkspaceSync/modelica-shared/CustomLib/FluidSystemComponents/Compressible/BaseClasses/IdealGasNozzleFlow_base01.mo' (7,377)
2026-02-03 06:34:38: Copy Over 'C:/Users/grabacr/VPSsync/01-WorkspaceSync/modelica-shared/CustomLib/FluidSystemComponents/Compressible/BaseClasses/IdealGasVolume.bak-mo' -> 'sftp://os3-310-44666.vs.sakura.ne.jp/home/ubuntu/VPSsync/01-WorkspaceSync/modelica-shared/CustomLib/FluidSystemComponents/Compressible/BaseClasses/IdealGasVolume.bak-mo' (113)
2026-02-03 06:34:38: Copy Over 'C:/Users/grabacr/VPSsync/01-WorkspaceSync/modelica-shared/CustomLib/FluidSystemComponents/Compressible/BaseClasses/IdealGasVolume_base01.mo' -> 'sftp://os3-310-44666.vs.sakura.ne.jp/home/ubuntu/VPSsync/01-WorkspaceSync/modelica-shared/CustomLib/FluidSystemComponents/Compressible/BaseClasses/IdealGasVolume_base01.mo' (4,332)
2026-02-03 06:34:38: Copy Over 'C:/Users/grabacr/VPSsync/01-WorkspaceSync/modelica-shared/CustomLib/FluidSystemComponents/Compressible/BaseClasses/NozzleFlowEquation_base01.mo' -> 'sftp://os3-310-44666.vs.sakura.ne.jp/home/ubuntu/VPSsync/01-WorkspaceSync/modelica-shared/CustomLib/FluidSystemComponents/Compressible/BaseClasses/NozzleFlowEquation_base01.mo' (10,042)
2026-02-03 06:34:38: Copy Over 'C:/Users/grabacr/VPSsync/01-WorkspaceSync/modelica-shared/CustomLib/FluidSystemComponents/Compressible/BaseClasses/NozzleFlowEquation_base02.mo' -> 'sftp://os3-310-44666.vs.sakura.ne.jp/home/ubuntu/VPSsync/01-WorkspaceSync/modelica-shared/CustomLib/FluidSystemComponents/Compressible/BaseClasses/NozzleFlowEquation_base02.mo' (9,527)
2026-02-03 06:34:38: Copy Over 'C:/Users/grabacr/VPSsync/01-WorkspaceSync/modelica-shared/CustomLib/FluidSystemComponents/Compressible/BaseClasses/NozzleFlowEquation_base03.mo' -> 'sftp://os3-310-44666.vs.sakura.ne.jp/home/ubuntu/VPSsync/01-WorkspaceSync/modelica-shared/CustomLib/FluidSystemComponents/Compressible/BaseClasses/NozzleFlowEquation_base03.mo' (7,790)
2026-02-03 06:34:38: Copy Over 'C:/Users/grabacr/VPSsync/01-WorkspaceSync/modelica-shared/CustomLib/FluidSystemComponents/Compressible/BaseClasses/package.order' -> 'sftp://os3-310-44666.vs.sakura.ne.jp/home/ubuntu/VPSsync/01-WorkspaceSync/modelica-shared/CustomLib/FluidSystemComponents/Compressible/BaseClasses/package.order' (137)
2026-02-03 06:34:38: Copy Over 'C:/Users/grabacr/VPSsync/01-WorkspaceSync/modelica-shared/CustomLib/FluidSystemComponents/Compressible/BaseClasses/package.mo' -> 'sftp://os3-310-44666.vs.sakura.ne.jp/home/ubuntu/VPSsync/01-WorkspaceSync/modelica-shared/CustomLib/FluidSystemComponents/Compressible/BaseClasses/package.mo' (125)
2026-02-03 06:34:38: Copy Over 'C:/Users/grabacr/VPSsync/01-WorkspaceSync/modelica-shared/CustomLib/FluidSystemComponents/Compressible/Function/CriticalPressureRatio.mo' -> 'sftp://os3-310-44666.vs.sakura.ne.jp/home/ubuntu/VPSsync/01-WorkspaceSync/modelica-shared/CustomLib/FluidSystemComponents/Compressible/Function/CriticalPressureRatio.mo' (371)
2026-02-03 06:34:38: Copy Over 'C:/Users/grabacr/VPSsync/01-WorkspaceSync/modelica-shared/CustomLib/FluidSystemComponents/Compressible/Examples/AssyComponents/ComplexFNW_ex03_v01.mo' -> 'sftp://os3-310-44666.vs.sakura.ne.jp/home/ubuntu/VPSsync/01-WorkspaceSync/modelica-shared/CustomLib/FluidSystemComponents/Compressible/Examples/AssyComponents/ComplexFNW_ex03_v01.mo' (13,533)
2026-02-03 06:34:38: Copy Over 'C:/Users/grabacr/VPSsync/01-WorkspaceSync/modelica-shared/CustomLib/FluidSystemComponents/Compressible/Examples/AssyComponents/ComplexFNW_ex02_v01.mo' -> 'sftp://os3-310-44666.vs.sakura.ne.jp/home/ubuntu/VPSsync/01-WorkspaceSync/modelica-shared/CustomLib/FluidSystemComponents/Compressible/Examples/AssyComponents/ComplexFNW_ex02_v01.mo' (41,480)
2026-02-03 06:34:38: Copy Over 'C:/Users/grabacr/VPSsync/01-WorkspaceSync/modelica-shared/CustomLib/FluidSystemComponents/Compressible/Examples/AssyComponents/package.mo' -> 'sftp://os3-310-44666.vs.sakura.ne.jp/home/ubuntu/VPSsync/01-WorkspaceSync/modelica-shared/CustomLib/FluidSystemComponents/Compressible/Examples/AssyComponents/package.mo' (143)
2026-02-03 06:34:39: Copy Over 'C:/Users/grabacr/VPSsync/01-WorkspaceSync/modelica-shared/CustomLib/FluidSystemComponents/Compressible/Examples/AssyComponents/package.order' -> 'sftp://os3-310-44666.vs.sakura.ne.jp/home/ubuntu/VPSsync/01-WorkspaceSync/modelica-shared/CustomLib/FluidSystemComponents/Compressible/Examples/AssyComponents/package.order' (42)
2026-02-03 06:34:39: Copy Over 'C:/Users/grabacr/VPSsync/01-WorkspaceSync/modelica-shared/CustomLib/FluidSystemComponents/Compressible/Function/IsentropicExpandingFlow01.mo' -> 'sftp://os3-310-44666.vs.sakura.ne.jp/home/ubuntu/VPSsync/01-WorkspaceSync/modelica-shared/CustomLib/FluidSystemComponents/Compressible/Function/IsentropicExpandingFlow01.mo' (3,424)
2026-02-03 06:34:39: Copy Over 'C:/Users/grabacr/VPSsync/01-WorkspaceSync/modelica-shared/CustomLib/FluidSystemComponents/Compressible/Function/package.mo' -> 'sftp://os3-310-44666.vs.sakura.ne.jp/home/ubuntu/VPSsync/01-WorkspaceSync/modelica-shared/CustomLib/FluidSystemComponents/Compressible/Function/package.mo' (123)
2026-02-03 06:34:39: Copy Over 'C:/Users/grabacr/VPSsync/01-WorkspaceSync/modelica-shared/CustomLib/FluidSystemComponents/Compressible/Function/package.order' -> 'sftp://os3-310-44666.vs.sakura.ne.jp/home/ubuntu/VPSsync/01-WorkspaceSync/modelica-shared/CustomLib/FluidSystemComponents/Compressible/Function/package.order' (50)
2026-02-03 06:34:39: Copy Over 'C:/Users/grabacr/VPSsync/01-WorkspaceSync/modelica-shared/CustomLib/FluidSystemComponents/Compressible/Examples/package.mo' -> 'sftp://os3-310-44666.vs.sakura.ne.jp/home/ubuntu/VPSsync/01-WorkspaceSync/modelica-shared/CustomLib/FluidSystemComponents/Compressible/Examples/package.mo' (122)
2026-02-03 06:34:39: Copy Over 'C:/Users/grabacr/VPSsync/01-WorkspaceSync/modelica-shared/CustomLib/FluidSystemComponents/Compressible/Examples/package.order' -> 'sftp://os3-310-44666.vs.sakura.ne.jp/home/ubuntu/VPSsync/01-WorkspaceSync/modelica-shared/CustomLib/FluidSystemComponents/Compressible/Examples/package.order' (38)
2026-02-03 06:34:39: Copy Over 'C:/Users/grabacr/VPSsync/01-WorkspaceSync/modelica-shared/CustomLib/FluidSystemComponents/Compressible/Examples/Test/ChokingFlowLine_02_v01.mo' -> 'sftp://os3-310-44666.vs.sakura.ne.jp/home/ubuntu/VPSsync/01-WorkspaceSync/modelica-shared/CustomLib/FluidSystemComponents/Compressible/Examples/Test/ChokingFlowLine_02_v01.mo' (7,579)
2026-02-03 06:34:39: Copy Over 'C:/Users/grabacr/VPSsync/01-WorkspaceSync/modelica-shared/CustomLib/FluidSystemComponents/Compressible/Examples/Test/ChokingFlowLine_01_v01.mo' -> 'sftp://os3-310-44666.vs.sakura.ne.jp/home/ubuntu/VPSsync/01-WorkspaceSync/modelica-shared/CustomLib/FluidSystemComponents/Compressible/Examples/Test/ChokingFlowLine_01_v01.mo' (9,510)
2026-02-03 06:34:39: Copy Over 'C:/Users/grabacr/VPSsync/01-WorkspaceSync/modelica-shared/CustomLib/FluidSystemComponents/Compressible/Examples/Temp/FluidGridNW_ex01_v001.mo' -> 'sftp://os3-310-44666.vs.sakura.ne.jp/home/ubuntu/VPSsync/01-WorkspaceSync/modelica-shared/CustomLib/FluidSystemComponents/Compressible/Examples/Temp/FluidGridNW_ex01_v001.mo' (72,224)
2026-02-03 06:34:39: Copy Over 'C:/Users/grabacr/VPSsync/01-WorkspaceSync/modelica-shared/CustomLib/FluidSystemComponents/Compressible/Examples/Test/ComplexFlowNetwork_02_v01.mo' -> 'sftp://os3-310-44666.vs.sakura.ne.jp/home/ubuntu/VPSsync/01-WorkspaceSync/modelica-shared/CustomLib/FluidSystemComponents/Compressible/Examples/Test/ComplexFlowNetwork_02_v01.mo' (11,689)
2026-02-03 06:34:39: Copy Over 'C:/Users/grabacr/VPSsync/01-WorkspaceSync/modelica-shared/CustomLib/FluidSystemComponents/Compressible/Examples/Test/ComplexFlowNetwork_02_v01_temp02.mo' -> 'sftp://os3-310-44666.vs.sakura.ne.jp/home/ubuntu/VPSsync/01-WorkspaceSync/modelica-shared/CustomLib/FluidSystemComponents/Compressible/Examples/Test/ComplexFlowNetwork_02_v01_temp02.mo' (16,493)
2026-02-03 06:34:39: Copy Over 'C:/Users/grabacr/VPSsync/01-WorkspaceSync/modelica-shared/CustomLib/FluidSystemComponents/Compressible/Examples/Test/ComplexFlowNetwork_02_v01_temp03.mo' -> 'sftp://os3-310-44666.vs.sakura.ne.jp/home/ubuntu/VPSsync/01-WorkspaceSync/modelica-shared/CustomLib/FluidSystemComponents/Compressible/Examples/Test/ComplexFlowNetwork_02_v01_temp03.mo' (11,778)
2026-02-03 06:34:40: Copy Over 'C:/Users/grabacr/VPSsync/01-WorkspaceSync/modelica-shared/CustomLib/FluidSystemComponents/Compressible/Examples/Test/ComplexFlowNetwork_02_v01_temp04.mo' -> 'sftp://os3-310-44666.vs.sakura.ne.jp/home/ubuntu/VPSsync/01-WorkspaceSync/modelica-shared/CustomLib/FluidSystemComponents/Compressible/Examples/Test/ComplexFlowNetwork_02_v01_temp04.mo' (19,296)
2026-02-03 06:34:40: Copy Over 'C:/Users/grabacr/VPSsync/01-WorkspaceSync/modelica-shared/CustomLib/FluidSystemComponents/Compressible/Examples/Test/ComplexFlowNetwork_02_v01_temp05.mo' -> 'sftp://os3-310-44666.vs.sakura.ne.jp/home/ubuntu/VPSsync/01-WorkspaceSync/modelica-shared/CustomLib/FluidSystemComponents/Compressible/Examples/Test/ComplexFlowNetwork_02_v01_temp05.mo' (25,266)
2026-02-03 06:34:40: Copy Over 'C:/Users/grabacr/VPSsync/01-WorkspaceSync/modelica-shared/CustomLib/FluidSystemComponents/Compressible/Examples/Test/ComplexFlowNetwork_02_v01_temp05_tran.mo' -> 'sftp://os3-310-44666.vs.sakura.ne.jp/home/ubuntu/VPSsync/01-WorkspaceSync/modelica-shared/CustomLib/FluidSystemComponents/Compressible/Examples/Test/ComplexFlowNetwork_02_v01_temp05_tran.mo' (25,286)
2026-02-03 06:34:40: Copy Over 'C:/Users/grabacr/VPSsync/01-WorkspaceSync/modelica-shared/CustomLib/FluidSystemComponents/Compressible/Examples/Test/ComplexFlowNetwork_02_v01_temp06.mo' -> 'sftp://os3-310-44666.vs.sakura.ne.jp/home/ubuntu/VPSsync/01-WorkspaceSync/modelica-shared/CustomLib/FluidSystemComponents/Compressible/Examples/Test/ComplexFlowNetwork_02_v01_temp06.mo' (30,922)
2026-02-03 06:34:40: Copy Over 'C:/Users/grabacr/VPSsync/01-WorkspaceSync/modelica-shared/CustomLib/FluidSystemComponents/Compressible/Examples/Test/ComplexFlowNetwork_03_v01_temp01.mo' -> 'sftp://os3-310-44666.vs.sakura.ne.jp/home/ubuntu/VPSsync/01-WorkspaceSync/modelica-shared/CustomLib/FluidSystemComponents/Compressible/Examples/Test/ComplexFlowNetwork_03_v01_temp01.mo' (12,522)
2026-02-03 06:34:40: Copy Over 'C:/Users/grabacr/VPSsync/01-WorkspaceSync/modelica-shared/CustomLib/FluidSystemComponents/Compressible/Examples/Test/ComplexFlowNetwork_02_v01_temp07.mo' -> 'sftp://os3-310-44666.vs.sakura.ne.jp/home/ubuntu/VPSsync/01-WorkspaceSync/modelica-shared/CustomLib/FluidSystemComponents/Compressible/Examples/Test/ComplexFlowNetwork_02_v01_temp07.mo' (36,027)
2026-02-03 06:34:40: Copy Over 'C:/Users/grabacr/VPSsync/01-WorkspaceSync/modelica-shared/CustomLib/FluidSystemComponents/Compressible/Examples/Test/ComplexFlowNetwork_v004_temp01.mo' -> 'sftp://os3-310-44666.vs.sakura.ne.jp/home/ubuntu/VPSsync/01-WorkspaceSync/modelica-shared/CustomLib/FluidSystemComponents/Compressible/Examples/Test/ComplexFlowNetwork_v004_temp01.mo' (37,147)
2026-02-03 06:34:40: Copy Over 'C:/Users/grabacr/VPSsync/01-WorkspaceSync/modelica-shared/CustomLib/FluidSystemComponents/Compressible/Examples/Test/ComplexFlowNetwork_v004_temp02.mo' -> 'sftp://os3-310-44666.vs.sakura.ne.jp/home/ubuntu/VPSsync/01-WorkspaceSync/modelica-shared/CustomLib/FluidSystemComponents/Compressible/Examples/Test/ComplexFlowNetwork_v004_temp02.mo' (37,201)
2026-02-03 06:34:40: Copy Over 'C:/Users/grabacr/VPSsync/01-WorkspaceSync/modelica-shared/CustomLib/FluidSystemComponents/Compressible/Examples/Test/FlowPathNetwork_v001.mo' -> 'sftp://os3-310-44666.vs.sakura.ne.jp/home/ubuntu/VPSsync/01-WorkspaceSync/modelica-shared/CustomLib/FluidSystemComponents/Compressible/Examples/Test/FlowPathNetwork_v001.mo' (36,851)
2026-02-03 06:34:41: Copy Over 'C:/Users/grabacr/VPSsync/01-WorkspaceSync/modelica-shared/CustomLib/FluidSystemComponents/Compressible/Examples/Test/IdealGasNozzleFlow_test01.bak-mo' -> 'sftp://os3-310-44666.vs.sakura.ne.jp/home/ubuntu/VPSsync/01-WorkspaceSync/modelica-shared/CustomLib/FluidSystemComponents/Compressible/Examples/Test/IdealGasNozzleFlow_test01.bak-mo' (2,802)
2026-02-03 06:34:41: Copy Over 'C:/Users/grabacr/VPSsync/01-WorkspaceSync/modelica-shared/CustomLib/FluidSystemComponents/Compressible/Examples/Test/IdealGasVolume01_test01.mo' -> 'sftp://os3-310-44666.vs.sakura.ne.jp/home/ubuntu/VPSsync/01-WorkspaceSync/modelica-shared/CustomLib/FluidSystemComponents/Compressible/Examples/Test/IdealGasVolume01_test01.mo' (5,698)
2026-02-03 06:34:41: Copy Over 'C:/Users/grabacr/VPSsync/01-WorkspaceSync/modelica-shared/CustomLib/FluidSystemComponents/Compressible/Examples/Test/NozzleFlowEquation_ex01.mo' -> 'sftp://os3-310-44666.vs.sakura.ne.jp/home/ubuntu/VPSsync/01-WorkspaceSync/modelica-shared/CustomLib/FluidSystemComponents/Compressible/Examples/Test/NozzleFlowEquation_ex01.mo' (3,324)
2026-02-03 06:34:41: Copy Over 'C:/Users/grabacr/VPSsync/01-WorkspaceSync/modelica-shared/CustomLib/FluidSystemComponents/Compressible/Examples/Test/NozzleFlowEquation_varArea01_test01.bak-mo' -> 'sftp://os3-310-44666.vs.sakura.ne.jp/home/ubuntu/VPSsync/01-WorkspaceSync/modelica-shared/CustomLib/FluidSystemComponents/Compressible/Examples/Test/NozzleFlowEquation_varArea01_test01.bak-mo' (2,343)
2026-02-03 06:34:41: Copy Over 'C:/Users/grabacr/VPSsync/01-WorkspaceSync/modelica-shared/CustomLib/FluidSystemComponents/Compressible/Examples/Test/NozzleFlowEquation_ex02.mo' -> 'sftp://os3-310-44666.vs.sakura.ne.jp/home/ubuntu/VPSsync/01-WorkspaceSync/modelica-shared/CustomLib/FluidSystemComponents/Compressible/Examples/Test/NozzleFlowEquation_ex02.mo' (4,726)
2026-02-03 06:34:41: Copy Over 'C:/Users/grabacr/VPSsync/01-WorkspaceSync/modelica-shared/CustomLib/FluidSystemComponents/Compressible/Examples/Test/NozzleFlowEquation_varMflow01_test01.bak-mo' -> 'sftp://os3-310-44666.vs.sakura.ne.jp/home/ubuntu/VPSsync/01-WorkspaceSync/modelica-shared/CustomLib/FluidSystemComponents/Compressible/Examples/Test/NozzleFlowEquation_varMflow01_test01.bak-mo' (2,350)
2026-02-03 06:34:41: Copy Over 'C:/Users/grabacr/VPSsync/01-WorkspaceSync/modelica-shared/CustomLib/FluidSystemComponents/Compressible/Examples/Test/package.mo' -> 'sftp://os3-310-44666.vs.sakura.ne.jp/home/ubuntu/VPSsync/01-WorkspaceSync/modelica-shared/CustomLib/FluidSystemComponents/Compressible/Examples/Test/package.mo' (123)
2026-02-03 06:34:41: Copy Over 'C:/Users/grabacr/VPSsync/01-WorkspaceSync/modelica-shared/CustomLib/FluidSystemComponents/Compressible/Examples/Test/ObliqueShock00_ex01.mo' -> 'sftp://os3-310-44666.vs.sakura.ne.jp/home/ubuntu/VPSsync/01-WorkspaceSync/modelica-shared/CustomLib/FluidSystemComponents/Compressible/Examples/Test/ObliqueShock00_ex01.mo' (3,203)
2026-02-03 06:34:41: Copy Over 'C:/Users/grabacr/VPSsync/01-WorkspaceSync/modelica-shared/CustomLib/FluidSystemComponents/Compressible/Examples/Test/package.order' -> 'sftp://os3-310-44666.vs.sakura.ne.jp/home/ubuntu/VPSsync/01-WorkspaceSync/modelica-shared/CustomLib/FluidSystemComponents/Compressible/Examples/Test/package.order' (534)
2026-02-03 06:34:41: Copy Over 'C:/Users/grabacr/VPSsync/01-WorkspaceSync/modelica-shared/CustomLib/FluidSystemComponents/Compressible/Examples/Temp/FluidNW_ex01_00.bak-mo' -> 'sftp://os3-310-44666.vs.sakura.ne.jp/home/ubuntu/VPSsync/01-WorkspaceSync/modelica-shared/CustomLib/FluidSystemComponents/Compressible/Examples/Temp/FluidNW_ex01_00.bak-mo' (2,351)
2026-02-03 06:34:41: Copy Over 'C:/Users/grabacr/VPSsync/01-WorkspaceSync/modelica-shared/CustomLib/FluidSystemComponents/Compressible/Examples/Temp/FluidNW_ex01_v001_FluidHeatFlow.mo' -> 'sftp://os3-310-44666.vs.sakura.ne.jp/home/ubuntu/VPSsync/01-WorkspaceSync/modelica-shared/CustomLib/FluidSystemComponents/Compressible/Examples/Temp/FluidNW_ex01_v001_FluidHeatFlow.mo' (20,750)
2026-02-03 06:34:41: Copy Over 'C:/Users/grabacr/VPSsync/01-WorkspaceSync/modelica-shared/CustomLib/FluidSystemComponents/Compressible/Examples/Temp/FluidNW_ex01_v001.mo' -> 'sftp://os3-310-44666.vs.sakura.ne.jp/home/ubuntu/VPSsync/01-WorkspaceSync/modelica-shared/CustomLib/FluidSystemComponents/Compressible/Examples/Temp/FluidNW_ex01_v001.mo' (18,776)
2026-02-03 06:34:42: Copy Over 'C:/Users/grabacr/VPSsync/01-WorkspaceSync/modelica-shared/CustomLib/FluidSystemComponents/Compressible/Examples/Temp/package.order' -> 'sftp://os3-310-44666.vs.sakura.ne.jp/home/ubuntu/VPSsync/01-WorkspaceSync/modelica-shared/CustomLib/FluidSystemComponents/Compressible/Examples/Temp/package.order' (100)
2026-02-03 06:34:42: Copy Over 'C:/Users/grabacr/VPSsync/01-WorkspaceSync/modelica-shared/CustomLib/FluidSystemComponents/Compressible/Examples/Temp/package.mo' -> 'sftp://os3-310-44666.vs.sakura.ne.jp/home/ubuntu/VPSsync/01-WorkspaceSync/modelica-shared/CustomLib/FluidSystemComponents/Compressible/Examples/Temp/package.mo' (123)
2026-02-03 06:34:42: Copy Over 'C:/Users/grabacr/VPSsync/01-WorkspaceSync/modelica-shared/CustomLib/FluidSystemComponents/Compressible/Examples/Temp/FluidNW_ex01_v001_noVol.mo' -> 'sftp://os3-310-44666.vs.sakura.ne.jp/home/ubuntu/VPSsync/01-WorkspaceSync/modelica-shared/CustomLib/FluidSystemComponents/Compressible/Examples/Temp/FluidNW_ex01_v001_noVol.mo' (12,718)
2026-02-03 06:34:42: Copy Over 'C:/Users/grabacr/VPSsync/01-WorkspaceSync/modelica-shared/CustomLib/FluidSystemComponents/Compressible/package.mo' -> 'sftp://os3-310-44666.vs.sakura.ne.jp/home/ubuntu/VPSsync/01-WorkspaceSync/modelica-shared/CustomLib/FluidSystemComponents/Compressible/package.mo' (109)
2026-02-03 06:34:42: Copy Over 'C:/Users/grabacr/VPSsync/01-WorkspaceSync/modelica-shared/CustomLib/FluidSystemComponents/Compressible/Examples/Tutorial/ComplexFlowNetwork_ex02_v01.mo' -> 'sftp://os3-310-44666.vs.sakura.ne.jp/home/ubuntu/VPSsync/01-WorkspaceSync/modelica-shared/CustomLib/FluidSystemComponents/Compressible/Examples/Tutorial/ComplexFlowNetwork_ex02_v01.mo' (34,495)
2026-02-03 06:34:42: Copy Over 'C:/Users/grabacr/VPSsync/01-WorkspaceSync/modelica-shared/CustomLib/FluidSystemComponents/Compressible/Examples/Tutorial/ComplexFlowNetwork_ex03_v01.mo' -> 'sftp://os3-310-44666.vs.sakura.ne.jp/home/ubuntu/VPSsync/01-WorkspaceSync/modelica-shared/CustomLib/FluidSystemComponents/Compressible/Examples/Tutorial/ComplexFlowNetwork_ex03_v01.mo' (12,535)
2026-02-03 06:34:42: Copy Over 'C:/Users/grabacr/VPSsync/01-WorkspaceSync/modelica-shared/CustomLib/FluidSystemComponents/Compressible/Examples/Tutorial/ComplexFlowNetwork_v001.mo' -> 'sftp://os3-310-44666.vs.sakura.ne.jp/home/ubuntu/VPSsync/01-WorkspaceSync/modelica-shared/CustomLib/FluidSystemComponents/Compressible/Examples/Tutorial/ComplexFlowNetwork_v001.mo' (36,860)
2026-02-03 06:34:42: Copy Over 'C:/Users/grabacr/VPSsync/01-WorkspaceSync/modelica-shared/CustomLib/FluidSystemComponents/Compressible/Examples/Tutorial/ComplexFlowNetwork_v003.bak-mo' -> 'sftp://os3-310-44666.vs.sakura.ne.jp/home/ubuntu/VPSsync/01-WorkspaceSync/modelica-shared/CustomLib/FluidSystemComponents/Compressible/Examples/Tutorial/ComplexFlowNetwork_v003.bak-mo' (36,872)
2026-02-03 06:34:42: Copy Over 'C:/Users/grabacr/VPSsync/01-WorkspaceSync/modelica-shared/CustomLib/FluidSystemComponents/Compressible/Examples/Tutorial/ComplexFlowNetwork_v002.bak-mo' -> 'sftp://os3-310-44666.vs.sakura.ne.jp/home/ubuntu/VPSsync/01-WorkspaceSync/modelica-shared/CustomLib/FluidSystemComponents/Compressible/Examples/Tutorial/ComplexFlowNetwork_v002.bak-mo' (36,850)
2026-02-03 06:34:42: Copy Over 'C:/Users/grabacr/VPSsync/01-WorkspaceSync/modelica-shared/CustomLib/FluidSystemComponents/Compressible/Examples/Tutorial/ComplexFlowNetwork_v003.mo' -> 'sftp://os3-310-44666.vs.sakura.ne.jp/home/ubuntu/VPSsync/01-WorkspaceSync/modelica-shared/CustomLib/FluidSystemComponents/Compressible/Examples/Tutorial/ComplexFlowNetwork_v003.mo' (37,036)
2026-02-03 06:34:42: Copy Over 'C:/Users/grabacr/VPSsync/01-WorkspaceSync/modelica-shared/CustomLib/FluidSystemComponents/Compressible/Examples/Tutorial/ComplexFlowNetwork_v004.bak-mo' -> 'sftp://os3-310-44666.vs.sakura.ne.jp/home/ubuntu/VPSsync/01-WorkspaceSync/modelica-shared/CustomLib/FluidSystemComponents/Compressible/Examples/Tutorial/ComplexFlowNetwork_v004.bak-mo' (37,309)
2026-02-03 06:34:43: Copy Over 'C:/Users/grabacr/VPSsync/01-WorkspaceSync/modelica-shared/CustomLib/FluidSystemComponents/Compressible/Examples/Tutorial/ComplexFlowNetwork_v005.bak-mo' -> 'sftp://os3-310-44666.vs.sakura.ne.jp/home/ubuntu/VPSsync/01-WorkspaceSync/modelica-shared/CustomLib/FluidSystemComponents/Compressible/Examples/Tutorial/ComplexFlowNetwork_v005.bak-mo' (38,830)
2026-02-03 06:34:43: Copy Over 'C:/Users/grabacr/VPSsync/01-WorkspaceSync/modelica-shared/CustomLib/FluidSystemComponents/Compressible/Examples/Tutorial/IdealGasNozzleFlow01_ex01.mo' -> 'sftp://os3-310-44666.vs.sakura.ne.jp/home/ubuntu/VPSsync/01-WorkspaceSync/modelica-shared/CustomLib/FluidSystemComponents/Compressible/Examples/Tutorial/IdealGasNozzleFlow01_ex01.mo' (3,395)
2026-02-03 06:34:43: Copy Over 'C:/Users/grabacr/VPSsync/01-WorkspaceSync/modelica-shared/CustomLib/FluidSystemComponents/Compressible/Examples/Tutorial/ComplexFlowNetwork_v006.bak-mo' -> 'sftp://os3-310-44666.vs.sakura.ne.jp/home/ubuntu/VPSsync/01-WorkspaceSync/modelica-shared/CustomLib/FluidSystemComponents/Compressible/Examples/Tutorial/ComplexFlowNetwork_v006.bak-mo' (38,830)
2026-02-03 06:34:43: Copy Over 'C:/Users/grabacr/VPSsync/01-WorkspaceSync/modelica-shared/CustomLib/FluidSystemComponents/Compressible/Examples/Tutorial/FluidGridNW_5x5_ex01.mo' -> 'sftp://os3-310-44666.vs.sakura.ne.jp/home/ubuntu/VPSsync/01-WorkspaceSync/modelica-shared/CustomLib/FluidSystemComponents/Compressible/Examples/Tutorial/FluidGridNW_5x5_ex01.mo' (71,900)
2026-02-03 06:34:43: Copy Over 'C:/Users/grabacr/VPSsync/01-WorkspaceSync/modelica-shared/CustomLib/FluidSystemComponents/Compressible/Examples/Tutorial/MultiObliqueShocks00_ex01.mo' -> 'sftp://os3-310-44666.vs.sakura.ne.jp/home/ubuntu/VPSsync/01-WorkspaceSync/modelica-shared/CustomLib/FluidSystemComponents/Compressible/Examples/Tutorial/MultiObliqueShocks00_ex01.mo' (4,742)
2026-02-03 06:34:43: Copy Over 'C:/Users/grabacr/VPSsync/01-WorkspaceSync/modelica-shared/CustomLib/FluidSystemComponents/Compressible/Examples/Tutorial/IdealGasVolumeColorP01_ex01.mo' -> 'sftp://os3-310-44666.vs.sakura.ne.jp/home/ubuntu/VPSsync/01-WorkspaceSync/modelica-shared/CustomLib/FluidSystemComponents/Compressible/Examples/Tutorial/IdealGasVolumeColorP01_ex01.mo' (3,931)
2026-02-03 06:34:43: Copy Over 'C:/Users/grabacr/VPSsync/01-WorkspaceSync/modelica-shared/CustomLib/FluidSystemComponents/Compressible/Examples/Tutorial/MultilayerModels/MultiFlowNW_ex01_v01.mo' -> 'sftp://os3-310-44666.vs.sakura.ne.jp/home/ubuntu/VPSsync/01-WorkspaceSync/modelica-shared/CustomLib/FluidSystemComponents/Compressible/Examples/Tutorial/MultilayerModels/MultiFlowNW_ex01_v01.mo' (2,914)
2026-02-03 06:34:43: Copy Over 'C:/Users/grabacr/VPSsync/01-WorkspaceSync/modelica-shared/CustomLib/FluidSystemComponents/Compressible/Examples/Tutorial/MultilayerModels/package.order' -> 'sftp://os3-310-44666.vs.sakura.ne.jp/home/ubuntu/VPSsync/01-WorkspaceSync/modelica-shared/CustomLib/FluidSystemComponents/Compressible/Examples/Tutorial/MultilayerModels/package.order' (22)
2026-02-03 06:34:43: Copy Over 'C:/Users/grabacr/VPSsync/01-WorkspaceSync/modelica-shared/CustomLib/FluidSystemComponents/Compressible/Examples/Tutorial/MultilayerModels/package.mo' -> 'sftp://os3-310-44666.vs.sakura.ne.jp/home/ubuntu/VPSsync/01-WorkspaceSync/modelica-shared/CustomLib/FluidSystemComponents/Compressible/Examples/Tutorial/MultilayerModels/package.mo' (156)
2026-02-03 06:34:43: Copy Over 'C:/Users/grabacr/VPSsync/01-WorkspaceSync/modelica-shared/CustomLib/FluidSystemComponents/Compressible/Examples/Tutorial/NozzleFlowEquation01_ex01.mo' -> 'sftp://os3-310-44666.vs.sakura.ne.jp/home/ubuntu/VPSsync/01-WorkspaceSync/modelica-shared/CustomLib/FluidSystemComponents/Compressible/Examples/Tutorial/NozzleFlowEquation01_ex01.mo' (3,374)
2026-02-03 06:34:44: Copy Over 'C:/Users/grabacr/VPSsync/01-WorkspaceSync/modelica-shared/CustomLib/FluidSystemComponents/Compressible/Examples/Tutorial/NozzleFlowEquation02_ex01.mo' -> 'sftp://os3-310-44666.vs.sakura.ne.jp/home/ubuntu/VPSsync/01-WorkspaceSync/modelica-shared/CustomLib/FluidSystemComponents/Compressible/Examples/Tutorial/NozzleFlowEquation02_ex01.mo' (3,375)
2026-02-03 06:34:44: Copy Over 'C:/Users/grabacr/VPSsync/01-WorkspaceSync/modelica-shared/CustomLib/FluidSystemComponents/Compressible/Examples/Tutorial/NozzleFlowEquation03_ex01.mo' -> 'sftp://os3-310-44666.vs.sakura.ne.jp/home/ubuntu/VPSsync/01-WorkspaceSync/modelica-shared/CustomLib/FluidSystemComponents/Compressible/Examples/Tutorial/NozzleFlowEquation03_ex01.mo' (5,535)
2026-02-03 06:34:44: Copy Over 'C:/Users/grabacr/VPSsync/01-WorkspaceSync/modelica-shared/CustomLib/FluidSystemComponents/Compressible/Examples/Tutorial/NozzleFlowEquation03_ex02.mo' -> 'sftp://os3-310-44666.vs.sakura.ne.jp/home/ubuntu/VPSsync/01-WorkspaceSync/modelica-shared/CustomLib/FluidSystemComponents/Compressible/Examples/Tutorial/NozzleFlowEquation03_ex02.mo' (3,819)
2026-02-03 06:34:44: Copy Over 'C:/Users/grabacr/VPSsync/01-WorkspaceSync/modelica-shared/CustomLib/FluidSystemComponents/Compressible/Examples/Tutorial/NozzleFlowEquation_varArea01_ex01.mo' -> 'sftp://os3-310-44666.vs.sakura.ne.jp/home/ubuntu/VPSsync/01-WorkspaceSync/modelica-shared/CustomLib/FluidSystemComponents/Compressible/Examples/Tutorial/NozzleFlowEquation_varArea01_ex01.mo' (2,399)
2026-02-03 06:34:44: Copy Over 'C:/Users/grabacr/VPSsync/01-WorkspaceSync/modelica-shared/CustomLib/FluidSystemComponents/Compressible/Examples/Tutorial/NozzleFlowEquation_varMflow01_test01.mo' -> 'sftp://os3-310-44666.vs.sakura.ne.jp/home/ubuntu/VPSsync/01-WorkspaceSync/modelica-shared/CustomLib/FluidSystemComponents/Compressible/Examples/Tutorial/NozzleFlowEquation_varMflow01_test01.mo' (2,419)
2026-02-03 06:34:44: Copy Over 'C:/Users/grabacr/VPSsync/01-WorkspaceSync/modelica-shared/CustomLib/FluidSystemComponents/Compressible/Examples/Tutorial/ObliqueShock00_ex01.mo' -> 'sftp://os3-310-44666.vs.sakura.ne.jp/home/ubuntu/VPSsync/01-WorkspaceSync/modelica-shared/CustomLib/FluidSystemComponents/Compressible/Examples/Tutorial/ObliqueShock00_ex01.mo' (5,402)
2026-02-03 06:34:44: Copy Over 'C:/Users/grabacr/VPSsync/01-WorkspaceSync/modelica-shared/CustomLib/FluidSystemComponents/Compressible/Examples/Tutorial/package.order' -> 'sftp://os3-310-44666.vs.sakura.ne.jp/home/ubuntu/VPSsync/01-WorkspaceSync/modelica-shared/CustomLib/FluidSystemComponents/Compressible/Examples/Tutorial/package.order' (433)
2026-02-03 06:34:44: Copy Over 'C:/Users/grabacr/VPSsync/01-WorkspaceSync/modelica-shared/CustomLib/FluidSystemComponents/Compressible/Examples/Tutorial/package.mo' -> 'sftp://os3-310-44666.vs.sakura.ne.jp/home/ubuntu/VPSsync/01-WorkspaceSync/modelica-shared/CustomLib/FluidSystemComponents/Compressible/Examples/Tutorial/package.mo' (131)
2026-02-03 06:34:44: Copy Over 'C:/Users/grabacr/VPSsync/01-WorkspaceSync/modelica-shared/CustomLib/FluidSystemComponents/Compressible/package.order' -> 'sftp://os3-310-44666.vs.sakura.ne.jp/home/ubuntu/VPSsync/01-WorkspaceSync/modelica-shared/CustomLib/FluidSystemComponents/Compressible/package.order' (45)
2026-02-03 06:34:44: Copy Over 'C:/Users/grabacr/VPSsync/01-WorkspaceSync/modelica-shared/CustomLib/FluidSystemComponents/CommonAnyFluid/Components/ClosedVolumeColor00.bak-mo' -> 'sftp://os3-310-44666.vs.sakura.ne.jp/home/ubuntu/VPSsync/01-WorkspaceSync/modelica-shared/CustomLib/FluidSystemComponents/CommonAnyFluid/Components/ClosedVolumeColor00.bak-mo' (124)
2026-02-03 06:34:44: Copy Over 'C:/Users/grabacr/VPSsync/01-WorkspaceSync/modelica-shared/CustomLib/FluidSystemComponents/CommonAnyFluid/Examples/Components/ExpToAmb_ex01.mo' -> 'sftp://os3-310-44666.vs.sakura.ne.jp/home/ubuntu/VPSsync/01-WorkspaceSync/modelica-shared/CustomLib/FluidSystemComponents/CommonAnyFluid/Examples/Components/ExpToAmb_ex01.mo' (3,216)
2026-02-03 06:34:44: Copy Over 'C:/Users/grabacr/VPSsync/01-WorkspaceSync/modelica-shared/CustomLib/FluidSystemComponents/CommonAnyFluid/Examples/EngineeringStudies/package.mo' -> 'sftp://os3-310-44666.vs.sakura.ne.jp/home/ubuntu/VPSsync/01-WorkspaceSync/modelica-shared/CustomLib/FluidSystemComponents/CommonAnyFluid/Examples/EngineeringStudies/package.mo' (153)
2026-02-03 06:34:44: Copy Over 'C:/Users/grabacr/VPSsync/01-WorkspaceSync/modelica-shared/CustomLib/FluidSystemComponents/CommonAnyFluid/Examples/EngineeringStudies/package.order' -> 'sftp://os3-310-44666.vs.sakura.ne.jp/home/ubuntu/VPSsync/01-WorkspaceSync/modelica-shared/CustomLib/FluidSystemComponents/CommonAnyFluid/Examples/EngineeringStudies/package.order' (54)
2026-02-03 06:34:44: Copy Over 'C:/Users/grabacr/VPSsync/01-WorkspaceSync/modelica-shared/CustomLib/FluidSystemComponents/CommonAnyFluid/Examples/EngineeringStudies/RectifierByTeslaValves_01.mo' -> 'sftp://os3-310-44666.vs.sakura.ne.jp/home/ubuntu/VPSsync/01-WorkspaceSync/modelica-shared/CustomLib/FluidSystemComponents/CommonAnyFluid/Examples/EngineeringStudies/RectifierByTeslaValves_01.mo' (7,775)
2026-02-03 06:34:45: Copy Over 'C:/Users/grabacr/VPSsync/01-WorkspaceSync/modelica-shared/CustomLib/FluidSystemComponents/CommonAnyFluid/Examples/EngineeringStudies/RectifierByTeslaValves_02.mo' -> 'sftp://os3-310-44666.vs.sakura.ne.jp/home/ubuntu/VPSsync/01-WorkspaceSync/modelica-shared/CustomLib/FluidSystemComponents/CommonAnyFluid/Examples/EngineeringStudies/RectifierByTeslaValves_02.mo' (9,081)
2026-02-03 06:34:45: Copy Over 'C:/Users/grabacr/VPSsync/01-WorkspaceSync/modelica-shared/CustomLib/FluidSystemComponents/CommonAnyFluid/Examples/Components/ExpToAmb_ex02.mo' -> 'sftp://os3-310-44666.vs.sakura.ne.jp/home/ubuntu/VPSsync/01-WorkspaceSync/modelica-shared/CustomLib/FluidSystemComponents/CommonAnyFluid/Examples/Components/ExpToAmb_ex02.mo' (3,587)
2026-02-03 06:34:45: Copy Over 'C:/Users/grabacr/VPSsync/01-WorkspaceSync/modelica-shared/CustomLib/FluidSystemComponents/CommonAnyFluid/Examples/Components/ExpToAmb_temp02.bak-mo' -> 'sftp://os3-310-44666.vs.sakura.ne.jp/home/ubuntu/VPSsync/01-WorkspaceSync/modelica-shared/CustomLib/FluidSystemComponents/CommonAnyFluid/Examples/Components/ExpToAmb_temp02.bak-mo' (3,591)
2026-02-03 06:34:45: Copy Over 'C:/Users/grabacr/VPSsync/01-WorkspaceSync/modelica-shared/CustomLib/FluidSystemComponents/CommonAnyFluid/Examples/Components/Orifice00_ex01.mo' -> 'sftp://os3-310-44666.vs.sakura.ne.jp/home/ubuntu/VPSsync/01-WorkspaceSync/modelica-shared/CustomLib/FluidSystemComponents/CommonAnyFluid/Examples/Components/Orifice00_ex01.mo' (2,543)
2026-02-03 06:34:45: Copy Over 'C:/Users/grabacr/VPSsync/01-WorkspaceSync/modelica-shared/CustomLib/FluidSystemComponents/CommonAnyFluid/Examples/Components/OrificeVariableAreaCd00_ex01.mo' -> 'sftp://os3-310-44666.vs.sakura.ne.jp/home/ubuntu/VPSsync/01-WorkspaceSync/modelica-shared/CustomLib/FluidSystemComponents/CommonAnyFluid/Examples/Components/OrificeVariableAreaCd00_ex01.mo' (3,300)
2026-02-03 06:34:45: Copy Over 'C:/Users/grabacr/VPSsync/01-WorkspaceSync/modelica-shared/CustomLib/FluidSystemComponents/CommonAnyFluid/Examples/Components/OrificeVariableAreaCd00_ex02.mo' -> 'sftp://os3-310-44666.vs.sakura.ne.jp/home/ubuntu/VPSsync/01-WorkspaceSync/modelica-shared/CustomLib/FluidSystemComponents/CommonAnyFluid/Examples/Components/OrificeVariableAreaCd00_ex02.mo' (3,302)
2026-02-03 06:34:45: Copy Over 'C:/Users/grabacr/VPSsync/01-WorkspaceSync/modelica-shared/CustomLib/FluidSystemComponents/CommonAnyFluid/Examples/Components/package.order' -> 'sftp://os3-310-44666.vs.sakura.ne.jp/home/ubuntu/VPSsync/01-WorkspaceSync/modelica-shared/CustomLib/FluidSystemComponents/CommonAnyFluid/Examples/Components/package.order' (193)
2026-02-03 06:34:45: Copy Over 'C:/Users/grabacr/VPSsync/01-WorkspaceSync/modelica-shared/CustomLib/FluidSystemComponents/CommonAnyFluid/Examples/Components/package.mo' -> 'sftp://os3-310-44666.vs.sakura.ne.jp/home/ubuntu/VPSsync/01-WorkspaceSync/modelica-shared/CustomLib/FluidSystemComponents/CommonAnyFluid/Examples/Components/package.mo' (137)
2026-02-03 06:34:45: Copy Over 'C:/Users/grabacr/VPSsync/01-WorkspaceSync/modelica-shared/CustomLib/FluidSystemComponents/CommonAnyFluid/Examples/Components/TeslaValveConstantZeta00_ex01.mo' -> 'sftp://os3-310-44666.vs.sakura.ne.jp/home/ubuntu/VPSsync/01-WorkspaceSync/modelica-shared/CustomLib/FluidSystemComponents/CommonAnyFluid/Examples/Components/TeslaValveConstantZeta00_ex01.mo' (9,430)
2026-02-03 06:34:45: Copy Over 'C:/Users/grabacr/VPSsync/01-WorkspaceSync/modelica-shared/CustomLib/FluidSystemComponents/CommonAnyFluid/Examples/Components/VariableZetaOrifice00_ex01.mo' -> 'sftp://os3-310-44666.vs.sakura.ne.jp/home/ubuntu/VPSsync/01-WorkspaceSync/modelica-shared/CustomLib/FluidSystemComponents/CommonAnyFluid/Examples/Components/VariableZetaOrifice00_ex01.mo' (2,835)
2026-02-03 06:34:45: Copy Over 'C:/Users/grabacr/VPSsync/01-WorkspaceSync/modelica-shared/CustomLib/FluidSystemComponents/CommonAnyFluid/Examples/Components/VariableZetaOrifice00_ex02.mo' -> 'sftp://os3-310-44666.vs.sakura.ne.jp/home/ubuntu/VPSsync/01-WorkspaceSync/modelica-shared/CustomLib/FluidSystemComponents/CommonAnyFluid/Examples/Components/VariableZetaOrifice00_ex02.mo' (2,838)
2026-02-03 06:34:45: Copy Over 'C:/Users/grabacr/VPSsync/01-WorkspaceSync/modelica-shared/CustomLib/FluidSystemComponents/CommonAnyFluid/Examples/package.mo' -> 'sftp://os3-310-44666.vs.sakura.ne.jp/home/ubuntu/VPSsync/01-WorkspaceSync/modelica-shared/CustomLib/FluidSystemComponents/CommonAnyFluid/Examples/package.mo' (124)
2026-02-03 06:34:46: Copy Over 'C:/Users/grabacr/VPSsync/01-WorkspaceSync/modelica-shared/CustomLib/FluidSystemComponents/CommonAnyFluid/Examples/package.order' -> 'sftp://os3-310-44666.vs.sakura.ne.jp/home/ubuntu/VPSsync/01-WorkspaceSync/modelica-shared/CustomLib/FluidSystemComponents/CommonAnyFluid/Examples/package.order' (54)
2026-02-03 06:34:46: Copy Over 'C:/Users/grabacr/VPSsync/01-WorkspaceSync/modelica-shared/CustomLib/FluidSystemComponents/CommonAnyFluid/Examples/Temp/ExpToAmb_temp01.mo' -> 'sftp://os3-310-44666.vs.sakura.ne.jp/home/ubuntu/VPSsync/01-WorkspaceSync/modelica-shared/CustomLib/FluidSystemComponents/CommonAnyFluid/Examples/Temp/ExpToAmb_temp01.mo' (3,227)
2026-02-03 06:34:46: Copy Over 'C:/Users/grabacr/VPSsync/01-WorkspaceSync/modelica-shared/CustomLib/FluidSystemComponents/CommonAnyFluid/Examples/Thermodynamics/ConstPressureHeatAddition00_ex01.mo' -> 'sftp://os3-310-44666.vs.sakura.ne.jp/home/ubuntu/VPSsync/01-WorkspaceSync/modelica-shared/CustomLib/FluidSystemComponents/CommonAnyFluid/Examples/Thermodynamics/ConstPressureHeatAddition00_ex01.mo' (2,463)
2026-02-03 06:34:46: Copy Over 'C:/Users/grabacr/VPSsync/01-WorkspaceSync/modelica-shared/CustomLib/FluidSystemComponents/CommonAnyFluid/Examples/Thermodynamics/ConstVolumeHeatAddition00_ex01.mo' -> 'sftp://os3-310-44666.vs.sakura.ne.jp/home/ubuntu/VPSsync/01-WorkspaceSync/modelica-shared/CustomLib/FluidSystemComponents/CommonAnyFluid/Examples/Thermodynamics/ConstVolumeHeatAddition00_ex01.mo' (2,323)
2026-02-03 06:34:46: Copy Over 'C:/Users/grabacr/VPSsync/01-WorkspaceSync/modelica-shared/CustomLib/FluidSystemComponents/CommonAnyFluid/Examples/Thermodynamics/ConstPressureHeatRejection00_ex01.mo' -> 'sftp://os3-310-44666.vs.sakura.ne.jp/home/ubuntu/VPSsync/01-WorkspaceSync/modelica-shared/CustomLib/FluidSystemComponents/CommonAnyFluid/Examples/Thermodynamics/ConstPressureHeatRejection00_ex01.mo' (2,348)
2026-02-03 06:34:46: Copy Over 'C:/Users/grabacr/VPSsync/01-WorkspaceSync/modelica-shared/CustomLib/FluidSystemComponents/CommonAnyFluid/Examples/Thermodynamics/ConstVolumeHeatRejection00_ex01.mo' -> 'sftp://os3-310-44666.vs.sakura.ne.jp/home/ubuntu/VPSsync/01-WorkspaceSync/modelica-shared/CustomLib/FluidSystemComponents/CommonAnyFluid/Examples/Thermodynamics/ConstVolumeHeatRejection00_ex01.mo' (2,383)
2026-02-03 06:34:46: Copy Over 'C:/Users/grabacr/VPSsync/01-WorkspaceSync/modelica-shared/CustomLib/FluidSystemComponents/CommonAnyFluid/Examples/Thermodynamics/IsentropicCompression00_ex01.mo' -> 'sftp://os3-310-44666.vs.sakura.ne.jp/home/ubuntu/VPSsync/01-WorkspaceSync/modelica-shared/CustomLib/FluidSystemComponents/CommonAnyFluid/Examples/Thermodynamics/IsentropicCompression00_ex01.mo' (2,252)
2026-02-03 06:34:46: Copy Over 'C:/Users/grabacr/VPSsync/01-WorkspaceSync/modelica-shared/CustomLib/FluidSystemComponents/CommonAnyFluid/Examples/Thermodynamics/IsentropicExpansion00_ex01.mo' -> 'sftp://os3-310-44666.vs.sakura.ne.jp/home/ubuntu/VPSsync/01-WorkspaceSync/modelica-shared/CustomLib/FluidSystemComponents/CommonAnyFluid/Examples/Thermodynamics/IsentropicExpansion00_ex01.mo' (2,238)
2026-02-03 06:34:46: Copy Over 'C:/Users/grabacr/VPSsync/01-WorkspaceSync/modelica-shared/CustomLib/FluidSystemComponents/CommonAnyFluid/Examples/Thermodynamics/LenoirCycleIdeal00_ex01.mo' -> 'sftp://os3-310-44666.vs.sakura.ne.jp/home/ubuntu/VPSsync/01-WorkspaceSync/modelica-shared/CustomLib/FluidSystemComponents/CommonAnyFluid/Examples/Thermodynamics/LenoirCycleIdeal00_ex01.mo' (2,695)
2026-02-03 06:34:46: Copy Over 'C:/Users/grabacr/VPSsync/01-WorkspaceSync/modelica-shared/CustomLib/FluidSystemComponents/CommonAnyFluid/Examples/Thermodynamics/LenoirCycleIdeal00_ex02.mo' -> 'sftp://os3-310-44666.vs.sakura.ne.jp/home/ubuntu/VPSsync/01-WorkspaceSync/modelica-shared/CustomLib/FluidSystemComponents/CommonAnyFluid/Examples/Thermodynamics/LenoirCycleIdeal00_ex02.mo' (5,104)
2026-02-03 06:34:46: Copy Over 'C:/Users/grabacr/VPSsync/01-WorkspaceSync/modelica-shared/CustomLib/FluidSystemComponents/CommonAnyFluid/Examples/Thermodynamics/LenoirCycleIdeal00_ex03.mo' -> 'sftp://os3-310-44666.vs.sakura.ne.jp/home/ubuntu/VPSsync/01-WorkspaceSync/modelica-shared/CustomLib/FluidSystemComponents/CommonAnyFluid/Examples/Thermodynamics/LenoirCycleIdeal00_ex03.mo' (2,763)
2026-02-03 06:34:47: Copy Over 'C:/Users/grabacr/VPSsync/01-WorkspaceSync/modelica-shared/CustomLib/FluidSystemComponents/CommonAnyFluid/Examples/Thermodynamics/OttoCycleIdeal00_ex01.mo' -> 'sftp://os3-310-44666.vs.sakura.ne.jp/home/ubuntu/VPSsync/01-WorkspaceSync/modelica-shared/CustomLib/FluidSystemComponents/CommonAnyFluid/Examples/Thermodynamics/OttoCycleIdeal00_ex01.mo' (3,111)
2026-02-03 06:34:47: Copy Over 'C:/Users/grabacr/VPSsync/01-WorkspaceSync/modelica-shared/CustomLib/FluidSystemComponents/CommonAnyFluid/Examples/Thermodynamics/OttoCycleIdeal00_ex02.mo' -> 'sftp://os3-310-44666.vs.sakura.ne.jp/home/ubuntu/VPSsync/01-WorkspaceSync/modelica-shared/CustomLib/FluidSystemComponents/CommonAnyFluid/Examples/Thermodynamics/OttoCycleIdeal00_ex02.mo' (3,014)
2026-02-03 06:34:47: Copy Over 'C:/Users/grabacr/VPSsync/01-WorkspaceSync/modelica-shared/CustomLib/FluidSystemComponents/CommonAnyFluid/Examples/Thermodynamics/package.mo' -> 'sftp://os3-310-44666.vs.sakura.ne.jp/home/ubuntu/VPSsync/01-WorkspaceSync/modelica-shared/CustomLib/FluidSystemComponents/CommonAnyFluid/Examples/Thermodynamics/package.mo' (145)
2026-02-03 06:34:47: Copy Over 'C:/Users/grabacr/VPSsync/01-WorkspaceSync/modelica-shared/CustomLib/FluidSystemComponents/CommonAnyFluid/Examples/Thermodynamics/package.order' -> 'sftp://os3-310-44666.vs.sakura.ne.jp/home/ubuntu/VPSsync/01-WorkspaceSync/modelica-shared/CustomLib/FluidSystemComponents/CommonAnyFluid/Examples/Thermodynamics/package.order' (313)
2026-02-03 06:34:47: Copy Over 'C:/Users/grabacr/VPSsync/01-WorkspaceSync/modelica-shared/CustomLib/FluidSystemComponents/CommonAnyFluid/Examples/Temp/ExpToAmb_temp02.mo' -> 'sftp://os3-310-44666.vs.sakura.ne.jp/home/ubuntu/VPSsync/01-WorkspaceSync/modelica-shared/CustomLib/FluidSystemComponents/CommonAnyFluid/Examples/Temp/ExpToAmb_temp02.mo' (3,599)
2026-02-03 06:34:47: Copy Over 'C:/Users/grabacr/VPSsync/01-WorkspaceSync/modelica-shared/CustomLib/FluidSystemComponents/CommonAnyFluid/Examples/Temp/IsentropicCompression00_temp01.mo' -> 'sftp://os3-310-44666.vs.sakura.ne.jp/home/ubuntu/VPSsync/01-WorkspaceSync/modelica-shared/CustomLib/FluidSystemComponents/CommonAnyFluid/Examples/Temp/IsentropicCompression00_temp01.mo' (2,253)
2026-02-03 06:34:47: Copy Over 'C:/Users/grabacr/VPSsync/01-WorkspaceSync/modelica-shared/CustomLib/FluidSystemComponents/CommonAnyFluid/Examples/Temp/package.mo' -> 'sftp://os3-310-44666.vs.sakura.ne.jp/home/ubuntu/VPSsync/01-WorkspaceSync/modelica-shared/CustomLib/FluidSystemComponents/CommonAnyFluid/Examples/Temp/package.mo' (125)
2026-02-03 06:34:47: Copy Over 'C:/Users/grabacr/VPSsync/01-WorkspaceSync/modelica-shared/CustomLib/FluidSystemComponents/CommonAnyFluid/Examples/Temp/package.order' -> 'sftp://os3-310-44666.vs.sakura.ne.jp/home/ubuntu/VPSsync/01-WorkspaceSync/modelica-shared/CustomLib/FluidSystemComponents/CommonAnyFluid/Examples/Temp/package.order' (66)
2026-02-03 06:34:47: Copy Over 'C:/Users/grabacr/VPSsync/01-WorkspaceSync/modelica-shared/CustomLib/FluidSystemComponents/CommonAnyFluid/Components/ClosedVolumeColorP.mo' -> 'sftp://os3-310-44666.vs.sakura.ne.jp/home/ubuntu/VPSsync/01-WorkspaceSync/modelica-shared/CustomLib/FluidSystemComponents/CommonAnyFluid/Components/ClosedVolumeColorP.mo' (1,853)
2026-02-03 06:34:47: Copy Over 'C:/Users/grabacr/VPSsync/01-WorkspaceSync/modelica-shared/CustomLib/FluidSystemComponents/CommonAnyFluid/Components/dPqP00.mo' -> 'sftp://os3-310-44666.vs.sakura.ne.jp/home/ubuntu/VPSsync/01-WorkspaceSync/modelica-shared/CustomLib/FluidSystemComponents/CommonAnyFluid/Components/dPqP00.mo' (10,479)
2026-02-03 06:34:47: Copy Over 'C:/Users/grabacr/VPSsync/01-WorkspaceSync/modelica-shared/CustomLib/FluidSystemComponents/CommonAnyFluid/Components/dPqP_fixed.bak-mo' -> 'sftp://os3-310-44666.vs.sakura.ne.jp/home/ubuntu/VPSsync/01-WorkspaceSync/modelica-shared/CustomLib/FluidSystemComponents/CommonAnyFluid/Components/dPqP_fixed.bak-mo' (14,390)
2026-02-03 06:34:47: Copy Over 'C:/Users/grabacr/VPSsync/01-WorkspaceSync/modelica-shared/CustomLib/FluidSystemComponents/CommonAnyFluid/Components/ExpansionToAmbient.mo' -> 'sftp://os3-310-44666.vs.sakura.ne.jp/home/ubuntu/VPSsync/01-WorkspaceSync/modelica-shared/CustomLib/FluidSystemComponents/CommonAnyFluid/Components/ExpansionToAmbient.mo' (11,047)
2026-02-03 06:34:48: Copy Over 'C:/Users/grabacr/VPSsync/01-WorkspaceSync/modelica-shared/CustomLib/FluidSystemComponents/CommonAnyFluid/Components/Orifice00.mo' -> 'sftp://os3-310-44666.vs.sakura.ne.jp/home/ubuntu/VPSsync/01-WorkspaceSync/modelica-shared/CustomLib/FluidSystemComponents/CommonAnyFluid/Components/Orifice00.mo' (14,976)
2026-02-03 06:34:48: Copy Over 'C:/Users/grabacr/VPSsync/01-WorkspaceSync/modelica-shared/CustomLib/FluidSystemComponents/CommonAnyFluid/Components/OrificeVariableAreaCd00.mo' -> 'sftp://os3-310-44666.vs.sakura.ne.jp/home/ubuntu/VPSsync/01-WorkspaceSync/modelica-shared/CustomLib/FluidSystemComponents/CommonAnyFluid/Components/OrificeVariableAreaCd00.mo' (18,383)
2026-02-03 06:34:48: Copy Over 'C:/Users/grabacr/VPSsync/01-WorkspaceSync/modelica-shared/CustomLib/FluidSystemComponents/CommonAnyFluid/Components/package.mo' -> 'sftp://os3-310-44666.vs.sakura.ne.jp/home/ubuntu/VPSsync/01-WorkspaceSync/modelica-shared/CustomLib/FluidSystemComponents/CommonAnyFluid/Components/package.mo' (120)
2026-02-03 06:34:48: Copy Over 'C:/Users/grabacr/VPSsync/01-WorkspaceSync/modelica-shared/CustomLib/FluidSystemComponents/CommonAnyFluid/Components/package.order' -> 'sftp://os3-310-44666.vs.sakura.ne.jp/home/ubuntu/VPSsync/01-WorkspaceSync/modelica-shared/CustomLib/FluidSystemComponents/CommonAnyFluid/Components/package.order' (133)
2026-02-03 06:34:48: Copy Over 'C:/Users/grabacr/VPSsync/01-WorkspaceSync/modelica-shared/CustomLib/FluidSystemComponents/CommonAnyFluid/Components/TeslaValveConstantZeta00.mo' -> 'sftp://os3-310-44666.vs.sakura.ne.jp/home/ubuntu/VPSsync/01-WorkspaceSync/modelica-shared/CustomLib/FluidSystemComponents/CommonAnyFluid/Components/TeslaValveConstantZeta00.mo' (6,076)
2026-02-03 06:34:48: Copy Over 'C:/Users/grabacr/VPSsync/01-WorkspaceSync/modelica-shared/CustomLib/FluidSystemComponents/CommonAnyFluid/Components/VariableZetaOrifice00.mo' -> 'sftp://os3-310-44666.vs.sakura.ne.jp/home/ubuntu/VPSsync/01-WorkspaceSync/modelica-shared/CustomLib/FluidSystemComponents/CommonAnyFluid/Components/VariableZetaOrifice00.mo' (13,758)
2026-02-03 06:34:48: Copy Over 'C:/Users/grabacr/VPSsync/01-WorkspaceSync/modelica-shared/CustomLib/FluidSystemComponents/CommonAnyFluid/package.mo' -> 'sftp://os3-310-44666.vs.sakura.ne.jp/home/ubuntu/VPSsync/01-WorkspaceSync/modelica-shared/CustomLib/FluidSystemComponents/CommonAnyFluid/package.mo' (113)
2026-02-03 06:34:48: Copy Over 'C:/Users/grabacr/VPSsync/01-WorkspaceSync/modelica-shared/CustomLib/FluidSystemComponents/CommonAnyFluid/package.order' -> 'sftp://os3-310-44666.vs.sakura.ne.jp/home/ubuntu/VPSsync/01-WorkspaceSync/modelica-shared/CustomLib/FluidSystemComponents/CommonAnyFluid/package.order' (51)
2026-02-03 06:34:48: Copy Over 'C:/Users/grabacr/VPSsync/01-WorkspaceSync/modelica-shared/CustomLib/FluidSystemComponents/CommonAnyFluid/Thermodynamics/ConstPressureHeatAddition00.mo' -> 'sftp://os3-310-44666.vs.sakura.ne.jp/home/ubuntu/VPSsync/01-WorkspaceSync/modelica-shared/CustomLib/FluidSystemComponents/CommonAnyFluid/Thermodynamics/ConstPressureHeatAddition00.mo' (82,782)
2026-02-03 06:34:48: Copy Over 'C:/Users/grabacr/VPSsync/01-WorkspaceSync/modelica-shared/CustomLib/FluidSystemComponents/docs/CommonAnyFluid/Examples/Thermodynamics/LenoirCycleIdeal00_ex01_00.png' -> 'sftp://os3-310-44666.vs.sakura.ne.jp/home/ubuntu/VPSsync/01-WorkspaceSync/modelica-shared/CustomLib/FluidSystemComponents/docs/CommonAnyFluid/Examples/Thermodynamics/LenoirCycleIdeal00_ex01_00.png' (45,557)
2026-02-03 06:34:49: Copy Over 'C:/Users/grabacr/VPSsync/01-WorkspaceSync/modelica-shared/CustomLib/FluidSystemComponents/docs/Compressible/Examples/Tutorial/FluidGridNW_5x5_ex01/diagram00.jpg' -> 'sftp://os3-310-44666.vs.sakura.ne.jp/home/ubuntu/VPSsync/01-WorkspaceSync/modelica-shared/CustomLib/FluidSystemComponents/docs/Compressible/Examples/Tutorial/FluidGridNW_5x5_ex01/diagram00.jpg' (114,761)
2026-02-03 06:34:49: Copy Over 'C:/Users/grabacr/VPSsync/01-WorkspaceSync/modelica-shared/CustomLib/FluidSystemComponents/docs/Compressible/Examples/Tutorial/NozzleFlowEquation_varArea01_test01/diagram.jpg' -> 'sftp://os3-310-44666.vs.sakura.ne.jp/home/ubuntu/VPSsync/01-WorkspaceSync/modelica-shared/CustomLib/FluidSystemComponents/docs/Compressible/Examples/Tutorial/NozzleFlowEquation_varArea01_test01/diagram.jpg' (52,073)
2026-02-03 06:34:49: Copy Over 'C:/Users/grabacr/VPSsync/01-WorkspaceSync/modelica-shared/CustomLib/FluidSystemComponents/docs/Compressible/Examples/Tutorial/NozzleFlowEquation_varArea01_test01/makeFigs.odg' -> 'sftp://os3-310-44666.vs.sakura.ne.jp/home/ubuntu/VPSsync/01-WorkspaceSync/modelica-shared/CustomLib/FluidSystemComponents/docs/Compressible/Examples/Tutorial/NozzleFlowEquation_varArea01_test01/makeFigs.odg' (42,426)
2026-02-03 06:34:49: Copy Over 'C:/Users/grabacr/VPSsync/01-WorkspaceSync/modelica-shared/CustomLib/FluidSystemComponents/docs/Compressible/Examples/Tutorial/FluidGridNW_5x5_ex01/y_diagram_150s.JPG' -> 'sftp://os3-310-44666.vs.sakura.ne.jp/home/ubuntu/VPSsync/01-WorkspaceSync/modelica-shared/CustomLib/FluidSystemComponents/docs/Compressible/Examples/Tutorial/FluidGridNW_5x5_ex01/y_diagram_150s.JPG' (397,970)
2026-02-03 06:34:49: Copy Over 'C:/Users/grabacr/VPSsync/01-WorkspaceSync/modelica-shared/CustomLib/FluidSystemComponents/docs/CommonAnyFluid/Examples/Thermodynamics/LenoirCycleIdeal00_ex01_hs.png' -> 'sftp://os3-310-44666.vs.sakura.ne.jp/home/ubuntu/VPSsync/01-WorkspaceSync/modelica-shared/CustomLib/FluidSystemComponents/docs/CommonAnyFluid/Examples/Thermodynamics/LenoirCycleIdeal00_ex01_hs.png' (27,044)
2026-02-03 06:34:49: Copy Over 'C:/Users/grabacr/VPSsync/01-WorkspaceSync/modelica-shared/CustomLib/FluidSystemComponents/docs/Compressible/Examples/Tutorial/FluidGridNW_5x5_ex01/y_diagram_150s_01.JPG' -> 'sftp://os3-310-44666.vs.sakura.ne.jp/home/ubuntu/VPSsync/01-WorkspaceSync/modelica-shared/CustomLib/FluidSystemComponents/docs/Compressible/Examples/Tutorial/FluidGridNW_5x5_ex01/y_diagram_150s_01.JPG' (320,195)
2026-02-03 06:34:50: Copy Over 'C:/Users/grabacr/VPSsync/01-WorkspaceSync/modelica-shared/CustomLib/FluidSystemComponents/docs/Compressible/Examples/Tutorial/NozzleFlowEquation_varMflow01_test01/diagram.jpg' -> 'sftp://os3-310-44666.vs.sakura.ne.jp/home/ubuntu/VPSsync/01-WorkspaceSync/modelica-shared/CustomLib/FluidSystemComponents/docs/Compressible/Examples/Tutorial/NozzleFlowEquation_varMflow01_test01/diagram.jpg' (52,605)
2026-02-03 06:34:50: Copy Over 'C:/Users/grabacr/VPSsync/01-WorkspaceSync/modelica-shared/CustomLib/FluidSystemComponents/docs/Compressible/Examples/Tutorial/NozzleFlowEquation_varMflow01_test01/makeFigs.odg' -> 'sftp://os3-310-44666.vs.sakura.ne.jp/home/ubuntu/VPSsync/01-WorkspaceSync/modelica-shared/CustomLib/FluidSystemComponents/docs/Compressible/Examples/Tutorial/NozzleFlowEquation_varMflow01_test01/makeFigs.odg' (102,564)
2026-02-03 06:34:50: Copy Over 'C:/Users/grabacr/VPSsync/01-WorkspaceSync/modelica-shared/CustomLib/FluidSystemComponents/docs/Compressible/Examples/Tutorial/NozzleFlowEquation_varMflow01_test01/inheritance_01.jpg' -> 'sftp://os3-310-44666.vs.sakura.ne.jp/home/ubuntu/VPSsync/01-WorkspaceSync/modelica-shared/CustomLib/FluidSystemComponents/docs/Compressible/Examples/Tutorial/NozzleFlowEquation_varMflow01_test01/inheritance_01.jpg' (249,600)
2026-02-03 06:34:50: Copy Over 'C:/Users/grabacr/VPSsync/01-WorkspaceSync/modelica-shared/CustomLib/FluidSystemComponents/docs/CommonAnyFluid/Examples/Thermodynamics/LenoirCycleIdeal00_ex01_hs_2.png' -> 'sftp://os3-310-44666.vs.sakura.ne.jp/home/ubuntu/VPSsync/01-WorkspaceSync/modelica-shared/CustomLib/FluidSystemComponents/docs/CommonAnyFluid/Examples/Thermodynamics/LenoirCycleIdeal00_ex01_hs_2.png' (25,715)
2026-02-03 06:34:50: Copy Over 'C:/Users/grabacr/VPSsync/01-WorkspaceSync/modelica-shared/CustomLib/FluidSystemComponents/docs/CommonAnyFluid/Examples/Thermodynamics/LenoirCycleIdeal00_ex01_hs_3.png' -> 'sftp://os3-310-44666.vs.sakura.ne.jp/home/ubuntu/VPSsync/01-WorkspaceSync/modelica-shared/CustomLib/FluidSystemComponents/docs/CommonAnyFluid/Examples/Thermodynamics/LenoirCycleIdeal00_ex01_hs_3.png' (125,440)
2026-02-03 06:34:50: Copy Over 'C:/Users/grabacr/VPSsync/01-WorkspaceSync/modelica-shared/CustomLib/FluidSystemComponents/docs/CommonAnyFluid/Examples/Thermodynamics/LenoirCycleIdeal00_ex01_pVol.png' -> 'sftp://os3-310-44666.vs.sakura.ne.jp/home/ubuntu/VPSsync/01-WorkspaceSync/modelica-shared/CustomLib/FluidSystemComponents/docs/CommonAnyFluid/Examples/Thermodynamics/LenoirCycleIdeal00_ex01_pVol.png' (25,980)
2026-02-03 06:34:50: Copy Over 'C:/Users/grabacr/VPSsync/01-WorkspaceSync/modelica-shared/CustomLib/FluidSystemComponents/docs/CommonAnyFluid/Examples/Thermodynamics/LenoirCycleIdeal00_ex01_hs_4.png' -> 'sftp://os3-310-44666.vs.sakura.ne.jp/home/ubuntu/VPSsync/01-WorkspaceSync/modelica-shared/CustomLib/FluidSystemComponents/docs/CommonAnyFluid/Examples/Thermodynamics/LenoirCycleIdeal00_ex01_hs_4.png' (121,308)
2026-02-03 06:34:50: Copy Over 'C:/Users/grabacr/VPSsync/01-WorkspaceSync/modelica-shared/CustomLib/FluidSystemComponents/docs/CommonAnyFluid/Examples/Thermodynamics/LenoirCycleIdeal00_ex01_pVol_2.png' -> 'sftp://os3-310-44666.vs.sakura.ne.jp/home/ubuntu/VPSsync/01-WorkspaceSync/modelica-shared/CustomLib/FluidSystemComponents/docs/CommonAnyFluid/Examples/Thermodynamics/LenoirCycleIdeal00_ex01_pVol_2.png' (11,553)
2026-02-03 06:34:50: Copy Over 'C:/Users/grabacr/VPSsync/01-WorkspaceSync/modelica-shared/CustomLib/FluidSystemComponents/docs/CommonAnyFluid/Examples/Thermodynamics/LenoirCycleIdeal00_ex03_00.png' -> 'sftp://os3-310-44666.vs.sakura.ne.jp/home/ubuntu/VPSsync/01-WorkspaceSync/modelica-shared/CustomLib/FluidSystemComponents/docs/CommonAnyFluid/Examples/Thermodynamics/LenoirCycleIdeal00_ex03_00.png' (43,847)
2026-02-03 06:34:50: Copy Over 'C:/Users/grabacr/VPSsync/01-WorkspaceSync/modelica-shared/CustomLib/FluidSystemComponents/docs/CommonAnyFluid/Examples/Thermodynamics/LenoirCycleIdeal00_ex03_hs.png' -> 'sftp://os3-310-44666.vs.sakura.ne.jp/home/ubuntu/VPSsync/01-WorkspaceSync/modelica-shared/CustomLib/FluidSystemComponents/docs/CommonAnyFluid/Examples/Thermodynamics/LenoirCycleIdeal00_ex03_hs.png' (30,872)
2026-02-03 06:34:51: Copy Over 'C:/Users/grabacr/VPSsync/01-WorkspaceSync/modelica-shared/CustomLib/FluidSystemComponents/docs/CommonAnyFluid/Examples/Thermodynamics/LenoirCycleIdeal00_ex03_hs_2.png' -> 'sftp://os3-310-44666.vs.sakura.ne.jp/home/ubuntu/VPSsync/01-WorkspaceSync/modelica-shared/CustomLib/FluidSystemComponents/docs/CommonAnyFluid/Examples/Thermodynamics/LenoirCycleIdeal00_ex03_hs_2.png' (25,348)
2026-02-03 06:34:51: Copy Over 'C:/Users/grabacr/VPSsync/01-WorkspaceSync/modelica-shared/CustomLib/FluidSystemComponents/docs/CommonAnyFluid/Examples/Thermodynamics/LenoirCycleIdeal00_ex03_hs_3.png' -> 'sftp://os3-310-44666.vs.sakura.ne.jp/home/ubuntu/VPSsync/01-WorkspaceSync/modelica-shared/CustomLib/FluidSystemComponents/docs/CommonAnyFluid/Examples/Thermodynamics/LenoirCycleIdeal00_ex03_hs_3.png' (146,943)
2026-02-03 06:34:51: Copy Over 'C:/Users/grabacr/VPSsync/01-WorkspaceSync/modelica-shared/CustomLib/FluidSystemComponents/docs/CommonAnyFluid/Examples/Thermodynamics/LenoirCycleIdeal00_ex03_hs_4.png' -> 'sftp://os3-310-44666.vs.sakura.ne.jp/home/ubuntu/VPSsync/01-WorkspaceSync/modelica-shared/CustomLib/FluidSystemComponents/docs/CommonAnyFluid/Examples/Thermodynamics/LenoirCycleIdeal00_ex03_hs_4.png' (122,339)
2026-02-03 06:34:51: Copy Over 'C:/Users/grabacr/VPSsync/01-WorkspaceSync/modelica-shared/CustomLib/FluidSystemComponents/docs/CommonAnyFluid/Examples/Thermodynamics/LenoirCycleIdeal00_ex03_LenoirCycle.effThermal.png' -> 'sftp://os3-310-44666.vs.sakura.ne.jp/home/ubuntu/VPSsync/01-WorkspaceSync/modelica-shared/CustomLib/FluidSystemComponents/docs/CommonAnyFluid/Examples/Thermodynamics/LenoirCycleIdeal00_ex03_LenoirCycle.effThermal.png' (9,855)
2026-02-03 06:34:51: Copy Over 'C:/Users/grabacr/VPSsync/01-WorkspaceSync/modelica-shared/CustomLib/FluidSystemComponents/docs/CommonAnyFluid/Examples/Thermodynamics/LenoirCycleIdeal00_ex03_LenoirCycle.effThermal_02.png' -> 'sftp://os3-310-44666.vs.sakura.ne.jp/home/ubuntu/VPSsync/01-WorkspaceSync/modelica-shared/CustomLib/FluidSystemComponents/docs/CommonAnyFluid/Examples/Thermodynamics/LenoirCycleIdeal00_ex03_LenoirCycle.effThermal_02.png' (13,540)
2026-02-03 06:34:51: Copy Over 'C:/Users/grabacr/VPSsync/01-WorkspaceSync/modelica-shared/CustomLib/FluidSystemComponents/docs/CommonAnyFluid/Examples/Thermodynamics/LenoirCycleIdeal00_ex03_LenoirCycle.fluidState[2].p.png' -> 'sftp://os3-310-44666.vs.sakura.ne.jp/home/ubuntu/VPSsync/01-WorkspaceSync/modelica-shared/CustomLib/FluidSystemComponents/docs/CommonAnyFluid/Examples/Thermodynamics/LenoirCycleIdeal00_ex03_LenoirCycle.fluidState[2].p.png' (16,161)
2026-02-03 06:34:51: Copy Over 'C:/Users/grabacr/VPSsync/01-WorkspaceSync/modelica-shared/CustomLib/FluidSystemComponents/docs/CommonAnyFluid/Examples/Thermodynamics/LenoirCycleIdeal00_ex03_LenoirCycle.fluidState[2].T.png' -> 'sftp://os3-310-44666.vs.sakura.ne.jp/home/ubuntu/VPSsync/01-WorkspaceSync/modelica-shared/CustomLib/FluidSystemComponents/docs/CommonAnyFluid/Examples/Thermodynamics/LenoirCycleIdeal00_ex03_LenoirCycle.fluidState[2].T.png' (14,756)
2026-02-03 06:34:51: Copy Over 'C:/Users/grabacr/VPSsync/01-WorkspaceSync/modelica-shared/CustomLib/FluidSystemComponents/docs/CommonAnyFluid/Examples/Thermodynamics/LenoirCycleIdeal00_ex03_LenoirCycle.par_Vol1.png' -> 'sftp://os3-310-44666.vs.sakura.ne.jp/home/ubuntu/VPSsync/01-WorkspaceSync/modelica-shared/CustomLib/FluidSystemComponents/docs/CommonAnyFluid/Examples/Thermodynamics/LenoirCycleIdeal00_ex03_LenoirCycle.par_Vol1.png' (10,565)
2026-02-03 06:34:51: Copy Over 'C:/Users/grabacr/VPSsync/01-WorkspaceSync/modelica-shared/CustomLib/FluidSystemComponents/docs/CommonAnyFluid/Examples/Thermodynamics/LenoirCycleIdeal00_ex03_LenoirCycle.u_p_fluidState_1.png' -> 'sftp://os3-310-44666.vs.sakura.ne.jp/home/ubuntu/VPSsync/01-WorkspaceSync/modelica-shared/CustomLib/FluidSystemComponents/docs/CommonAnyFluid/Examples/Thermodynamics/LenoirCycleIdeal00_ex03_LenoirCycle.u_p_fluidState_1.png' (9,853)
2026-02-03 06:34:51: Copy Over 'C:/Users/grabacr/VPSsync/01-WorkspaceSync/modelica-shared/CustomLib/FluidSystemComponents/docs/CommonAnyFluid/Examples/Thermodynamics/LenoirCycleIdeal00_ex03_LenoirCycle.u_Qin.png' -> 'sftp://os3-310-44666.vs.sakura.ne.jp/home/ubuntu/VPSsync/01-WorkspaceSync/modelica-shared/CustomLib/FluidSystemComponents/docs/CommonAnyFluid/Examples/Thermodynamics/LenoirCycleIdeal00_ex03_LenoirCycle.u_Qin.png' (14,614)
2026-02-03 06:34:52: Copy Over 'C:/Users/grabacr/VPSsync/01-WorkspaceSync/modelica-shared/CustomLib/FluidSystemComponents/docs/CommonAnyFluid/Examples/Thermodynamics/LenoirCycleIdeal00_ex03_LenoirCycle.u_T_fluidState_1.png' -> 'sftp://os3-310-44666.vs.sakura.ne.jp/home/ubuntu/VPSsync/01-WorkspaceSync/modelica-shared/CustomLib/FluidSystemComponents/docs/CommonAnyFluid/Examples/Thermodynamics/LenoirCycleIdeal00_ex03_LenoirCycle.u_T_fluidState_1.png' (9,956)
2026-02-03 06:34:52: Copy Over 'C:/Users/grabacr/VPSsync/01-WorkspaceSync/modelica-shared/CustomLib/FluidSystemComponents/docs/CommonAnyFluid/Examples/Thermodynamics/LenoirCycleIdeal00_ex03_LenoirCycle.WoutCycle.png' -> 'sftp://os3-310-44666.vs.sakura.ne.jp/home/ubuntu/VPSsync/01-WorkspaceSync/modelica-shared/CustomLib/FluidSystemComponents/docs/CommonAnyFluid/Examples/Thermodynamics/LenoirCycleIdeal00_ex03_LenoirCycle.WoutCycle.png' (14,616)
2026-02-03 06:34:52: Copy Over 'C:/Users/grabacr/VPSsync/01-WorkspaceSync/modelica-shared/CustomLib/FluidSystemComponents/docs/CommonAnyFluid/Examples/Thermodynamics/LenoirCycleIdeal00_ex03_pVol.png' -> 'sftp://os3-310-44666.vs.sakura.ne.jp/home/ubuntu/VPSsync/01-WorkspaceSync/modelica-shared/CustomLib/FluidSystemComponents/docs/CommonAnyFluid/Examples/Thermodynamics/LenoirCycleIdeal00_ex03_pVol.png' (25,227)
2026-02-03 06:34:52: Copy Over 'C:/Users/grabacr/VPSsync/01-WorkspaceSync/modelica-shared/CustomLib/FluidSystemComponents/docs/CommonAnyFluid/Examples/Thermodynamics/LenoirCycleIdeal00_ex03_pVol_2.png' -> 'sftp://os3-310-44666.vs.sakura.ne.jp/home/ubuntu/VPSsync/01-WorkspaceSync/modelica-shared/CustomLib/FluidSystemComponents/docs/CommonAnyFluid/Examples/Thermodynamics/LenoirCycleIdeal00_ex03_pVol_2.png' (12,358)
2026-02-03 06:34:52: Copy Over 'C:/Users/grabacr/VPSsync/01-WorkspaceSync/modelica-shared/CustomLib/FluidSystemComponents/docs/FluidSystemComponents.html' -> 'sftp://os3-310-44666.vs.sakura.ne.jp/home/ubuntu/VPSsync/01-WorkspaceSync/modelica-shared/CustomLib/FluidSystemComponents/docs/FluidSystemComponents.html' (0)
2026-02-03 06:34:52: Copy Over 'C:/Users/grabacr/VPSsync/01-WorkspaceSync/modelica-shared/CustomLib/FluidSystemComponents/docs/CommonAnyFluid/Examples/Thermodynamics/makeFig_Thermodynamics.pptx' -> 'sftp://os3-310-44666.vs.sakura.ne.jp/home/ubuntu/VPSsync/01-WorkspaceSync/modelica-shared/CustomLib/FluidSystemComponents/docs/CommonAnyFluid/Examples/Thermodynamics/makeFig_Thermodynamics.pptx' (241,607)
2026-02-03 06:34:52: Copy Over 'C:/Users/grabacr/VPSsync/01-WorkspaceSync/modelica-shared/CustomLib/FluidSystemComponents/docs/HeatTransfer/Components/ex_HX_modulatedEff00_test01.jpg' -> 'sftp://os3-310-44666.vs.sakura.ne.jp/home/ubuntu/VPSsync/01-WorkspaceSync/modelica-shared/CustomLib/FluidSystemComponents/docs/HeatTransfer/Components/ex_HX_modulatedEff00_test01.jpg' (47,353)
2026-02-03 06:34:52: Copy Over 'C:/Users/grabacr/VPSsync/01-WorkspaceSync/modelica-shared/CustomLib/FluidSystemComponents/docs/HeatTransfer/Components/ex_HX_modulatedEff00_test02.jpg' -> 'sftp://os3-310-44666.vs.sakura.ne.jp/home/ubuntu/VPSsync/01-WorkspaceSync/modelica-shared/CustomLib/FluidSystemComponents/docs/HeatTransfer/Components/ex_HX_modulatedEff00_test02.jpg' (45,093)
2026-02-03 06:34:53: Copy Over 'C:/Users/grabacr/VPSsync/01-WorkspaceSync/modelica-shared/CustomLib/FluidSystemComponents/docs/HydroThermal/Examples/Test/LiquidPowerGenerator00_01_HeatInjector.fluid_2.d.jpg' -> 'sftp://os3-310-44666.vs.sakura.ne.jp/home/ubuntu/VPSsync/01-WorkspaceSync/modelica-shared/CustomLib/FluidSystemComponents/docs/HydroThermal/Examples/Test/LiquidPowerGenerator00_01_HeatInjector.fluid_2.d.jpg' (125,524)
2026-02-03 06:34:53: Copy Over 'C:/Users/grabacr/VPSsync/01-WorkspaceSync/modelica-shared/CustomLib/FluidSystemComponents/docs/HydroThermal/Examples/Test/LiquidPowerGenerator00_01_modeldiagram.jpg' -> 'sftp://os3-310-44666.vs.sakura.ne.jp/home/ubuntu/VPSsync/01-WorkspaceSync/modelica-shared/CustomLib/FluidSystemComponents/docs/HydroThermal/Examples/Test/LiquidPowerGenerator00_01_modeldiagram.jpg' (46,623)
2026-02-03 06:34:53: Copy Over 'C:/Users/grabacr/VPSsync/01-WorkspaceSync/modelica-shared/CustomLib/FluidSystemComponents/docs/HydroThermal/Examples/Test/LiquidPowerGenerator00_01_HeatInjector.fluid_2.T.jpg' -> 'sftp://os3-310-44666.vs.sakura.ne.jp/home/ubuntu/VPSsync/01-WorkspaceSync/modelica-shared/CustomLib/FluidSystemComponents/docs/HydroThermal/Examples/Test/LiquidPowerGenerator00_01_HeatInjector.fluid_2.T.jpg' (133,361)
2026-02-03 06:34:53: Copy Over 'C:/Users/grabacr/VPSsync/01-WorkspaceSync/modelica-shared/CustomLib/FluidSystemComponents/docs/HydroThermal/Examples/Test/LiquidPowerGenerator00_01_Motor.deltap_inv.jpg' -> 'sftp://os3-310-44666.vs.sakura.ne.jp/home/ubuntu/VPSsync/01-WorkspaceSync/modelica-shared/CustomLib/FluidSystemComponents/docs/HydroThermal/Examples/Test/LiquidPowerGenerator00_01_Motor.deltap_inv.jpg' (123,577)
2026-02-03 06:34:53: Copy Over 'C:/Users/grabacr/VPSsync/01-WorkspaceSync/modelica-shared/CustomLib/FluidSystemComponents/docs/HydroThermal/Examples/Test/LiquidPowerGenerator00_01_Motor.deltap_inv_HeatInjector.fluid_2.T_degC.jpg' -> 'sftp://os3-310-44666.vs.sakura.ne.jp/home/ubuntu/VPSsync/01-WorkspaceSync/modelica-shared/CustomLib/FluidSystemComponents/docs/HydroThermal/Examples/Test/LiquidPowerGenerator00_01_Motor.deltap_inv_HeatInjector.fluid_2.T_degC.jpg' (121,785)
2026-02-03 06:34:53: Copy Over 'C:/Users/grabacr/VPSsync/01-WorkspaceSync/modelica-shared/CustomLib/FluidSystemComponents/docs/HydroThermal/Examples/Test/LiquidPowerGenerator00_01_powers.jpg' -> 'sftp://os3-310-44666.vs.sakura.ne.jp/home/ubuntu/VPSsync/01-WorkspaceSync/modelica-shared/CustomLib/FluidSystemComponents/docs/HydroThermal/Examples/Test/LiquidPowerGenerator00_01_powers.jpg' (123,498)
2026-02-03 06:34:53: Copy Over 'C:/Users/grabacr/VPSsync/01-WorkspaceSync/modelica-shared/CustomLib/FluidSystemComponents/docs/HydroThermal/Examples/Test/LiquidPowerGenerator00_01_sketch.jpg' -> 'sftp://os3-310-44666.vs.sakura.ne.jp/home/ubuntu/VPSsync/01-WorkspaceSync/modelica-shared/CustomLib/FluidSystemComponents/docs/HydroThermal/Examples/Test/LiquidPowerGenerator00_01_sketch.jpg' (89,640)
2026-02-03 06:34:53: Copy Over 'C:/Users/grabacr/VPSsync/01-WorkspaceSync/modelica-shared/CustomLib/FluidSystemComponents/docs/HeatTransfer/Components/ex_HX_modulatedEff00_test03.jpg' -> 'sftp://os3-310-44666.vs.sakura.ne.jp/home/ubuntu/VPSsync/01-WorkspaceSync/modelica-shared/CustomLib/FluidSystemComponents/docs/HeatTransfer/Components/ex_HX_modulatedEff00_test03.jpg' (44,536)
2026-02-03 06:34:53: Copy Over 'C:/Users/grabacr/VPSsync/01-WorkspaceSync/modelica-shared/CustomLib/FluidSystemComponents/docs/HeatTransfer/Components/ex_HX_modulatedEff00_test04.jpg' -> 'sftp://os3-310-44666.vs.sakura.ne.jp/home/ubuntu/VPSsync/01-WorkspaceSync/modelica-shared/CustomLib/FluidSystemComponents/docs/HeatTransfer/Components/ex_HX_modulatedEff00_test04.jpg' (46,291)
2026-02-03 06:34:54: Copy Over 'C:/Users/grabacr/VPSsync/01-WorkspaceSync/modelica-shared/CustomLib/FluidSystemComponents/docs/HeatTransfer/Components/HX_modulatedEff00.html' -> 'sftp://os3-310-44666.vs.sakura.ne.jp/home/ubuntu/VPSsync/01-WorkspaceSync/modelica-shared/CustomLib/FluidSystemComponents/docs/HeatTransfer/Components/HX_modulatedEff00.html' (3,940)
2026-02-03 06:34:54: Copy Over 'C:/Users/grabacr/VPSsync/01-WorkspaceSync/modelica-shared/CustomLib/FluidSystemComponents/docs/HeatTransfer/Components/HX_modulatedEff00_icon.jpg' -> 'sftp://os3-310-44666.vs.sakura.ne.jp/home/ubuntu/VPSsync/01-WorkspaceSync/modelica-shared/CustomLib/FluidSystemComponents/docs/HeatTransfer/Components/HX_modulatedEff00_icon.jpg' (22,843)
2026-02-03 06:34:54: Copy Over 'C:/Users/grabacr/VPSsync/01-WorkspaceSync/modelica-shared/CustomLib/FluidSystemComponents/docs/HeatTransfer/Components/HX_modulatedEff00_IF.jpg' -> 'sftp://os3-310-44666.vs.sakura.ne.jp/home/ubuntu/VPSsync/01-WorkspaceSync/modelica-shared/CustomLib/FluidSystemComponents/docs/HeatTransfer/Components/HX_modulatedEff00_IF.jpg' (82,999)
2026-02-03 06:34:54: Copy Over 'C:/Users/grabacr/VPSsync/01-WorkspaceSync/modelica-shared/CustomLib/FluidSystemComponents/docs/HydroThermal/HydroThermal.html' -> 'sftp://os3-310-44666.vs.sakura.ne.jp/home/ubuntu/VPSsync/01-WorkspaceSync/modelica-shared/CustomLib/FluidSystemComponents/docs/HydroThermal/HydroThermal.html' (0)
2026-02-03 06:34:54: Copy Over 'C:/Users/grabacr/VPSsync/01-WorkspaceSync/modelica-shared/CustomLib/FluidSystemComponents/docs/HeatTransfer/HeatTransfer.html' -> 'sftp://os3-310-44666.vs.sakura.ne.jp/home/ubuntu/VPSsync/01-WorkspaceSync/modelica-shared/CustomLib/FluidSystemComponents/docs/HeatTransfer/HeatTransfer.html' (0)
2026-02-03 06:34:54: Copy Over 'C:/Users/grabacr/VPSsync/01-WorkspaceSync/modelica-shared/CustomLib/FluidSystemComponents/docs/HeatTransfer/Components/HX_modulatedEff00_internal.jpg' -> 'sftp://os3-310-44666.vs.sakura.ne.jp/home/ubuntu/VPSsync/01-WorkspaceSync/modelica-shared/CustomLib/FluidSystemComponents/docs/HeatTransfer/Components/HX_modulatedEff00_internal.jpg' (90,620)
2026-02-03 06:34:54: Copy Over 'C:/Users/grabacr/VPSsync/01-WorkspaceSync/modelica-shared/CustomLib/FluidSystemComponents/docs/InteractiveSimulation/Examples/AccumulateDigitalInputSignal00_ex01_01.jpg' -> 'sftp://os3-310-44666.vs.sakura.ne.jp/home/ubuntu/VPSsync/01-WorkspaceSync/modelica-shared/CustomLib/FluidSystemComponents/docs/InteractiveSimulation/Examples/AccumulateDigitalInputSignal00_ex01_01.jpg' (43,583)
2026-02-03 06:34:54: Copy Over 'C:/Users/grabacr/VPSsync/01-WorkspaceSync/modelica-shared/CustomLib/FluidSystemComponents/docs/InteractiveSimulation/Examples/AccumulateDigitalInputSignal00_ex01_00.jpg' -> 'sftp://os3-310-44666.vs.sakura.ne.jp/home/ubuntu/VPSsync/01-WorkspaceSync/modelica-shared/CustomLib/FluidSystemComponents/docs/InteractiveSimulation/Examples/AccumulateDigitalInputSignal00_ex01_00.jpg' (103,013)
2026-02-03 06:34:55: Copy Over 'C:/Users/grabacr/VPSsync/01-WorkspaceSync/modelica-shared/CustomLib/FluidSystemComponents/docs/InteractiveSimulation/Examples/AccumulateDigitalInputSignal00_ex01_02.jpg' -> 'sftp://os3-310-44666.vs.sakura.ne.jp/home/ubuntu/VPSsync/01-WorkspaceSync/modelica-shared/CustomLib/FluidSystemComponents/docs/InteractiveSimulation/Examples/AccumulateDigitalInputSignal00_ex01_02.jpg' (139,265)
2026-02-03 06:34:55: Copy Over 'C:/Users/grabacr/VPSsync/01-WorkspaceSync/modelica-shared/CustomLib/FluidSystemComponents/docs/InteractiveSimulation/Examples/AccumulateDigitalInputSignal01_ex01_00.jpg' -> 'sftp://os3-310-44666.vs.sakura.ne.jp/home/ubuntu/VPSsync/01-WorkspaceSync/modelica-shared/CustomLib/FluidSystemComponents/docs/InteractiveSimulation/Examples/AccumulateDigitalInputSignal01_ex01_00.jpg' (103,281)
2026-02-03 06:34:55: Copy Over 'C:/Users/grabacr/VPSsync/01-WorkspaceSync/modelica-shared/CustomLib/FluidSystemComponents/docs/InteractiveSimulation/Examples/AccumulateDigitalInputSignal00_ex01_03.jpg' -> 'sftp://os3-310-44666.vs.sakura.ne.jp/home/ubuntu/VPSsync/01-WorkspaceSync/modelica-shared/CustomLib/FluidSystemComponents/docs/InteractiveSimulation/Examples/AccumulateDigitalInputSignal00_ex01_03.jpg' (175,017)
2026-02-03 06:34:55: Copy Over 'C:/Users/grabacr/VPSsync/01-WorkspaceSync/modelica-shared/CustomLib/FluidSystemComponents/docs/InteractiveSimulation/Examples/AccumulateDigitalInputSignal01_ex01_01.jpg' -> 'sftp://os3-310-44666.vs.sakura.ne.jp/home/ubuntu/VPSsync/01-WorkspaceSync/modelica-shared/CustomLib/FluidSystemComponents/docs/InteractiveSimulation/Examples/AccumulateDigitalInputSignal01_ex01_01.jpg' (43,441)
2026-02-03 06:34:55: Copy Over 'C:/Users/grabacr/VPSsync/01-WorkspaceSync/modelica-shared/CustomLib/FluidSystemComponents/docs/InteractiveSimulation/Examples/AccumulateDigitalInputSignal01_ex01_02.jpg' -> 'sftp://os3-310-44666.vs.sakura.ne.jp/home/ubuntu/VPSsync/01-WorkspaceSync/modelica-shared/CustomLib/FluidSystemComponents/docs/InteractiveSimulation/Examples/AccumulateDigitalInputSignal01_ex01_02.jpg' (155,613)
2026-02-03 06:34:55: Copy Over 'C:/Users/grabacr/VPSsync/01-WorkspaceSync/modelica-shared/CustomLib/FluidSystemComponents/docs/HeatTransfer/Examples/HeatTransferDevices/HX_ShellTube_counter_discrete005_ex01/diagram_00.jpg' -> 'sftp://os3-310-44666.vs.sakura.ne.jp/home/ubuntu/VPSsync/01-WorkspaceSync/modelica-shared/CustomLib/FluidSystemComponents/docs/HeatTransfer/Examples/HeatTransferDevices/HX_ShellTube_counter_discrete005_ex01/diagram_00.jpg' (372,528)
2026-02-03 06:34:55: Copy Over 'C:/Users/grabacr/VPSsync/01-WorkspaceSync/modelica-shared/CustomLib/FluidSystemComponents/docs/InteractiveSimulation/Examples/AccumulateDigitalInputSignal01_ex01_03.jpg' -> 'sftp://os3-310-44666.vs.sakura.ne.jp/home/ubuntu/VPSsync/01-WorkspaceSync/modelica-shared/CustomLib/FluidSystemComponents/docs/InteractiveSimulation/Examples/AccumulateDigitalInputSignal01_ex01_03.jpg' (171,092)
2026-02-03 06:34:56: Copy Over 'C:/Users/grabacr/VPSsync/01-WorkspaceSync/modelica-shared/CustomLib/FluidSystemComponents/docs/InteractiveSimulation/Examples/DispValAndColor01_ex01/figs.odg' -> 'sftp://os3-310-44666.vs.sakura.ne.jp/home/ubuntu/VPSsync/01-WorkspaceSync/modelica-shared/CustomLib/FluidSystemComponents/docs/InteractiveSimulation/Examples/DispValAndColor01_ex01/figs.odg' (8,553)
2026-02-03 06:34:56: Copy Over 'C:/Users/grabacr/VPSsync/01-WorkspaceSync/modelica-shared/CustomLib/FluidSystemComponents/docs/InteractiveSimulation/Examples/DispValAndColor01_ex01/diagram_00.jpg' -> 'sftp://os3-310-44666.vs.sakura.ne.jp/home/ubuntu/VPSsync/01-WorkspaceSync/modelica-shared/CustomLib/FluidSystemComponents/docs/InteractiveSimulation/Examples/DispValAndColor01_ex01/diagram_00.jpg' (34,652)
2026-02-03 06:34:56: Copy Over 'C:/Users/grabacr/VPSsync/01-WorkspaceSync/modelica-shared/CustomLib/FluidSystemComponents/docs/InteractiveSimulation/Examples/DispValAndColor01_ex01/note.odt' -> 'sftp://os3-310-44666.vs.sakura.ne.jp/home/ubuntu/VPSsync/01-WorkspaceSync/modelica-shared/CustomLib/FluidSystemComponents/docs/InteractiveSimulation/Examples/DispValAndColor01_ex01/note.odt' (13,451)
2026-02-03 06:34:56: Copy Over 'C:/Users/grabacr/VPSsync/01-WorkspaceSync/modelica-shared/CustomLib/FluidSystemComponents/docs/InteractiveSimulation/Examples/DispValAndColor01_ex01/y_diagram_14.6s.JPG' -> 'sftp://os3-310-44666.vs.sakura.ne.jp/home/ubuntu/VPSsync/01-WorkspaceSync/modelica-shared/CustomLib/FluidSystemComponents/docs/InteractiveSimulation/Examples/DispValAndColor01_ex01/y_diagram_14.6s.JPG' (32,528)
2026-02-03 06:34:56: Copy Over 'C:/Users/grabacr/VPSsync/01-WorkspaceSync/modelica-shared/CustomLib/FluidSystemComponents/docs/InteractiveSimulation/Examples/DispValAndColor01_ex01/u_sine.y.JPG' -> 'sftp://os3-310-44666.vs.sakura.ne.jp/home/ubuntu/VPSsync/01-WorkspaceSync/modelica-shared/CustomLib/FluidSystemComponents/docs/InteractiveSimulation/Examples/DispValAndColor01_ex01/u_sine.y.JPG' (76,555)
2026-02-03 06:34:56: Copy Over 'C:/Users/grabacr/VPSsync/01-WorkspaceSync/modelica-shared/CustomLib/FluidSystemComponents/docs/InteractiveSimulation/Examples/DispValAndColor01_ex01/u_sine1.y.JPG' -> 'sftp://os3-310-44666.vs.sakura.ne.jp/home/ubuntu/VPSsync/01-WorkspaceSync/modelica-shared/CustomLib/FluidSystemComponents/docs/InteractiveSimulation/Examples/DispValAndColor01_ex01/u_sine1.y.JPG' (114,984)
2026-02-03 06:34:56: Copy Over 'C:/Users/grabacr/VPSsync/01-WorkspaceSync/modelica-shared/CustomLib/FluidSystemComponents/docs/InteractiveSimulation/Examples/DispValAndColor01_ex01/y_diagram_4.8s.JPG' -> 'sftp://os3-310-44666.vs.sakura.ne.jp/home/ubuntu/VPSsync/01-WorkspaceSync/modelica-shared/CustomLib/FluidSystemComponents/docs/InteractiveSimulation/Examples/DispValAndColor01_ex01/y_diagram_4.8s.JPG' (32,056)
2026-02-03 06:34:56: Copy Over 'C:/Users/grabacr/VPSsync/01-WorkspaceSync/modelica-shared/CustomLib/FluidSystemComponents/docs/InteractiveSimulation/Examples/DispValAndColor01_ex01/y_disp.vecRGB.JPG' -> 'sftp://os3-310-44666.vs.sakura.ne.jp/home/ubuntu/VPSsync/01-WorkspaceSync/modelica-shared/CustomLib/FluidSystemComponents/docs/InteractiveSimulation/Examples/DispValAndColor01_ex01/y_disp.vecRGB.JPG' (93,793)
2026-02-03 06:34:57: Copy Over 'C:/Users/grabacr/VPSsync/01-WorkspaceSync/modelica-shared/CustomLib/FluidSystemComponents/docs/InteractiveSimulation/Examples/DispValAndColor01_ex01/y_disp1.vecRGB.JPG' -> 'sftp://os3-310-44666.vs.sakura.ne.jp/home/ubuntu/VPSsync/01-WorkspaceSync/modelica-shared/CustomLib/FluidSystemComponents/docs/InteractiveSimulation/Examples/DispValAndColor01_ex01/y_disp1.vecRGB.JPG' (194,790)
2026-02-03 06:34:57: Copy Over 'C:/Users/grabacr/VPSsync/01-WorkspaceSync/modelica-shared/CustomLib/FluidSystemComponents/docs/HeatTransfer/Examples/HeatTransferDevices/HX_ShellTube_counter_discrete005_ex01/makeFigs.odg' -> 'sftp://os3-310-44666.vs.sakura.ne.jp/home/ubuntu/VPSsync/01-WorkspaceSync/modelica-shared/CustomLib/FluidSystemComponents/docs/HeatTransfer/Examples/HeatTransferDevices/HX_ShellTube_counter_discrete005_ex01/makeFigs.odg' (88,718)
2026-02-03 06:34:57: Copy Over 'C:/Users/grabacr/VPSsync/01-WorkspaceSync/modelica-shared/CustomLib/FluidSystemComponents/docs/HeatTransfer/Examples/HeatTransferDevices/HX_ShellTube_counter_discrete005_ex01/postCalc.ods' -> 'sftp://os3-310-44666.vs.sakura.ne.jp/home/ubuntu/VPSsync/01-WorkspaceSync/modelica-shared/CustomLib/FluidSystemComponents/docs/HeatTransfer/Examples/HeatTransferDevices/HX_ShellTube_counter_discrete005_ex01/postCalc.ods' (46,797)
2026-02-03 06:34:57: Copy Over 'C:/Users/grabacr/VPSsync/01-WorkspaceSync/modelica-shared/CustomLib/FluidSystemComponents/docs/HeatTransfer/Examples/HeatTransferDevices/HX_ShellTube_counter_discrete010_ex01/diagram_00.jpg' -> 'sftp://os3-310-44666.vs.sakura.ne.jp/home/ubuntu/VPSsync/01-WorkspaceSync/modelica-shared/CustomLib/FluidSystemComponents/docs/HeatTransfer/Examples/HeatTransferDevices/HX_ShellTube_counter_discrete010_ex01/diagram_00.jpg' (574,617)
2026-02-03 06:34:57: Copy Over 'C:/Users/grabacr/VPSsync/01-WorkspaceSync/modelica-shared/CustomLib/FluidSystemComponents/docs/InteractiveSimulation/Output/DispValAndColor01/figs.odg' -> 'sftp://os3-310-44666.vs.sakura.ne.jp/home/ubuntu/VPSsync/01-WorkspaceSync/modelica-shared/CustomLib/FluidSystemComponents/docs/InteractiveSimulation/Output/DispValAndColor01/figs.odg' (54,337)
2026-02-03 06:34:57: Copy Over 'C:/Users/grabacr/VPSsync/01-WorkspaceSync/modelica-shared/CustomLib/FluidSystemComponents/docs/InteractiveSimulation/Output/DispValAndColor01/Icon_00.JPG' -> 'sftp://os3-310-44666.vs.sakura.ne.jp/home/ubuntu/VPSsync/01-WorkspaceSync/modelica-shared/CustomLib/FluidSystemComponents/docs/InteractiveSimulation/Output/DispValAndColor01/Icon_00.JPG' (41,517)
2026-02-03 06:34:58: Copy Over 'C:/Users/grabacr/VPSsync/01-WorkspaceSync/modelica-shared/CustomLib/FluidSystemComponents/docs/InteractiveSimulation/Output/DispValAndColor01/Icon_and_description_01.JPG' -> 'sftp://os3-310-44666.vs.sakura.ne.jp/home/ubuntu/VPSsync/01-WorkspaceSync/modelica-shared/CustomLib/FluidSystemComponents/docs/InteractiveSimulation/Output/DispValAndColor01/Icon_and_description_01.JPG' (272,715)
2026-02-03 06:34:58: Copy Over 'C:/Users/grabacr/VPSsync/01-WorkspaceSync/modelica-shared/CustomLib/FluidSystemComponents/docs/InteractiveSimulation/Output/DispValAndColor01/Interfaces_00.JPG' -> 'sftp://os3-310-44666.vs.sakura.ne.jp/home/ubuntu/VPSsync/01-WorkspaceSync/modelica-shared/CustomLib/FluidSystemComponents/docs/InteractiveSimulation/Output/DispValAndColor01/Interfaces_00.JPG' (37,776)
2026-02-03 06:34:58: Copy Over 'C:/Users/grabacr/VPSsync/01-WorkspaceSync/modelica-shared/CustomLib/FluidSystemComponents/docs/InteractiveSimulation/Output/DispValAndColor01/note.odt' -> 'sftp://os3-310-44666.vs.sakura.ne.jp/home/ubuntu/VPSsync/01-WorkspaceSync/modelica-shared/CustomLib/FluidSystemComponents/docs/InteractiveSimulation/Output/DispValAndColor01/note.odt' (13,451)
2026-02-03 06:34:58: Copy Over 'C:/Users/grabacr/VPSsync/01-WorkspaceSync/modelica-shared/CustomLib/FluidSystemComponents/docs/InteractiveSimulation/Output/DispValAndColor01/Parameters_00.JPG' -> 'sftp://os3-310-44666.vs.sakura.ne.jp/home/ubuntu/VPSsync/01-WorkspaceSync/modelica-shared/CustomLib/FluidSystemComponents/docs/InteractiveSimulation/Output/DispValAndColor01/Parameters_00.JPG' (86,954)
2026-02-03 06:34:58: Copy Over 'C:/Users/grabacr/VPSsync/01-WorkspaceSync/modelica-shared/CustomLib/FluidSystemComponents/docs/HeatTransfer/Examples/HeatTransferDevices/HX_ShellTube_counter_discrete010_ex01/diagram_01.jpg' -> 'sftp://os3-310-44666.vs.sakura.ne.jp/home/ubuntu/VPSsync/01-WorkspaceSync/modelica-shared/CustomLib/FluidSystemComponents/docs/HeatTransfer/Examples/HeatTransferDevices/HX_ShellTube_counter_discrete010_ex01/diagram_01.jpg' (446,676)
2026-02-03 06:34:58: Copy Over 'C:/Users/grabacr/VPSsync/01-WorkspaceSync/modelica-shared/CustomLib/FluidSystemComponents/docs/HeatTransfer/Examples/HeatTransferDevices/HX_ShellTube_counter_discrete010_ex01/eqn_effHX.mml' -> 'sftp://os3-310-44666.vs.sakura.ne.jp/home/ubuntu/VPSsync/01-WorkspaceSync/modelica-shared/CustomLib/FluidSystemComponents/docs/HeatTransfer/Examples/HeatTransferDevices/HX_ShellTube_counter_discrete010_ex01/eqn_effHX.mml' (1,603)
2026-02-03 06:34:58: Copy Over 'C:/Users/grabacr/VPSsync/01-WorkspaceSync/modelica-shared/CustomLib/FluidSystemComponents/docs/HeatTransfer/Examples/HeatTransferDevices/HX_ShellTube_counter_discrete010_ex01/eqn_effHX_byNTU.mml' -> 'sftp://os3-310-44666.vs.sakura.ne.jp/home/ubuntu/VPSsync/01-WorkspaceSync/modelica-shared/CustomLib/FluidSystemComponents/docs/HeatTransfer/Examples/HeatTransferDevices/HX_ShellTube_counter_discrete010_ex01/eqn_effHX_byNTU.mml' (9,491)
2026-02-03 06:34:58: Copy Over 'C:/Users/grabacr/VPSsync/01-WorkspaceSync/modelica-shared/CustomLib/FluidSystemComponents/docs/HeatTransfer/Examples/HeatTransferDevices/HX_ShellTube_counter_discrete010_ex01/eqn_listOfVariables.mml' -> 'sftp://os3-310-44666.vs.sakura.ne.jp/home/ubuntu/VPSsync/01-WorkspaceSync/modelica-shared/CustomLib/FluidSystemComponents/docs/HeatTransfer/Examples/HeatTransferDevices/HX_ShellTube_counter_discrete010_ex01/eqn_listOfVariables.mml' (6,377)
2026-02-03 06:34:58: Copy Over 'C:/Users/grabacr/VPSsync/01-WorkspaceSync/modelica-shared/CustomLib/FluidSystemComponents/docs/HeatTransfer/Examples/HeatTransferDevices/HX_ShellTube_counter_discrete010_ex01/makeEqns.odt' -> 'sftp://os3-310-44666.vs.sakura.ne.jp/home/ubuntu/VPSsync/01-WorkspaceSync/modelica-shared/CustomLib/FluidSystemComponents/docs/HeatTransfer/Examples/HeatTransferDevices/HX_ShellTube_counter_discrete010_ex01/makeEqns.odt' (29,291)
2026-02-03 06:34:59: Copy Over 'C:/Users/grabacr/VPSsync/01-WorkspaceSync/modelica-shared/CustomLib/FluidSystemComponents/docs/HeatTransfer/Examples/HeatTransferDevices/HX_ShellTube_counter_discrete010_ex01/postCalc.ods' -> 'sftp://os3-310-44666.vs.sakura.ne.jp/home/ubuntu/VPSsync/01-WorkspaceSync/modelica-shared/CustomLib/FluidSystemComponents/docs/HeatTransfer/Examples/HeatTransferDevices/HX_ShellTube_counter_discrete010_ex01/postCalc.ods' (57,716)
2026-02-03 06:34:59: Copy Over 'C:/Users/grabacr/VPSsync/01-WorkspaceSync/modelica-shared/CustomLib/FluidSystemComponents/docs/HeatTransfer/Examples/HeatTransferDevices/HX_ShellTube_counter_discrete010_ex01/makeFigs.odg' -> 'sftp://os3-310-44666.vs.sakura.ne.jp/home/ubuntu/VPSsync/01-WorkspaceSync/modelica-shared/CustomLib/FluidSystemComponents/docs/HeatTransfer/Examples/HeatTransferDevices/HX_ShellTube_counter_discrete010_ex01/makeFigs.odg' (106,950)
2026-02-03 06:34:59: Copy Over 'C:/Users/grabacr/VPSsync/01-WorkspaceSync/modelica-shared/CustomLib/FluidSystemComponents/docs/HeatTransfer/Examples/HeatTransferDevices/HX_ShellTube_counter_discrete020_ex01/diagram_00.jpg' -> 'sftp://os3-310-44666.vs.sakura.ne.jp/home/ubuntu/VPSsync/01-WorkspaceSync/modelica-shared/CustomLib/FluidSystemComponents/docs/HeatTransfer/Examples/HeatTransferDevices/HX_ShellTube_counter_discrete020_ex01/diagram_00.jpg' (683,554)
2026-02-03 06:34:59: Copy Over 'C:/Users/grabacr/VPSsync/01-WorkspaceSync/modelica-shared/CustomLib/FluidSystemComponents/docs/HeatTransfer/Examples/HeatTransferDevices/HX_ShellTube_parallel_discrete005_ex01/diagram00.jpg' -> 'sftp://os3-310-44666.vs.sakura.ne.jp/home/ubuntu/VPSsync/01-WorkspaceSync/modelica-shared/CustomLib/FluidSystemComponents/docs/HeatTransfer/Examples/HeatTransferDevices/HX_ShellTube_parallel_discrete005_ex01/diagram00.jpg' (406,082)
2026-02-03 06:35:00: Copy Over 'C:/Users/grabacr/VPSsync/01-WorkspaceSync/modelica-shared/CustomLib/FluidSystemComponents/docs/HeatTransfer/Examples/HeatTransferDevices/HX_ShellTube_parallel_discrete005_ex01/makeFigs.odg' -> 'sftp://os3-310-44666.vs.sakura.ne.jp/home/ubuntu/VPSsync/01-WorkspaceSync/modelica-shared/CustomLib/FluidSystemComponents/docs/HeatTransfer/Examples/HeatTransferDevices/HX_ShellTube_parallel_discrete005_ex01/makeFigs.odg' (90,167)
2026-02-03 06:35:00: Copy Over 'C:/Users/grabacr/VPSsync/01-WorkspaceSync/modelica-shared/CustomLib/FluidSystemComponents/docs/HeatTransfer/Examples/HeatTransferDevices/HX_ShellTube_parallel_discrete005_ex01/postCalc.ods' -> 'sftp://os3-310-44666.vs.sakura.ne.jp/home/ubuntu/VPSsync/01-WorkspaceSync/modelica-shared/CustomLib/FluidSystemComponents/docs/HeatTransfer/Examples/HeatTransferDevices/HX_ShellTube_parallel_discrete005_ex01/postCalc.ods' (20,445)
2026-02-03 06:35:00: Copy Over 'C:/Users/grabacr/VPSsync/01-WorkspaceSync/modelica-shared/CustomLib/FluidSystemComponents/docs/HeatTransfer/Examples/HeatTransferDevices/HX_ShellTube_counter_discrete020_ex01/eff__parallel_vs_counter.jpg' -> 'sftp://os3-310-44666.vs.sakura.ne.jp/home/ubuntu/VPSsync/01-WorkspaceSync/modelica-shared/CustomLib/FluidSystemComponents/docs/HeatTransfer/Examples/HeatTransferDevices/HX_ShellTube_counter_discrete020_ex01/eff__parallel_vs_counter.jpg' (542,043)
2026-02-03 06:35:00: Copy Over 'C:/Users/grabacr/VPSsync/01-WorkspaceSync/modelica-shared/CustomLib/FluidSystemComponents/docs/HeatTransfer/Examples/HeatTransferDevices/HX_ShellTube_counter_discrete020_ex01/eff_vs_NTU.jpg' -> 'sftp://os3-310-44666.vs.sakura.ne.jp/home/ubuntu/VPSsync/01-WorkspaceSync/modelica-shared/CustomLib/FluidSystemComponents/docs/HeatTransfer/Examples/HeatTransferDevices/HX_ShellTube_counter_discrete020_ex01/eff_vs_NTU.jpg' (222,587)
2026-02-03 06:35:00: Copy Over 'C:/Users/grabacr/VPSsync/01-WorkspaceSync/modelica-shared/CustomLib/FluidSystemComponents/docs/HeatTransfer/Examples/HeatTransferDevices/HX_ShellTube_counter_discrete020_ex01/makeFigs.odg' -> 'sftp://os3-310-44666.vs.sakura.ne.jp/home/ubuntu/VPSsync/01-WorkspaceSync/modelica-shared/CustomLib/FluidSystemComponents/docs/HeatTransfer/Examples/HeatTransferDevices/HX_ShellTube_counter_discrete020_ex01/makeFigs.odg' (151,386)
2026-02-03 06:35:00: Copy Over 'C:/Users/grabacr/VPSsync/01-WorkspaceSync/modelica-shared/CustomLib/FluidSystemComponents/docs/HeatTransfer/Examples/HeatTransferDevices/HX_ShellTube_counter_discrete020_ex01/eff_vs_NTU_01.jpg' -> 'sftp://os3-310-44666.vs.sakura.ne.jp/home/ubuntu/VPSsync/01-WorkspaceSync/modelica-shared/CustomLib/FluidSystemComponents/docs/HeatTransfer/Examples/HeatTransferDevices/HX_ShellTube_counter_discrete020_ex01/eff_vs_NTU_01.jpg' (259,252)
2026-02-03 06:35:01: Copy Over 'C:/Users/grabacr/VPSsync/01-WorkspaceSync/modelica-shared/CustomLib/FluidSystemComponents/docs/HeatTransfer/Examples/HeatTransferDevices/HX_ShellTube_counter_discrete020_ex01/postCalc.ods' -> 'sftp://os3-310-44666.vs.sakura.ne.jp/home/ubuntu/VPSsync/01-WorkspaceSync/modelica-shared/CustomLib/FluidSystemComponents/docs/HeatTransfer/Examples/HeatTransferDevices/HX_ShellTube_counter_discrete020_ex01/postCalc.ods' (61,138)
2026-02-03 06:35:01: Copy Over 'C:/Users/grabacr/VPSsync/01-WorkspaceSync/modelica-shared/CustomLib/FluidSystemComponents/docs/HeatTransfer/Examples/HeatTransferDevices/HX_ShellTube_counter_discrete020_ex01/relativeErr__parallel_vs_counter.jpg' -> 'sftp://os3-310-44666.vs.sakura.ne.jp/home/ubuntu/VPSsync/01-WorkspaceSync/modelica-shared/CustomLib/FluidSystemComponents/docs/HeatTransfer/Examples/HeatTransferDevices/HX_ShellTube_counter_discrete020_ex01/relativeErr__parallel_vs_counter.jpg' (537,651)
2026-02-03 06:35:01: Copy Over 'C:/Users/grabacr/VPSsync/01-WorkspaceSync/modelica-shared/CustomLib/FluidSystemComponents/docs/HeatTransfer/Examples/HeatTransferDevices/HX_ShellTube_counter_discrete020_ex01/relErrEff_vs_NTU.jpg' -> 'sftp://os3-310-44666.vs.sakura.ne.jp/home/ubuntu/VPSsync/01-WorkspaceSync/modelica-shared/CustomLib/FluidSystemComponents/docs/HeatTransfer/Examples/HeatTransferDevices/HX_ShellTube_counter_discrete020_ex01/relErrEff_vs_NTU.jpg' (183,645)
2026-02-03 06:35:02: Copy Over 'C:/Users/grabacr/VPSsync/01-WorkspaceSync/modelica-shared/CustomLib/FluidSystemComponents/docs/HeatTransfer/Examples/HeatTransferDevices/HX_ShellTube_parallel_discrete010_ex01/diagram00.jpg' -> 'sftp://os3-310-44666.vs.sakura.ne.jp/home/ubuntu/VPSsync/01-WorkspaceSync/modelica-shared/CustomLib/FluidSystemComponents/docs/HeatTransfer/Examples/HeatTransferDevices/HX_ShellTube_parallel_discrete010_ex01/diagram00.jpg' (404,637)
2026-02-03 06:35:02: Copy Over 'C:/Users/grabacr/VPSsync/01-WorkspaceSync/modelica-shared/CustomLib/FluidSystemComponents/docs/HeatTransfer/Examples/HeatTransferDevices/HX_ShellTube_counter_discrete020_ex01/relErrEff_vs_NTU_01.jpg' -> 'sftp://os3-310-44666.vs.sakura.ne.jp/home/ubuntu/VPSsync/01-WorkspaceSync/modelica-shared/CustomLib/FluidSystemComponents/docs/HeatTransfer/Examples/HeatTransferDevices/HX_ShellTube_counter_discrete020_ex01/relErrEff_vs_NTU_01.jpg' (213,348)
2026-02-03 06:35:02: Copy Over 'C:/Users/grabacr/VPSsync/01-WorkspaceSync/modelica-shared/CustomLib/FluidSystemComponents/docs/HeatTransfer/Examples/HeatTransferDevices/HX_ShellTube_parallel_discrete020_ex01/diagram00.jpg' -> 'sftp://os3-310-44666.vs.sakura.ne.jp/home/ubuntu/VPSsync/01-WorkspaceSync/modelica-shared/CustomLib/FluidSystemComponents/docs/HeatTransfer/Examples/HeatTransferDevices/HX_ShellTube_parallel_discrete020_ex01/diagram00.jpg' (717,950)
2026-02-03 06:35:02: Copy Over 'C:/Users/grabacr/VPSsync/01-WorkspaceSync/modelica-shared/CustomLib/FluidSystemComponents/docs/HeatTransfer/Examples/HeatTransferDevices/HX_ShellTube_parallel_discrete020_ex01/eff_vs_NTU.jpg' -> 'sftp://os3-310-44666.vs.sakura.ne.jp/home/ubuntu/VPSsync/01-WorkspaceSync/modelica-shared/CustomLib/FluidSystemComponents/docs/HeatTransfer/Examples/HeatTransferDevices/HX_ShellTube_parallel_discrete020_ex01/eff_vs_NTU.jpg' (178,576)
2026-02-03 06:35:03: Copy Over 'C:/Users/grabacr/VPSsync/01-WorkspaceSync/modelica-shared/CustomLib/FluidSystemComponents/docs/HeatTransfer/Examples/HeatTransferDevices/HX_ShellTube_parallel_discrete020_ex01/makeFigs.odg' -> 'sftp://os3-310-44666.vs.sakura.ne.jp/home/ubuntu/VPSsync/01-WorkspaceSync/modelica-shared/CustomLib/FluidSystemComponents/docs/HeatTransfer/Examples/HeatTransferDevices/HX_ShellTube_parallel_discrete020_ex01/makeFigs.odg' (492,720)
2026-02-03 06:35:03: Copy Over 'C:/Users/grabacr/VPSsync/01-WorkspaceSync/modelica-shared/CustomLib/FluidSystemComponents/docs/HeatTransfer/Examples/HeatTransferDevices/HX_ShellTube_parallel_discrete020_ex01/postCalc.ods' -> 'sftp://os3-310-44666.vs.sakura.ne.jp/home/ubuntu/VPSsync/01-WorkspaceSync/modelica-shared/CustomLib/FluidSystemComponents/docs/HeatTransfer/Examples/HeatTransferDevices/HX_ShellTube_parallel_discrete020_ex01/postCalc.ods' (36,067)
2026-02-03 06:35:03: Copy Over 'C:/Users/grabacr/VPSsync/01-WorkspaceSync/modelica-shared/CustomLib/FluidSystemComponents/docs/HeatTransfer/Examples/HeatTransferDevices/HX_ShellTube_parallel_discrete020_ex01/eff_vs_NTU_01.jpg' -> 'sftp://os3-310-44666.vs.sakura.ne.jp/home/ubuntu/VPSsync/01-WorkspaceSync/modelica-shared/CustomLib/FluidSystemComponents/docs/HeatTransfer/Examples/HeatTransferDevices/HX_ShellTube_parallel_discrete020_ex01/eff_vs_NTU_01.jpg' (200,379)
2026-02-03 06:35:03: Copy Over 'C:/Users/grabacr/VPSsync/01-WorkspaceSync/modelica-shared/CustomLib/FluidSystemComponents/docs/HeatTransfer/Examples/HeatTransferDevices/HX_ShellTube_parallel_discrete010_ex01/diagram01.jpg' -> 'sftp://os3-310-44666.vs.sakura.ne.jp/home/ubuntu/VPSsync/01-WorkspaceSync/modelica-shared/CustomLib/FluidSystemComponents/docs/HeatTransfer/Examples/HeatTransferDevices/HX_ShellTube_parallel_discrete010_ex01/diagram01.jpg' (483,047)
2026-02-03 06:35:03: Copy Over 'C:/Users/grabacr/VPSsync/01-WorkspaceSync/modelica-shared/CustomLib/FluidSystemComponents/docs/HeatTransfer/Examples/HeatTransferDevices/HX_ShellTube_parallel_discrete020_ex01/relErrEff_vs_NTU.jpg' -> 'sftp://os3-310-44666.vs.sakura.ne.jp/home/ubuntu/VPSsync/01-WorkspaceSync/modelica-shared/CustomLib/FluidSystemComponents/docs/HeatTransfer/Examples/HeatTransferDevices/HX_ShellTube_parallel_discrete020_ex01/relErrEff_vs_NTU.jpg' (213,409)
2026-02-03 06:35:03: Copy Over 'C:/Users/grabacr/VPSsync/01-WorkspaceSync/modelica-shared/CustomLib/FluidSystemComponents/docs/HeatTransfer/Examples/HeatTransferDevices/HX_ShellTube_parallel_discrete020_ex01/relErrEff_vs_NTU_01.jpg' -> 'sftp://os3-310-44666.vs.sakura.ne.jp/home/ubuntu/VPSsync/01-WorkspaceSync/modelica-shared/CustomLib/FluidSystemComponents/docs/HeatTransfer/Examples/HeatTransferDevices/HX_ShellTube_parallel_discrete020_ex01/relErrEff_vs_NTU_01.jpg' (238,755)
2026-02-03 06:35:03: Copy Over 'C:/Users/grabacr/VPSsync/01-WorkspaceSync/modelica-shared/CustomLib/FluidSystemComponents/docs/HeatTransfer/Examples/HeatTransferDevices/HX_ShellTube_parallel_discrete010_ex01/eqn_effHX.mml' -> 'sftp://os3-310-44666.vs.sakura.ne.jp/home/ubuntu/VPSsync/01-WorkspaceSync/modelica-shared/CustomLib/FluidSystemComponents/docs/HeatTransfer/Examples/HeatTransferDevices/HX_ShellTube_parallel_discrete010_ex01/eqn_effHX.mml' (1,603)
2026-02-03 06:35:04: Copy Over 'C:/Users/grabacr/VPSsync/01-WorkspaceSync/modelica-shared/CustomLib/FluidSystemComponents/docs/HeatTransfer/Examples/HeatTransferDevices/HX_ShellTube_parallel_discrete010_ex01/eqn_effHX_byNTU.mml' -> 'sftp://os3-310-44666.vs.sakura.ne.jp/home/ubuntu/VPSsync/01-WorkspaceSync/modelica-shared/CustomLib/FluidSystemComponents/docs/HeatTransfer/Examples/HeatTransferDevices/HX_ShellTube_parallel_discrete010_ex01/eqn_effHX_byNTU.mml' (7,258)
2026-02-03 06:35:04: Copy Over 'C:/Users/grabacr/VPSsync/01-WorkspaceSync/modelica-shared/CustomLib/FluidSystemComponents/docs/HeatTransfer/Examples/HeatTransferDevices/HX_ShellTube_parallel_discrete010_ex01/eqn_listOfVariables.mml' -> 'sftp://os3-310-44666.vs.sakura.ne.jp/home/ubuntu/VPSsync/01-WorkspaceSync/modelica-shared/CustomLib/FluidSystemComponents/docs/HeatTransfer/Examples/HeatTransferDevices/HX_ShellTube_parallel_discrete010_ex01/eqn_listOfVariables.mml' (6,377)
2026-02-03 06:35:04: Copy Over 'C:/Users/grabacr/VPSsync/01-WorkspaceSync/modelica-shared/CustomLib/FluidSystemComponents/docs/HeatTransfer/Examples/HeatTransferDevices/HX_ShellTube_parallel_discrete010_ex01/makeEqns.odt' -> 'sftp://os3-310-44666.vs.sakura.ne.jp/home/ubuntu/VPSsync/01-WorkspaceSync/modelica-shared/CustomLib/FluidSystemComponents/docs/HeatTransfer/Examples/HeatTransferDevices/HX_ShellTube_parallel_discrete010_ex01/makeEqns.odt' (28,738)
2026-02-03 06:35:04: Copy Over 'C:/Users/grabacr/VPSsync/01-WorkspaceSync/modelica-shared/CustomLib/FluidSystemComponents/docs/HeatTransfer/Examples/HeatTransferDevices/HX_ShellTube_parallel_discrete010_ex01/makeFigs.odg' -> 'sftp://os3-310-44666.vs.sakura.ne.jp/home/ubuntu/VPSsync/01-WorkspaceSync/modelica-shared/CustomLib/FluidSystemComponents/docs/HeatTransfer/Examples/HeatTransferDevices/HX_ShellTube_parallel_discrete010_ex01/makeFigs.odg' (100,179)
2026-02-03 06:35:04: Copy Over 'C:/Users/grabacr/VPSsync/01-WorkspaceSync/modelica-shared/CustomLib/FluidSystemComponents/docs/HeatTransfer/Examples/HeatTransferDevices/HX_ShellTube_parallel_discrete010_ex01/postCalc.ods' -> 'sftp://os3-310-44666.vs.sakura.ne.jp/home/ubuntu/VPSsync/01-WorkspaceSync/modelica-shared/CustomLib/FluidSystemComponents/docs/HeatTransfer/Examples/HeatTransferDevices/HX_ShellTube_parallel_discrete010_ex01/postCalc.ods' (32,630)
2026-02-03 06:35:04: Copy Over 'C:/Users/grabacr/VPSsync/01-WorkspaceSync/modelica-shared/CustomLib/FluidSystemComponents/docs/Media/Examples/Test/HydrogenCoolProp_test02/20250823_OpenCAE_CoolProp.odt' -> 'sftp://os3-310-44666.vs.sakura.ne.jp/home/ubuntu/VPSsync/01-WorkspaceSync/modelica-shared/CustomLib/FluidSystemComponents/docs/Media/Examples/Test/HydrogenCoolProp_test02/20250823_OpenCAE_CoolProp.odt' (93,504)
2026-02-03 06:35:04: Copy Over 'C:/Users/grabacr/VPSsync/01-WorkspaceSync/modelica-shared/CustomLib/FluidSystemComponents/docs/MSLfluidWithVisualization/Fittings/Examples/SimpleGenericOrifice_ex01/diagram.JPG' -> 'sftp://os3-310-44666.vs.sakura.ne.jp/home/ubuntu/VPSsync/01-WorkspaceSync/modelica-shared/CustomLib/FluidSystemComponents/docs/MSLfluidWithVisualization/Fittings/Examples/SimpleGenericOrifice_ex01/diagram.JPG' (123,337)
2026-02-03 06:35:04: Copy Over 'C:/Users/grabacr/VPSsync/01-WorkspaceSync/modelica-shared/CustomLib/FluidSystemComponents/docs/MSLfluidWithVisualization/Fittings/Examples/SimpleGenericOrifice_ex01/result_diagram_0s.JPG' -> 'sftp://os3-310-44666.vs.sakura.ne.jp/home/ubuntu/VPSsync/01-WorkspaceSync/modelica-shared/CustomLib/FluidSystemComponents/docs/MSLfluidWithVisualization/Fittings/Examples/SimpleGenericOrifice_ex01/result_diagram_0s.JPG' (89,373)
2026-02-03 06:35:05: Copy Over 'C:/Users/grabacr/VPSsync/01-WorkspaceSync/modelica-shared/CustomLib/FluidSystemComponents/docs/MSLfluidWithVisualization/Fittings/Examples/SimpleGenericOrifice_ex01/result_diagram_10s.JPG' -> 'sftp://os3-310-44666.vs.sakura.ne.jp/home/ubuntu/VPSsync/01-WorkspaceSync/modelica-shared/CustomLib/FluidSystemComponents/docs/MSLfluidWithVisualization/Fittings/Examples/SimpleGenericOrifice_ex01/result_diagram_10s.JPG' (96,969)
2026-02-03 06:35:05: Copy Over 'C:/Users/grabacr/VPSsync/01-WorkspaceSync/modelica-shared/CustomLib/FluidSystemComponents/docs/MSLfluidWithVisualization/Fittings/Examples/SimpleGenericOrifice_ex01/result_diagram_5s.JPG' -> 'sftp://os3-310-44666.vs.sakura.ne.jp/home/ubuntu/VPSsync/01-WorkspaceSync/modelica-shared/CustomLib/FluidSystemComponents/docs/MSLfluidWithVisualization/Fittings/Examples/SimpleGenericOrifice_ex01/result_diagram_5s.JPG' (94,476)
2026-02-03 06:35:05: Copy Over 'C:/Users/grabacr/VPSsync/01-WorkspaceSync/modelica-shared/CustomLib/FluidSystemComponents/docs/MSLfluidWithVisualization/Fittings/Examples/SimpleGenericOrifice_ex01/result_diagram_20s.JPG' -> 'sftp://os3-310-44666.vs.sakura.ne.jp/home/ubuntu/VPSsync/01-WorkspaceSync/modelica-shared/CustomLib/FluidSystemComponents/docs/MSLfluidWithVisualization/Fittings/Examples/SimpleGenericOrifice_ex01/result_diagram_20s.JPG' (94,947)
2026-02-03 06:35:05: Copy Over 'C:/Users/grabacr/VPSsync/01-WorkspaceSync/modelica-shared/CustomLib/FluidSystemComponents/docs/MSLfluidWithVisualization/Vessels/Examples/ClosedVolume_ex01/diagram.JPG' -> 'sftp://os3-310-44666.vs.sakura.ne.jp/home/ubuntu/VPSsync/01-WorkspaceSync/modelica-shared/CustomLib/FluidSystemComponents/docs/MSLfluidWithVisualization/Vessels/Examples/ClosedVolume_ex01/diagram.JPG' (78,639)
2026-02-03 06:35:05: Copy Over 'C:/Users/grabacr/VPSsync/01-WorkspaceSync/modelica-shared/CustomLib/FluidSystemComponents/docs/Visualizers/Examples/FluidNW_ex01_Vis_ex01/FluidNW_ex01_Vis_ex01_diagram.bmp' -> 'sftp://os3-310-44666.vs.sakura.ne.jp/home/ubuntu/VPSsync/01-WorkspaceSync/modelica-shared/CustomLib/FluidSystemComponents/docs/Visualizers/Examples/FluidNW_ex01_Vis_ex01/FluidNW_ex01_Vis_ex01_diagram.bmp' (1,013,910)
2026-02-03 06:35:06: Copy Over 'C:/Users/grabacr/VPSsync/01-WorkspaceSync/modelica-shared/CustomLib/FluidSystemComponents/docs/Visualizers/Examples/FluidNW_ex01_Vis_ex01/y_VisDiagram_t=0.JPG' -> 'sftp://os3-310-44666.vs.sakura.ne.jp/home/ubuntu/VPSsync/01-WorkspaceSync/modelica-shared/CustomLib/FluidSystemComponents/docs/Visualizers/Examples/FluidNW_ex01_Vis_ex01/y_VisDiagram_t=0.JPG' (168,417)
2026-02-03 06:35:06: Copy Over 'C:/Users/grabacr/VPSsync/01-WorkspaceSync/modelica-shared/CustomLib/FluidSystemComponents/docs/Visualizers/Examples/FluidNW_ex01_Vis_ex01/y_VisDiagram_t=24.8.JPG' -> 'sftp://os3-310-44666.vs.sakura.ne.jp/home/ubuntu/VPSsync/01-WorkspaceSync/modelica-shared/CustomLib/FluidSystemComponents/docs/Visualizers/Examples/FluidNW_ex01_Vis_ex01/y_VisDiagram_t=24.8.JPG' (186,222)
2026-02-03 06:35:06: Copy Over 'C:/Users/grabacr/VPSsync/01-WorkspaceSync/modelica-shared/CustomLib/FluidSystemComponents/docs/Visualizers/Examples/FluidNW_ex01_Vis_ex01/y_VisDiagram_t=31.4.JPG' -> 'sftp://os3-310-44666.vs.sakura.ne.jp/home/ubuntu/VPSsync/01-WorkspaceSync/modelica-shared/CustomLib/FluidSystemComponents/docs/Visualizers/Examples/FluidNW_ex01_Vis_ex01/y_VisDiagram_t=31.4.JPG' (189,260)
2026-02-03 06:35:06: Copy Over 'C:/Users/grabacr/VPSsync/01-WorkspaceSync/modelica-shared/CustomLib/FluidSystemComponents/docs/Visualizers/Examples/FluidNW_ex01_Vis_ex01/y_VisDiagram_t=43.5.JPG' -> 'sftp://os3-310-44666.vs.sakura.ne.jp/home/ubuntu/VPSsync/01-WorkspaceSync/modelica-shared/CustomLib/FluidSystemComponents/docs/Visualizers/Examples/FluidNW_ex01_Vis_ex01/y_VisDiagram_t=43.5.JPG' (189,422)
2026-02-03 06:35:06: Copy Over 'C:/Users/grabacr/VPSsync/01-WorkspaceSync/modelica-shared/CustomLib/FluidSystemComponents/docs/MSLfluidWithVisualization/Vessels/Examples/ClosedVolume_ex01/result_diagram_0s.JPG' -> 'sftp://os3-310-44666.vs.sakura.ne.jp/home/ubuntu/VPSsync/01-WorkspaceSync/modelica-shared/CustomLib/FluidSystemComponents/docs/MSLfluidWithVisualization/Vessels/Examples/ClosedVolume_ex01/result_diagram_0s.JPG' (63,856)
2026-02-03 06:35:06: Copy Over 'C:/Users/grabacr/VPSsync/01-WorkspaceSync/modelica-shared/CustomLib/FluidSystemComponents/docs/MSLfluidWithVisualization/Vessels/Examples/ClosedVolume_ex01/result_diagram_15s.JPG' -> 'sftp://os3-310-44666.vs.sakura.ne.jp/home/ubuntu/VPSsync/01-WorkspaceSync/modelica-shared/CustomLib/FluidSystemComponents/docs/MSLfluidWithVisualization/Vessels/Examples/ClosedVolume_ex01/result_diagram_15s.JPG' (64,393)
2026-02-03 06:35:07: Copy Over 'C:/Users/grabacr/VPSsync/01-WorkspaceSync/modelica-shared/CustomLib/FluidSystemComponents/docs/MSLfluidWithVisualization/Vessels/Examples/ClosedVolume_ex01/result_diagram_18s.JPG' -> 'sftp://os3-310-44666.vs.sakura.ne.jp/home/ubuntu/VPSsync/01-WorkspaceSync/modelica-shared/CustomLib/FluidSystemComponents/docs/MSLfluidWithVisualization/Vessels/Examples/ClosedVolume_ex01/result_diagram_18s.JPG' (68,178)
2026-02-03 06:35:07: Copy Over 'C:/Users/grabacr/VPSsync/01-WorkspaceSync/modelica-shared/CustomLib/FluidSystemComponents/docs/MSLfluidWithVisualization/Vessels/Examples/ClosedVolume_ex01/result_diagram_20s.JPG' -> 'sftp://os3-310-44666.vs.sakura.ne.jp/home/ubuntu/VPSsync/01-WorkspaceSync/modelica-shared/CustomLib/FluidSystemComponents/docs/MSLfluidWithVisualization/Vessels/Examples/ClosedVolume_ex01/result_diagram_20s.JPG' (65,280)
2026-02-03 06:35:07: Copy Over 'C:/Users/grabacr/VPSsync/01-WorkspaceSync/modelica-shared/CustomLib/FluidSystemComponents/docs/図1.png' -> 'sftp://os3-310-44666.vs.sakura.ne.jp/home/ubuntu/VPSsync/01-WorkspaceSync/modelica-shared/CustomLib/FluidSystemComponents/docs/図1.png' (54,320)
2026-02-03 06:35:07: Copy Over 'C:/Users/grabacr/VPSsync/01-WorkspaceSync/modelica-shared/CustomLib/FluidSystemComponents/docs/MSLfluidWithVisualization/Vessels/Examples/OpenTank_ex01/diagram.JPG' -> 'sftp://os3-310-44666.vs.sakura.ne.jp/home/ubuntu/VPSsync/01-WorkspaceSync/modelica-shared/CustomLib/FluidSystemComponents/docs/MSLfluidWithVisualization/Vessels/Examples/OpenTank_ex01/diagram.JPG' (158,717)
2026-02-03 06:35:07: Copy Over 'C:/Users/grabacr/VPSsync/01-WorkspaceSync/modelica-shared/CustomLib/FluidSystemComponents/docs/MSLfluidWithVisualization/Vessels/Examples/OpenTank_ex01/result_diagram_0s.JPG' -> 'sftp://os3-310-44666.vs.sakura.ne.jp/home/ubuntu/VPSsync/01-WorkspaceSync/modelica-shared/CustomLib/FluidSystemComponents/docs/MSLfluidWithVisualization/Vessels/Examples/OpenTank_ex01/result_diagram_0s.JPG' (113,284)
2026-02-03 06:35:07: Copy Over 'C:/Users/grabacr/VPSsync/01-WorkspaceSync/modelica-shared/CustomLib/FluidSystemComponents/docs/MSLfluidWithVisualization/Vessels/Examples/OpenTank_ex01/result_diagram_10s.JPG' -> 'sftp://os3-310-44666.vs.sakura.ne.jp/home/ubuntu/VPSsync/01-WorkspaceSync/modelica-shared/CustomLib/FluidSystemComponents/docs/MSLfluidWithVisualization/Vessels/Examples/OpenTank_ex01/result_diagram_10s.JPG' (112,143)
2026-02-03 06:35:07: Copy Over 'C:/Users/grabacr/VPSsync/01-WorkspaceSync/modelica-shared/CustomLib/FluidSystemComponents/docs/MSLfluidWithVisualization/Vessels/Examples/OpenTank_ex01/result_diagram_2s.JPG' -> 'sftp://os3-310-44666.vs.sakura.ne.jp/home/ubuntu/VPSsync/01-WorkspaceSync/modelica-shared/CustomLib/FluidSystemComponents/docs/MSLfluidWithVisualization/Vessels/Examples/OpenTank_ex01/result_diagram_2s.JPG' (114,256)
2026-02-03 06:35:07: Copy Over 'C:/Users/grabacr/VPSsync/01-WorkspaceSync/modelica-shared/CustomLib/FluidSystemComponents/docs/MSLfluidWithVisualization/Vessels/Examples/OpenTank_ex01/result_diagram_5s.JPG' -> 'sftp://os3-310-44666.vs.sakura.ne.jp/home/ubuntu/VPSsync/01-WorkspaceSync/modelica-shared/CustomLib/FluidSystemComponents/docs/MSLfluidWithVisualization/Vessels/Examples/OpenTank_ex01/result_diagram_5s.JPG' (116,652)
2026-02-03 06:35:07: Copy Over 'C:/Users/grabacr/VPSsync/01-WorkspaceSync/modelica-shared/CustomLib/FluidSystemComponents/CommonAnyFluid/Thermodynamics/ConstPressureHeatRejection00.mo' -> 'sftp://os3-310-44666.vs.sakura.ne.jp/home/ubuntu/VPSsync/01-WorkspaceSync/modelica-shared/CustomLib/FluidSystemComponents/CommonAnyFluid/Thermodynamics/ConstPressureHeatRejection00.mo' (83,489)
2026-02-03 06:35:08: Copy Over 'C:/Users/grabacr/VPSsync/01-WorkspaceSync/modelica-shared/CustomLib/FluidSystemComponents/CommonAnyFluid/Thermodynamics/IsentropicCompression00.mo' -> 'sftp://os3-310-44666.vs.sakura.ne.jp/home/ubuntu/VPSsync/01-WorkspaceSync/modelica-shared/CustomLib/FluidSystemComponents/CommonAnyFluid/Thermodynamics/IsentropicCompression00.mo' (92,336)
2026-02-03 06:35:08: Copy Over 'C:/Users/grabacr/VPSsync/01-WorkspaceSync/modelica-shared/CustomLib/FluidSystemComponents/CommonAnyFluid/Thermodynamics/ConstVolumeHeatAddition00.mo' -> 'sftp://os3-310-44666.vs.sakura.ne.jp/home/ubuntu/VPSsync/01-WorkspaceSync/modelica-shared/CustomLib/FluidSystemComponents/CommonAnyFluid/Thermodynamics/ConstVolumeHeatAddition00.mo' (101,244)
2026-02-03 06:35:08: Copy Over 'C:/Users/grabacr/VPSsync/01-WorkspaceSync/modelica-shared/CustomLib/FluidSystemComponents/CommonAnyFluid/Thermodynamics/ConstVolumeHeatRejection00.mo' -> 'sftp://os3-310-44666.vs.sakura.ne.jp/home/ubuntu/VPSsync/01-WorkspaceSync/modelica-shared/CustomLib/FluidSystemComponents/CommonAnyFluid/Thermodynamics/ConstVolumeHeatRejection00.mo' (100,864)
2026-02-03 06:35:08: Copy Over 'C:/Users/grabacr/VPSsync/01-WorkspaceSync/modelica-shared/CustomLib/FluidSystemComponents/CommonAnyFluid/Thermodynamics/IsentropicExpansion00.mo' -> 'sftp://os3-310-44666.vs.sakura.ne.jp/home/ubuntu/VPSsync/01-WorkspaceSync/modelica-shared/CustomLib/FluidSystemComponents/CommonAnyFluid/Thermodynamics/IsentropicExpansion00.mo' (91,514)
2026-02-03 06:35:08: Copy Over 'C:/Users/grabacr/VPSsync/01-WorkspaceSync/modelica-shared/CustomLib/FluidSystemComponents/CommonAnyFluid/Thermodynamics/LenoirCycleIdeal00.mo' -> 'sftp://os3-310-44666.vs.sakura.ne.jp/home/ubuntu/VPSsync/01-WorkspaceSync/modelica-shared/CustomLib/FluidSystemComponents/CommonAnyFluid/Thermodynamics/LenoirCycleIdeal00.mo' (90,997)
2026-02-03 06:35:08: Copy Over 'C:/Users/grabacr/VPSsync/01-WorkspaceSync/modelica-shared/CustomLib/FluidSystemComponents/CommonAnyFluid/Thermodynamics/OttoCycleIdeal00.mo' -> 'sftp://os3-310-44666.vs.sakura.ne.jp/home/ubuntu/VPSsync/01-WorkspaceSync/modelica-shared/CustomLib/FluidSystemComponents/CommonAnyFluid/Thermodynamics/OttoCycleIdeal00.mo' (144,821)
2026-02-03 06:35:08: Copy Over 'C:/Users/grabacr/VPSsync/01-WorkspaceSync/modelica-shared/CustomLib/FluidSystemComponents/CommonAnyFluid/Thermodynamics/package.mo' -> 'sftp://os3-310-44666.vs.sakura.ne.jp/home/ubuntu/VPSsync/01-WorkspaceSync/modelica-shared/CustomLib/FluidSystemComponents/CommonAnyFluid/Thermodynamics/package.mo' (128)
2026-02-03 06:35:08: Copy Over 'C:/Users/grabacr/VPSsync/01-WorkspaceSync/modelica-shared/CustomLib/FluidSystemComponents/CommonAnyFluid/Thermodynamics/package.order' -> 'sftp://os3-310-44666.vs.sakura.ne.jp/home/ubuntu/VPSsync/01-WorkspaceSync/modelica-shared/CustomLib/FluidSystemComponents/CommonAnyFluid/Thermodynamics/package.order' (200)
2026-02-03 06:35:09: Copy Over 'C:/Users/grabacr/VPSsync/01-WorkspaceSync/modelica-shared/CustomLib/FluidSystemComponents/figs/FluidSystemComponents01.jpg' -> 'sftp://os3-310-44666.vs.sakura.ne.jp/home/ubuntu/VPSsync/01-WorkspaceSync/modelica-shared/CustomLib/FluidSystemComponents/figs/FluidSystemComponents01.jpg' (43,577)
2026-02-03 06:35:09: Copy Over 'C:/Users/grabacr/VPSsync/01-WorkspaceSync/modelica-shared/CustomLib/FluidSystemComponents/HeatTransfer/BaseClasses/HeatInjectorBase00.mo' -> 'sftp://os3-310-44666.vs.sakura.ne.jp/home/ubuntu/VPSsync/01-WorkspaceSync/modelica-shared/CustomLib/FluidSystemComponents/HeatTransfer/BaseClasses/HeatInjectorBase00.mo' (6,998)
2026-02-03 06:35:09: Copy Over 'C:/Users/grabacr/VPSsync/01-WorkspaceSync/modelica-shared/CustomLib/FluidSystemComponents/HeatTransfer/Components/HeatInjector00.mo' -> 'sftp://os3-310-44666.vs.sakura.ne.jp/home/ubuntu/VPSsync/01-WorkspaceSync/modelica-shared/CustomLib/FluidSystemComponents/HeatTransfer/Components/HeatInjector00.mo' (1,509)
2026-02-03 06:35:09: Copy Over 'C:/Users/grabacr/VPSsync/01-WorkspaceSync/modelica-shared/CustomLib/FluidSystemComponents/HeatTransfer/Components/HX_CounterFlow_NTU00.mo' -> 'sftp://os3-310-44666.vs.sakura.ne.jp/home/ubuntu/VPSsync/01-WorkspaceSync/modelica-shared/CustomLib/FluidSystemComponents/HeatTransfer/Components/HX_CounterFlow_NTU00.mo' (5,061)
2026-02-03 06:35:09: Copy Over 'C:/Users/grabacr/VPSsync/01-WorkspaceSync/modelica-shared/CustomLib/FluidSystemComponents/HeatTransfer/Components/HX_CrossFlow_BothUnmixed_NTU00.mo' -> 'sftp://os3-310-44666.vs.sakura.ne.jp/home/ubuntu/VPSsync/01-WorkspaceSync/modelica-shared/CustomLib/FluidSystemComponents/HeatTransfer/Components/HX_CrossFlow_BothUnmixed_NTU00.mo' (7,452)
2026-02-03 06:35:09: Copy Over 'C:/Users/grabacr/VPSsync/01-WorkspaceSync/modelica-shared/CustomLib/FluidSystemComponents/HeatTransfer/Components/HX_modulatedEff00.mo' -> 'sftp://os3-310-44666.vs.sakura.ne.jp/home/ubuntu/VPSsync/01-WorkspaceSync/modelica-shared/CustomLib/FluidSystemComponents/HeatTransfer/Components/HX_modulatedEff00.mo' (3,789)
2026-02-03 06:35:09: Copy Over 'C:/Users/grabacr/VPSsync/01-WorkspaceSync/modelica-shared/CustomLib/FluidSystemComponents/HeatTransfer/Components/HX_modulatedEff_type00.bak-mo' -> 'sftp://os3-310-44666.vs.sakura.ne.jp/home/ubuntu/VPSsync/01-WorkspaceSync/modelica-shared/CustomLib/FluidSystemComponents/HeatTransfer/Components/HX_modulatedEff_type00.bak-mo' (3,007)
2026-02-03 06:35:09: Copy Over 'C:/Users/grabacr/VPSsync/01-WorkspaceSync/modelica-shared/CustomLib/FluidSystemComponents/HeatTransfer/Components/HX_ParallelFlow_NTU00.mo' -> 'sftp://os3-310-44666.vs.sakura.ne.jp/home/ubuntu/VPSsync/01-WorkspaceSync/modelica-shared/CustomLib/FluidSystemComponents/HeatTransfer/Components/HX_ParallelFlow_NTU00.mo' (3,266)
2026-02-03 06:35:09: Copy Over 'C:/Users/grabacr/VPSsync/01-WorkspaceSync/modelica-shared/CustomLib/FluidSystemComponents/HeatTransfer/Components/HX_ShellTube_NTU00.mo' -> 'sftp://os3-310-44666.vs.sakura.ne.jp/home/ubuntu/VPSsync/01-WorkspaceSync/modelica-shared/CustomLib/FluidSystemComponents/HeatTransfer/Components/HX_ShellTube_NTU00.mo' (3,079)
2026-02-03 06:35:09: Copy Over 'C:/Users/grabacr/VPSsync/01-WorkspaceSync/modelica-shared/CustomLib/FluidSystemComponents/HeatTransfer/Components/HX_ShellTube_NTU_type00.bak-mo' -> 'sftp://os3-310-44666.vs.sakura.ne.jp/home/ubuntu/VPSsync/01-WorkspaceSync/modelica-shared/CustomLib/FluidSystemComponents/HeatTransfer/Components/HX_ShellTube_NTU_type00.bak-mo' (3,009)
2026-02-03 06:35:09: Copy Over 'C:/Users/grabacr/VPSsync/01-WorkspaceSync/modelica-shared/CustomLib/FluidSystemComponents/HeatTransfer/Components/package.bak-mo' -> 'sftp://os3-310-44666.vs.sakura.ne.jp/home/ubuntu/VPSsync/01-WorkspaceSync/modelica-shared/CustomLib/FluidSystemComponents/HeatTransfer/Components/package.bak-mo' (118)
2026-02-03 06:35:10: Copy Over 'C:/Users/grabacr/VPSsync/01-WorkspaceSync/modelica-shared/CustomLib/FluidSystemComponents/HeatTransfer/Components/HX_solid2fluid_modulatedEff00.mo' -> 'sftp://os3-310-44666.vs.sakura.ne.jp/home/ubuntu/VPSsync/01-WorkspaceSync/modelica-shared/CustomLib/FluidSystemComponents/HeatTransfer/Components/HX_solid2fluid_modulatedEff00.mo' (2,755)
2026-02-03 06:35:10: Copy Over 'C:/Users/grabacr/VPSsync/01-WorkspaceSync/modelica-shared/CustomLib/FluidSystemComponents/HeatTransfer/Components/package.mo' -> 'sftp://os3-310-44666.vs.sakura.ne.jp/home/ubuntu/VPSsync/01-WorkspaceSync/modelica-shared/CustomLib/FluidSystemComponents/HeatTransfer/Components/package.mo' (118)
2026-02-03 06:35:10: Copy Over 'C:/Users/grabacr/VPSsync/01-WorkspaceSync/modelica-shared/CustomLib/FluidSystemComponents/HeatTransfer/Components/package.order' -> 'sftp://os3-310-44666.vs.sakura.ne.jp/home/ubuntu/VPSsync/01-WorkspaceSync/modelica-shared/CustomLib/FluidSystemComponents/HeatTransfer/Components/package.order' (178)
2026-02-03 06:35:10: Copy Over 'C:/Users/grabacr/VPSsync/01-WorkspaceSync/modelica-shared/CustomLib/FluidSystemComponents/HeatTransfer/BaseClasses/HX_Base.bak-mo' -> 'sftp://os3-310-44666.vs.sakura.ne.jp/home/ubuntu/VPSsync/01-WorkspaceSync/modelica-shared/CustomLib/FluidSystemComponents/HeatTransfer/BaseClasses/HX_Base.bak-mo' (8,102)
2026-02-03 06:35:10: Copy Over 'C:/Users/grabacr/VPSsync/01-WorkspaceSync/modelica-shared/CustomLib/FluidSystemComponents/HeatTransfer/Components/SubComponents/calcNTU.mo' -> 'sftp://os3-310-44666.vs.sakura.ne.jp/home/ubuntu/VPSsync/01-WorkspaceSync/modelica-shared/CustomLib/FluidSystemComponents/HeatTransfer/Components/SubComponents/calcNTU.mo' (1,250)
2026-02-03 06:35:10: Copy Over 'C:/Users/grabacr/VPSsync/01-WorkspaceSync/modelica-shared/CustomLib/FluidSystemComponents/HeatTransfer/Components/SubComponents/effHX_NTU_Counter.mo' -> 'sftp://os3-310-44666.vs.sakura.ne.jp/home/ubuntu/VPSsync/01-WorkspaceSync/modelica-shared/CustomLib/FluidSystemComponents/HeatTransfer/Components/SubComponents/effHX_NTU_Counter.mo' (1,293)
2026-02-03 06:35:10: Copy Over 'C:/Users/grabacr/VPSsync/01-WorkspaceSync/modelica-shared/CustomLib/FluidSystemComponents/HeatTransfer/Components/SubComponents/effHX_NTU_Cross_BothUnmixed.mo' -> 'sftp://os3-310-44666.vs.sakura.ne.jp/home/ubuntu/VPSsync/01-WorkspaceSync/modelica-shared/CustomLib/FluidSystemComponents/HeatTransfer/Components/SubComponents/effHX_NTU_Cross_BothUnmixed.mo' (1,221)
2026-02-03 06:35:10: Copy Over 'C:/Users/grabacr/VPSsync/01-WorkspaceSync/modelica-shared/CustomLib/FluidSystemComponents/HeatTransfer/Components/SubComponents/effHX_NTU_dmCpMaxMixed.mo' -> 'sftp://os3-310-44666.vs.sakura.ne.jp/home/ubuntu/VPSsync/01-WorkspaceSync/modelica-shared/CustomLib/FluidSystemComponents/HeatTransfer/Components/SubComponents/effHX_NTU_dmCpMaxMixed.mo' (1,208)
2026-02-03 06:35:10: Copy Over 'C:/Users/grabacr/VPSsync/01-WorkspaceSync/modelica-shared/CustomLib/FluidSystemComponents/HeatTransfer/Components/SubComponents/effHX_NTU_dmCpMinMixed.mo' -> 'sftp://os3-310-44666.vs.sakura.ne.jp/home/ubuntu/VPSsync/01-WorkspaceSync/modelica-shared/CustomLib/FluidSystemComponents/HeatTransfer/Components/SubComponents/effHX_NTU_dmCpMinMixed.mo' (1,208)
2026-02-03 06:35:10: Copy Over 'C:/Users/grabacr/VPSsync/01-WorkspaceSync/modelica-shared/CustomLib/FluidSystemComponents/HeatTransfer/Components/SubComponents/effHX_NTU_Parallel.mo' -> 'sftp://os3-310-44666.vs.sakura.ne.jp/home/ubuntu/VPSsync/01-WorkspaceSync/modelica-shared/CustomLib/FluidSystemComponents/HeatTransfer/Components/SubComponents/effHX_NTU_Parallel.mo' (1,181)
2026-02-03 06:35:10: Copy Over 'C:/Users/grabacr/VPSsync/01-WorkspaceSync/modelica-shared/CustomLib/FluidSystemComponents/HeatTransfer/Components/SubComponents/effHX_NTU_ShellTube_1Shell.mo' -> 'sftp://os3-310-44666.vs.sakura.ne.jp/home/ubuntu/VPSsync/01-WorkspaceSync/modelica-shared/CustomLib/FluidSystemComponents/HeatTransfer/Components/SubComponents/effHX_NTU_ShellTube_1Shell.mo' (1,272)
2026-02-03 06:35:10: Copy Over 'C:/Users/grabacr/VPSsync/01-WorkspaceSync/modelica-shared/CustomLib/FluidSystemComponents/HeatTransfer/Components/SubComponents/effHX_NTU_ShellTube_nShell.mo' -> 'sftp://os3-310-44666.vs.sakura.ne.jp/home/ubuntu/VPSsync/01-WorkspaceSync/modelica-shared/CustomLib/FluidSystemComponents/HeatTransfer/Components/SubComponents/effHX_NTU_ShellTube_nShell.mo' (1,649)
2026-02-03 06:35:10: Copy Over 'C:/Users/grabacr/VPSsync/01-WorkspaceSync/modelica-shared/CustomLib/FluidSystemComponents/HeatTransfer/Components/SubComponents/package.mo' -> 'sftp://os3-310-44666.vs.sakura.ne.jp/home/ubuntu/VPSsync/01-WorkspaceSync/modelica-shared/CustomLib/FluidSystemComponents/HeatTransfer/Components/SubComponents/package.mo' (135)
2026-02-03 06:35:11: Copy Over 'C:/Users/grabacr/VPSsync/01-WorkspaceSync/modelica-shared/CustomLib/FluidSystemComponents/HeatTransfer/Components/SubComponents/Examples/package.mo' -> 'sftp://os3-310-44666.vs.sakura.ne.jp/home/ubuntu/VPSsync/01-WorkspaceSync/modelica-shared/CustomLib/FluidSystemComponents/HeatTransfer/Components/SubComponents/Examples/package.mo' (147)
2026-02-03 06:35:11: Copy Over 'C:/Users/grabacr/VPSsync/01-WorkspaceSync/modelica-shared/CustomLib/FluidSystemComponents/HeatTransfer/Components/SubComponents/Examples/package.order' -> 'sftp://os3-310-44666.vs.sakura.ne.jp/home/ubuntu/VPSsync/01-WorkspaceSync/modelica-shared/CustomLib/FluidSystemComponents/HeatTransfer/Components/SubComponents/Examples/package.order' (6)
2026-02-03 06:35:11: Copy Over 'C:/Users/grabacr/VPSsync/01-WorkspaceSync/modelica-shared/CustomLib/FluidSystemComponents/HeatTransfer/Components/SubComponents/package.order' -> 'sftp://os3-310-44666.vs.sakura.ne.jp/home/ubuntu/VPSsync/01-WorkspaceSync/modelica-shared/CustomLib/FluidSystemComponents/HeatTransfer/Components/SubComponents/package.order' (191)
2026-02-03 06:35:11: Copy Over 'C:/Users/grabacr/VPSsync/01-WorkspaceSync/modelica-shared/CustomLib/FluidSystemComponents/HeatTransfer/Components/SubComponents/Examples/Test/effHX_NTU_Cross_BothUnmixed_test01.mo' -> 'sftp://os3-310-44666.vs.sakura.ne.jp/home/ubuntu/VPSsync/01-WorkspaceSync/modelica-shared/CustomLib/FluidSystemComponents/HeatTransfer/Components/SubComponents/Examples/Test/effHX_NTU_Cross_BothUnmixed_test01.mo' (1,086)
2026-02-03 06:35:11: Copy Over 'C:/Users/grabacr/VPSsync/01-WorkspaceSync/modelica-shared/CustomLib/FluidSystemComponents/HeatTransfer/Components/SubComponents/Examples/Test/effHX_NTU_Counter_test01.mo' -> 'sftp://os3-310-44666.vs.sakura.ne.jp/home/ubuntu/VPSsync/01-WorkspaceSync/modelica-shared/CustomLib/FluidSystemComponents/HeatTransfer/Components/SubComponents/Examples/Test/effHX_NTU_Counter_test01.mo' (1,056)
2026-02-03 06:35:11: Copy Over 'C:/Users/grabacr/VPSsync/01-WorkspaceSync/modelica-shared/CustomLib/FluidSystemComponents/HeatTransfer/Components/SubComponents/Examples/Test/effHX_NTU_Cross_dmCpMaxMixed_test01.mo' -> 'sftp://os3-310-44666.vs.sakura.ne.jp/home/ubuntu/VPSsync/01-WorkspaceSync/modelica-shared/CustomLib/FluidSystemComponents/HeatTransfer/Components/SubComponents/Examples/Test/effHX_NTU_Cross_dmCpMaxMixed_test01.mo' (1,083)
2026-02-03 06:35:11: Copy Over 'C:/Users/grabacr/VPSsync/01-WorkspaceSync/modelica-shared/CustomLib/FluidSystemComponents/HeatTransfer/Components/SubComponents/Examples/Test/effHX_NTU_Parallel.bak-mo' -> 'sftp://os3-310-44666.vs.sakura.ne.jp/home/ubuntu/VPSsync/01-WorkspaceSync/modelica-shared/CustomLib/FluidSystemComponents/HeatTransfer/Components/SubComponents/Examples/Test/effHX_NTU_Parallel.bak-mo' (183)
2026-02-03 06:35:11: Copy Over 'C:/Users/grabacr/VPSsync/01-WorkspaceSync/modelica-shared/CustomLib/FluidSystemComponents/HeatTransfer/Components/SubComponents/Examples/Test/effHX_NTU_Parallel_test01.mo' -> 'sftp://os3-310-44666.vs.sakura.ne.jp/home/ubuntu/VPSsync/01-WorkspaceSync/modelica-shared/CustomLib/FluidSystemComponents/HeatTransfer/Components/SubComponents/Examples/Test/effHX_NTU_Parallel_test01.mo' (1,057)
2026-02-03 06:35:11: Copy Over 'C:/Users/grabacr/VPSsync/01-WorkspaceSync/modelica-shared/CustomLib/FluidSystemComponents/HeatTransfer/Components/SubComponents/Examples/Test/effHX_NTU_Cross_dmCpMinMixed_test01.mo' -> 'sftp://os3-310-44666.vs.sakura.ne.jp/home/ubuntu/VPSsync/01-WorkspaceSync/modelica-shared/CustomLib/FluidSystemComponents/HeatTransfer/Components/SubComponents/Examples/Test/effHX_NTU_Cross_dmCpMinMixed_test01.mo' (1,083)
2026-02-03 06:35:11: Copy Over 'C:/Users/grabacr/VPSsync/01-WorkspaceSync/modelica-shared/CustomLib/FluidSystemComponents/HeatTransfer/Components/SubComponents/Examples/Test/package.mo' -> 'sftp://os3-310-44666.vs.sakura.ne.jp/home/ubuntu/VPSsync/01-WorkspaceSync/modelica-shared/CustomLib/FluidSystemComponents/HeatTransfer/Components/SubComponents/Examples/Test/package.mo' (148)
2026-02-03 06:35:11: Copy Over 'C:/Users/grabacr/VPSsync/01-WorkspaceSync/modelica-shared/CustomLib/FluidSystemComponents/HeatTransfer/Components/SubComponents/Examples/Test/effHX_NTU_ShellTube_nShell_test01.mo' -> 'sftp://os3-310-44666.vs.sakura.ne.jp/home/ubuntu/VPSsync/01-WorkspaceSync/modelica-shared/CustomLib/FluidSystemComponents/HeatTransfer/Components/SubComponents/Examples/Test/effHX_NTU_ShellTube_nShell_test01.mo' (1,378)
2026-02-03 06:35:11: Copy Over 'C:/Users/grabacr/VPSsync/01-WorkspaceSync/modelica-shared/CustomLib/FluidSystemComponents/HeatTransfer/Components/SubComponents/Examples/Test/effHX_NTU_ShellTube_1Shell_test01.mo' -> 'sftp://os3-310-44666.vs.sakura.ne.jp/home/ubuntu/VPSsync/01-WorkspaceSync/modelica-shared/CustomLib/FluidSystemComponents/HeatTransfer/Components/SubComponents/Examples/Test/effHX_NTU_ShellTube_1Shell_test01.mo' (1,083)
2026-02-03 06:35:12: Copy Over 'C:/Users/grabacr/VPSsync/01-WorkspaceSync/modelica-shared/CustomLib/FluidSystemComponents/HeatTransfer/BaseClasses/HX_Base_effHX.mo' -> 'sftp://os3-310-44666.vs.sakura.ne.jp/home/ubuntu/VPSsync/01-WorkspaceSync/modelica-shared/CustomLib/FluidSystemComponents/HeatTransfer/BaseClasses/HX_Base_effHX.mo' (8,156)
2026-02-03 06:35:12: Copy Over 'C:/Users/grabacr/VPSsync/01-WorkspaceSync/modelica-shared/CustomLib/FluidSystemComponents/HeatTransfer/Components/SubComponents/Examples/Test/package.order' -> 'sftp://os3-310-44666.vs.sakura.ne.jp/home/ubuntu/VPSsync/01-WorkspaceSync/modelica-shared/CustomLib/FluidSystemComponents/HeatTransfer/Components/SubComponents/Examples/Test/package.order' (233)
2026-02-03 06:35:12: Copy Over 'C:/Users/grabacr/VPSsync/01-WorkspaceSync/modelica-shared/CustomLib/FluidSystemComponents/HeatTransfer/BaseClasses/HX_solid2fluid_Base_effHX.mo' -> 'sftp://os3-310-44666.vs.sakura.ne.jp/home/ubuntu/VPSsync/01-WorkspaceSync/modelica-shared/CustomLib/FluidSystemComponents/HeatTransfer/BaseClasses/HX_solid2fluid_Base_effHX.mo' (5,419)
2026-02-03 06:35:12: Copy Over 'C:/Users/grabacr/VPSsync/01-WorkspaceSync/modelica-shared/CustomLib/FluidSystemComponents/HeatTransfer/BaseClasses/package.mo' -> 'sftp://os3-310-44666.vs.sakura.ne.jp/home/ubuntu/VPSsync/01-WorkspaceSync/modelica-shared/CustomLib/FluidSystemComponents/HeatTransfer/BaseClasses/package.mo' (125)
2026-02-03 06:35:12: Copy Over 'C:/Users/grabacr/VPSsync/01-WorkspaceSync/modelica-shared/CustomLib/FluidSystemComponents/HeatTransfer/BaseClasses/package.order' -> 'sftp://os3-310-44666.vs.sakura.ne.jp/home/ubuntu/VPSsync/01-WorkspaceSync/modelica-shared/CustomLib/FluidSystemComponents/HeatTransfer/BaseClasses/package.order' (62)
2026-02-03 06:35:12: Copy Over 'C:/Users/grabacr/VPSsync/01-WorkspaceSync/modelica-shared/CustomLib/FluidSystemComponents/HeatTransfer/package.mo' -> 'sftp://os3-310-44666.vs.sakura.ne.jp/home/ubuntu/VPSsync/01-WorkspaceSync/modelica-shared/CustomLib/FluidSystemComponents/HeatTransfer/package.mo' (109)
2026-02-03 06:35:12: Copy Over 'C:/Users/grabacr/VPSsync/01-WorkspaceSync/modelica-shared/CustomLib/FluidSystemComponents/HeatTransfer/Examples/HX_modulatedEff00_test01.bak-mo' -> 'sftp://os3-310-44666.vs.sakura.ne.jp/home/ubuntu/VPSsync/01-WorkspaceSync/modelica-shared/CustomLib/FluidSystemComponents/HeatTransfer/Examples/HX_modulatedEff00_test01.bak-mo' (138)
2026-02-03 06:35:12: Copy Over 'C:/Users/grabacr/VPSsync/01-WorkspaceSync/modelica-shared/CustomLib/FluidSystemComponents/HeatTransfer/Examples/HeatTransferDevices/HX_Counter_NTU00_ex02.mo' -> 'sftp://os3-310-44666.vs.sakura.ne.jp/home/ubuntu/VPSsync/01-WorkspaceSync/modelica-shared/CustomLib/FluidSystemComponents/HeatTransfer/Examples/HeatTransferDevices/HX_Counter_NTU00_ex02.mo' (3,818)
2026-02-03 06:35:12: Copy Over 'C:/Users/grabacr/VPSsync/01-WorkspaceSync/modelica-shared/CustomLib/FluidSystemComponents/HeatTransfer/Examples/HeatTransferDevices/HX_Counter_NTU00_ex01.mo' -> 'sftp://os3-310-44666.vs.sakura.ne.jp/home/ubuntu/VPSsync/01-WorkspaceSync/modelica-shared/CustomLib/FluidSystemComponents/HeatTransfer/Examples/HeatTransferDevices/HX_Counter_NTU00_ex01.mo' (3,653)
2026-02-03 06:35:12: Copy Over 'C:/Users/grabacr/VPSsync/01-WorkspaceSync/modelica-shared/CustomLib/FluidSystemComponents/HeatTransfer/Examples/HeatTransferDevices/HX_Cross_BothUnmixed_NTU00_ex01.mo' -> 'sftp://os3-310-44666.vs.sakura.ne.jp/home/ubuntu/VPSsync/01-WorkspaceSync/modelica-shared/CustomLib/FluidSystemComponents/HeatTransfer/Examples/HeatTransferDevices/HX_Cross_BothUnmixed_NTU00_ex01.mo' (3,624)
2026-02-03 06:35:12: Copy Over 'C:/Users/grabacr/VPSsync/01-WorkspaceSync/modelica-shared/CustomLib/FluidSystemComponents/HeatTransfer/Examples/HeatTransferDevices/HX_Cross_BothUnmixed_NTU00_ex02.mo' -> 'sftp://os3-310-44666.vs.sakura.ne.jp/home/ubuntu/VPSsync/01-WorkspaceSync/modelica-shared/CustomLib/FluidSystemComponents/HeatTransfer/Examples/HeatTransferDevices/HX_Cross_BothUnmixed_NTU00_ex02.mo' (3,839)
2026-02-03 06:35:13: Copy Over 'C:/Users/grabacr/VPSsync/01-WorkspaceSync/modelica-shared/CustomLib/FluidSystemComponents/HeatTransfer/Examples/HeatTransferDevices/HX_modulatedEff00_ex01.mo' -> 'sftp://os3-310-44666.vs.sakura.ne.jp/home/ubuntu/VPSsync/01-WorkspaceSync/modelica-shared/CustomLib/FluidSystemComponents/HeatTransfer/Examples/HeatTransferDevices/HX_modulatedEff00_ex01.mo' (3,719)
2026-02-03 06:35:13: Copy Over 'C:/Users/grabacr/VPSsync/01-WorkspaceSync/modelica-shared/CustomLib/FluidSystemComponents/HeatTransfer/Examples/HeatTransferDevices/HX_Parallel_NTU00_ex01.mo' -> 'sftp://os3-310-44666.vs.sakura.ne.jp/home/ubuntu/VPSsync/01-WorkspaceSync/modelica-shared/CustomLib/FluidSystemComponents/HeatTransfer/Examples/HeatTransferDevices/HX_Parallel_NTU00_ex01.mo' (3,666)
2026-02-03 06:35:13: Copy Over 'C:/Users/grabacr/VPSsync/01-WorkspaceSync/modelica-shared/CustomLib/FluidSystemComponents/HeatTransfer/Examples/HeatTransferDevices/HX_ShellTube_counter_discrete005_ex01.mo' -> 'sftp://os3-310-44666.vs.sakura.ne.jp/home/ubuntu/VPSsync/01-WorkspaceSync/modelica-shared/CustomLib/FluidSystemComponents/HeatTransfer/Examples/HeatTransferDevices/HX_ShellTube_counter_discrete005_ex01.mo' (24,115)
2026-02-03 06:35:13: Copy Over 'C:/Users/grabacr/VPSsync/01-WorkspaceSync/modelica-shared/CustomLib/FluidSystemComponents/HeatTransfer/Examples/HeatTransferDevices/HX_ShellTube_counter_discrete010_ex01.mo' -> 'sftp://os3-310-44666.vs.sakura.ne.jp/home/ubuntu/VPSsync/01-WorkspaceSync/modelica-shared/CustomLib/FluidSystemComponents/HeatTransfer/Examples/HeatTransferDevices/HX_ShellTube_counter_discrete010_ex01.mo' (37,931)
2026-02-03 06:35:13: Copy Over 'C:/Users/grabacr/VPSsync/01-WorkspaceSync/modelica-shared/CustomLib/FluidSystemComponents/HeatTransfer/Examples/HeatTransferDevices/HX_ShellTube_NTU00_ex01.mo' -> 'sftp://os3-310-44666.vs.sakura.ne.jp/home/ubuntu/VPSsync/01-WorkspaceSync/modelica-shared/CustomLib/FluidSystemComponents/HeatTransfer/Examples/HeatTransferDevices/HX_ShellTube_NTU00_ex01.mo' (3,665)
2026-02-03 06:35:13: Copy Over 'C:/Users/grabacr/VPSsync/01-WorkspaceSync/modelica-shared/CustomLib/FluidSystemComponents/HeatTransfer/Examples/HeatTransferDevices/HX_ShellTube_counter_discrete020_ex01.mo' -> 'sftp://os3-310-44666.vs.sakura.ne.jp/home/ubuntu/VPSsync/01-WorkspaceSync/modelica-shared/CustomLib/FluidSystemComponents/HeatTransfer/Examples/HeatTransferDevices/HX_ShellTube_counter_discrete020_ex01.mo' (66,951)
2026-02-03 06:35:13: Copy Over 'C:/Users/grabacr/VPSsync/01-WorkspaceSync/modelica-shared/CustomLib/FluidSystemComponents/HeatTransfer/Examples/HeatTransferDevices/HX_ShellTube_parallel_discrete005_ex01.mo' -> 'sftp://os3-310-44666.vs.sakura.ne.jp/home/ubuntu/VPSsync/01-WorkspaceSync/modelica-shared/CustomLib/FluidSystemComponents/HeatTransfer/Examples/HeatTransferDevices/HX_ShellTube_parallel_discrete005_ex01.mo' (24,004)
2026-02-03 06:35:13: Copy Over 'C:/Users/grabacr/VPSsync/01-WorkspaceSync/modelica-shared/CustomLib/FluidSystemComponents/HeatTransfer/Examples/HeatTransferDevices/HX_ShellTube_parallel_discrete010_ex01.mo' -> 'sftp://os3-310-44666.vs.sakura.ne.jp/home/ubuntu/VPSsync/01-WorkspaceSync/modelica-shared/CustomLib/FluidSystemComponents/HeatTransfer/Examples/HeatTransferDevices/HX_ShellTube_parallel_discrete010_ex01.mo' (37,830)
2026-02-03 06:35:13: Copy Over 'C:/Users/grabacr/VPSsync/01-WorkspaceSync/modelica-shared/CustomLib/FluidSystemComponents/HeatTransfer/Examples/HeatTransferDevices/HX_solid2fluid_modulatedEfff00_ex01.mo' -> 'sftp://os3-310-44666.vs.sakura.ne.jp/home/ubuntu/VPSsync/01-WorkspaceSync/modelica-shared/CustomLib/FluidSystemComponents/HeatTransfer/Examples/HeatTransferDevices/HX_solid2fluid_modulatedEfff00_ex01.mo' (4,150)
2026-02-03 06:35:13: Copy Over 'C:/Users/grabacr/VPSsync/01-WorkspaceSync/modelica-shared/CustomLib/FluidSystemComponents/HeatTransfer/Examples/HeatTransferDevices/HX_ShellTube_parallel_discrete020_ex01.mo' -> 'sftp://os3-310-44666.vs.sakura.ne.jp/home/ubuntu/VPSsync/01-WorkspaceSync/modelica-shared/CustomLib/FluidSystemComponents/HeatTransfer/Examples/HeatTransferDevices/HX_ShellTube_parallel_discrete020_ex01.mo' (66,826)
2026-02-03 06:35:14: Copy Over 'C:/Users/grabacr/VPSsync/01-WorkspaceSync/modelica-shared/CustomLib/FluidSystemComponents/HeatTransfer/Examples/HeatTransferDevices/package.mo' -> 'sftp://os3-310-44666.vs.sakura.ne.jp/home/ubuntu/VPSsync/01-WorkspaceSync/modelica-shared/CustomLib/FluidSystemComponents/HeatTransfer/Examples/HeatTransferDevices/package.mo' (153)
2026-02-03 06:35:14: Copy Over 'C:/Users/grabacr/VPSsync/01-WorkspaceSync/modelica-shared/CustomLib/FluidSystemComponents/HeatTransfer/Examples/HeatTransferDevices/package.order' -> 'sftp://os3-310-44666.vs.sakura.ne.jp/home/ubuntu/VPSsync/01-WorkspaceSync/modelica-shared/CustomLib/FluidSystemComponents/HeatTransfer/Examples/HeatTransferDevices/package.order' (459)
2026-02-03 06:35:14: Copy Over 'C:/Users/grabacr/VPSsync/01-WorkspaceSync/modelica-shared/CustomLib/FluidSystemComponents/HeatTransfer/Examples/package.mo' -> 'sftp://os3-310-44666.vs.sakura.ne.jp/home/ubuntu/VPSsync/01-WorkspaceSync/modelica-shared/CustomLib/FluidSystemComponents/HeatTransfer/Examples/package.mo' (122)
2026-02-03 06:35:14: Copy Over 'C:/Users/grabacr/VPSsync/01-WorkspaceSync/modelica-shared/CustomLib/FluidSystemComponents/HeatTransfer/Examples/package.order' -> 'sftp://os3-310-44666.vs.sakura.ne.jp/home/ubuntu/VPSsync/01-WorkspaceSync/modelica-shared/CustomLib/FluidSystemComponents/HeatTransfer/Examples/package.order' (27)
2026-02-03 06:35:14: Copy Over 'C:/Users/grabacr/VPSsync/01-WorkspaceSync/modelica-shared/CustomLib/FluidSystemComponents/HeatTransfer/package.order' -> 'sftp://os3-310-44666.vs.sakura.ne.jp/home/ubuntu/VPSsync/01-WorkspaceSync/modelica-shared/CustomLib/FluidSystemComponents/HeatTransfer/package.order' (35)
2026-02-03 06:35:14: Copy Over 'C:/Users/grabacr/VPSsync/01-WorkspaceSync/modelica-shared/CustomLib/FluidSystemComponents/HeatTransfer/Examples/test/HX_modulatedEff00_test01.mo' -> 'sftp://os3-310-44666.vs.sakura.ne.jp/home/ubuntu/VPSsync/01-WorkspaceSync/modelica-shared/CustomLib/FluidSystemComponents/HeatTransfer/Examples/test/HX_modulatedEff00_test01.mo' (3,696)
2026-02-03 06:35:14: Copy Over 'C:/Users/grabacr/VPSsync/01-WorkspaceSync/modelica-shared/CustomLib/FluidSystemComponents/HeatTransfer/Examples/test/HX_modulatedEff00_test02.mo' -> 'sftp://os3-310-44666.vs.sakura.ne.jp/home/ubuntu/VPSsync/01-WorkspaceSync/modelica-shared/CustomLib/FluidSystemComponents/HeatTransfer/Examples/test/HX_modulatedEff00_test02.mo' (2,958)
2026-02-03 06:35:14: Copy Over 'C:/Users/grabacr/VPSsync/01-WorkspaceSync/modelica-shared/CustomLib/FluidSystemComponents/HeatTransfer/Examples/test/HX_modulatedEff00_test03.mo' -> 'sftp://os3-310-44666.vs.sakura.ne.jp/home/ubuntu/VPSsync/01-WorkspaceSync/modelica-shared/CustomLib/FluidSystemComponents/HeatTransfer/Examples/test/HX_modulatedEff00_test03.mo' (2,956)
2026-02-03 06:35:14: Copy Over 'C:/Users/grabacr/VPSsync/01-WorkspaceSync/modelica-shared/CustomLib/FluidSystemComponents/HeatTransfer/Examples/test/HX_modulatedEff00_test04.mo' -> 'sftp://os3-310-44666.vs.sakura.ne.jp/home/ubuntu/VPSsync/01-WorkspaceSync/modelica-shared/CustomLib/FluidSystemComponents/HeatTransfer/Examples/test/HX_modulatedEff00_test04.mo' (2,955)
2026-02-03 06:35:14: Copy Over 'C:/Users/grabacr/VPSsync/01-WorkspaceSync/modelica-shared/CustomLib/FluidSystemComponents/HeatTransfer/Examples/test/HX_ShellTube_detail_ex01.mo' -> 'sftp://os3-310-44666.vs.sakura.ne.jp/home/ubuntu/VPSsync/01-WorkspaceSync/modelica-shared/CustomLib/FluidSystemComponents/HeatTransfer/Examples/test/HX_ShellTube_detail_ex01.mo' (23,618)
2026-02-03 06:35:14: Copy Over 'C:/Users/grabacr/VPSsync/01-WorkspaceSync/modelica-shared/CustomLib/FluidSystemComponents/HeatTransfer/Examples/test/HX_ShellTube_NTU00_test01.mo' -> 'sftp://os3-310-44666.vs.sakura.ne.jp/home/ubuntu/VPSsync/01-WorkspaceSync/modelica-shared/CustomLib/FluidSystemComponents/HeatTransfer/Examples/test/HX_ShellTube_NTU00_test01.mo' (3,653)
2026-02-03 06:35:14: Copy Over 'C:/Users/grabacr/VPSsync/01-WorkspaceSync/modelica-shared/CustomLib/FluidSystemComponents/HeatTransfer/Examples/test/package.mo' -> 'sftp://os3-310-44666.vs.sakura.ne.jp/home/ubuntu/VPSsync/01-WorkspaceSync/modelica-shared/CustomLib/FluidSystemComponents/HeatTransfer/Examples/test/package.mo' (123)
2026-02-03 06:35:15: Copy Over 'C:/Users/grabacr/VPSsync/01-WorkspaceSync/modelica-shared/CustomLib/FluidSystemComponents/HeatTransfer/Examples/test/package.order' -> 'sftp://os3-310-44666.vs.sakura.ne.jp/home/ubuntu/VPSsync/01-WorkspaceSync/modelica-shared/CustomLib/FluidSystemComponents/HeatTransfer/Examples/test/package.order' (157)
2026-02-03 06:35:15: Copy Over 'C:/Users/grabacr/VPSsync/01-WorkspaceSync/modelica-shared/CustomLib/FluidSystemComponents/figs/hs_diagram_ConstPressureHeatAdd.jpg' -> 'sftp://os3-310-44666.vs.sakura.ne.jp/home/ubuntu/VPSsync/01-WorkspaceSync/modelica-shared/CustomLib/FluidSystemComponents/figs/hs_diagram_ConstPressureHeatAdd.jpg' (52,817)
2026-02-03 06:35:15: Copy Over 'C:/Users/grabacr/VPSsync/01-WorkspaceSync/modelica-shared/CustomLib/FluidSystemComponents/figs/hs_diagram_ConstPressureHeatReject.jpg' -> 'sftp://os3-310-44666.vs.sakura.ne.jp/home/ubuntu/VPSsync/01-WorkspaceSync/modelica-shared/CustomLib/FluidSystemComponents/figs/hs_diagram_ConstPressureHeatReject.jpg' (53,312)
2026-02-03 06:35:15: Copy Over 'C:/Users/grabacr/VPSsync/01-WorkspaceSync/modelica-shared/CustomLib/FluidSystemComponents/figs/hs_diagram_ConstVolHeatAdd.jpg' -> 'sftp://os3-310-44666.vs.sakura.ne.jp/home/ubuntu/VPSsync/01-WorkspaceSync/modelica-shared/CustomLib/FluidSystemComponents/figs/hs_diagram_ConstVolHeatAdd.jpg' (66,748)
2026-02-03 06:35:15: Copy Over 'C:/Users/grabacr/VPSsync/01-WorkspaceSync/modelica-shared/CustomLib/FluidSystemComponents/figs/hs_diagram_ConstVolHeatReject.jpg' -> 'sftp://os3-310-44666.vs.sakura.ne.jp/home/ubuntu/VPSsync/01-WorkspaceSync/modelica-shared/CustomLib/FluidSystemComponents/figs/hs_diagram_ConstVolHeatReject.jpg' (66,424)
2026-02-03 06:35:15: Copy Over 'C:/Users/grabacr/VPSsync/01-WorkspaceSync/modelica-shared/CustomLib/FluidSystemComponents/figs/hs_diagram_isentropicCompression.jpg' -> 'sftp://os3-310-44666.vs.sakura.ne.jp/home/ubuntu/VPSsync/01-WorkspaceSync/modelica-shared/CustomLib/FluidSystemComponents/figs/hs_diagram_isentropicCompression.jpg' (60,035)
2026-02-03 06:35:15: Copy Over 'C:/Users/grabacr/VPSsync/01-WorkspaceSync/modelica-shared/CustomLib/FluidSystemComponents/figs/hs_diagram_isentropicExpansion.jpg' -> 'sftp://os3-310-44666.vs.sakura.ne.jp/home/ubuntu/VPSsync/01-WorkspaceSync/modelica-shared/CustomLib/FluidSystemComponents/figs/hs_diagram_isentropicExpansion.jpg' (59,433)
2026-02-03 06:35:15: Copy Over 'C:/Users/grabacr/VPSsync/01-WorkspaceSync/modelica-shared/CustomLib/FluidSystemComponents/figs/LenoirCycleIdeal.jpg' -> 'sftp://os3-310-44666.vs.sakura.ne.jp/home/ubuntu/VPSsync/01-WorkspaceSync/modelica-shared/CustomLib/FluidSystemComponents/figs/LenoirCycleIdeal.jpg' (54,074)
2026-02-03 06:35:16: Copy Over 'C:/Users/grabacr/VPSsync/01-WorkspaceSync/modelica-shared/CustomLib/FluidSystemComponents/HydroThermal/BaseClasses/package.mo' -> 'sftp://os3-310-44666.vs.sakura.ne.jp/home/ubuntu/VPSsync/01-WorkspaceSync/modelica-shared/CustomLib/FluidSystemComponents/HydroThermal/BaseClasses/package.mo' (125)
2026-02-03 06:35:16: Copy Over 'C:/Users/grabacr/VPSsync/01-WorkspaceSync/modelica-shared/CustomLib/FluidSystemComponents/figs/makeFig.pptx' -> 'sftp://os3-310-44666.vs.sakura.ne.jp/home/ubuntu/VPSsync/01-WorkspaceSync/modelica-shared/CustomLib/FluidSystemComponents/figs/makeFig.pptx' (197,496)
2026-02-03 06:35:16: Copy Over 'C:/Users/grabacr/VPSsync/01-WorkspaceSync/modelica-shared/CustomLib/FluidSystemComponents/HydroThermal/BaseClasses/package.order' -> 'sftp://os3-310-44666.vs.sakura.ne.jp/home/ubuntu/VPSsync/01-WorkspaceSync/modelica-shared/CustomLib/FluidSystemComponents/HydroThermal/BaseClasses/package.order' (49)
2026-02-03 06:35:16: Copy Over 'C:/Users/grabacr/VPSsync/01-WorkspaceSync/modelica-shared/CustomLib/FluidSystemComponents/HydroThermal/BaseClasses/package.order~' -> 'sftp://os3-310-44666.vs.sakura.ne.jp/home/ubuntu/VPSsync/01-WorkspaceSync/modelica-shared/CustomLib/FluidSystemComponents/HydroThermal/BaseClasses/package.order~' (28)
2026-02-03 06:35:16: Copy Over 'C:/Users/grabacr/VPSsync/01-WorkspaceSync/modelica-shared/CustomLib/FluidSystemComponents/HydroThermal/BaseClasses/Pump_Base.mo' -> 'sftp://os3-310-44666.vs.sakura.ne.jp/home/ubuntu/VPSsync/01-WorkspaceSync/modelica-shared/CustomLib/FluidSystemComponents/HydroThermal/BaseClasses/Pump_Base.mo' (1,894)
2026-02-03 06:35:16: Copy Over 'C:/Users/grabacr/VPSsync/01-WorkspaceSync/modelica-shared/CustomLib/FluidSystemComponents/HydroThermal/BaseClasses/PumpMotorFixedDispBase00.mo' -> 'sftp://os3-310-44666.vs.sakura.ne.jp/home/ubuntu/VPSsync/01-WorkspaceSync/modelica-shared/CustomLib/FluidSystemComponents/HydroThermal/BaseClasses/PumpMotorFixedDispBase00.mo' (9,284)
2026-02-03 06:35:16: Copy Over 'C:/Users/grabacr/VPSsync/01-WorkspaceSync/modelica-shared/CustomLib/FluidSystemComponents/HydroThermal/BaseClasses/Valve_Base.mo' -> 'sftp://os3-310-44666.vs.sakura.ne.jp/home/ubuntu/VPSsync/01-WorkspaceSync/modelica-shared/CustomLib/FluidSystemComponents/HydroThermal/BaseClasses/Valve_Base.mo' (1,893)
2026-02-03 06:35:16: Copy Over 'C:/Users/grabacr/VPSsync/01-WorkspaceSync/modelica-shared/CustomLib/FluidSystemComponents/HydroThermal/Components/CheckValveSpringLoad_Linear.mo' -> 'sftp://os3-310-44666.vs.sakura.ne.jp/home/ubuntu/VPSsync/01-WorkspaceSync/modelica-shared/CustomLib/FluidSystemComponents/HydroThermal/Components/CheckValveSpringLoad_Linear.mo' (2,008)
2026-02-03 06:35:16: Copy Over 'C:/Users/grabacr/VPSsync/01-WorkspaceSync/modelica-shared/CustomLib/FluidSystemComponents/HydroThermal/Examples/Components/package.bak-mo' -> 'sftp://os3-310-44666.vs.sakura.ne.jp/home/ubuntu/VPSsync/01-WorkspaceSync/modelica-shared/CustomLib/FluidSystemComponents/HydroThermal/Examples/Components/package.bak-mo' (148)
2026-02-03 06:35:16: Copy Over 'C:/Users/grabacr/VPSsync/01-WorkspaceSync/modelica-shared/CustomLib/FluidSystemComponents/HydroThermal/Examples/ComponentUsage/checkValve001_ex01.mo' -> 'sftp://os3-310-44666.vs.sakura.ne.jp/home/ubuntu/VPSsync/01-WorkspaceSync/modelica-shared/CustomLib/FluidSystemComponents/HydroThermal/Examples/ComponentUsage/checkValve001_ex01.mo' (2,193)
2026-02-03 06:35:16: Copy Over 'C:/Users/grabacr/VPSsync/01-WorkspaceSync/modelica-shared/CustomLib/FluidSystemComponents/HydroThermal/Examples/ComponentUsage/package.mo' -> 'sftp://os3-310-44666.vs.sakura.ne.jp/home/ubuntu/VPSsync/01-WorkspaceSync/modelica-shared/CustomLib/FluidSystemComponents/HydroThermal/Examples/ComponentUsage/package.mo' (143)
2026-02-03 06:35:16: Copy Over 'C:/Users/grabacr/VPSsync/01-WorkspaceSync/modelica-shared/CustomLib/FluidSystemComponents/HydroThermal/Examples/ComponentUsage/package.order' -> 'sftp://os3-310-44666.vs.sakura.ne.jp/home/ubuntu/VPSsync/01-WorkspaceSync/modelica-shared/CustomLib/FluidSystemComponents/HydroThermal/Examples/ComponentUsage/package.order' (88)
2026-02-03 06:35:17: Copy Over 'C:/Users/grabacr/VPSsync/01-WorkspaceSync/modelica-shared/CustomLib/FluidSystemComponents/HydroThermal/Examples/Components/package.order' -> 'sftp://os3-310-44666.vs.sakura.ne.jp/home/ubuntu/VPSsync/01-WorkspaceSync/modelica-shared/CustomLib/FluidSystemComponents/HydroThermal/Examples/Components/package.order' (0)
2026-02-03 06:35:17: Copy Over 'C:/Users/grabacr/VPSsync/01-WorkspaceSync/modelica-shared/CustomLib/FluidSystemComponents/HydroThermal/Examples/ComponentUsage/PumpMotorFixedDispCharFixed00_01.mo' -> 'sftp://os3-310-44666.vs.sakura.ne.jp/home/ubuntu/VPSsync/01-WorkspaceSync/modelica-shared/CustomLib/FluidSystemComponents/HydroThermal/Examples/ComponentUsage/PumpMotorFixedDispCharFixed00_01.mo' (4,240)
2026-02-03 06:35:17: Copy Over 'C:/Users/grabacr/VPSsync/01-WorkspaceSync/modelica-shared/CustomLib/FluidSystemComponents/HydroThermal/Examples/ComponentUsage/PumpMotorFixedDispCharFixed00_02.mo' -> 'sftp://os3-310-44666.vs.sakura.ne.jp/home/ubuntu/VPSsync/01-WorkspaceSync/modelica-shared/CustomLib/FluidSystemComponents/HydroThermal/Examples/ComponentUsage/PumpMotorFixedDispCharFixed00_02.mo' (5,747)
2026-02-03 06:35:17: Copy Over 'C:/Users/grabacr/VPSsync/01-WorkspaceSync/modelica-shared/CustomLib/FluidSystemComponents/HydroThermal/Examples/flowSupplyNetwork002.bak-mo' -> 'sftp://os3-310-44666.vs.sakura.ne.jp/home/ubuntu/VPSsync/01-WorkspaceSync/modelica-shared/CustomLib/FluidSystemComponents/HydroThermal/Examples/flowSupplyNetwork002.bak-mo' (6,065)
2026-02-03 06:35:17: Copy Over 'C:/Users/grabacr/VPSsync/01-WorkspaceSync/modelica-shared/CustomLib/FluidSystemComponents/HydroThermal/Examples/flowSupplyNetwork001.bak-mo' -> 'sftp://os3-310-44666.vs.sakura.ne.jp/home/ubuntu/VPSsync/01-WorkspaceSync/modelica-shared/CustomLib/FluidSystemComponents/HydroThermal/Examples/flowSupplyNetwork001.bak-mo' (4,021)
2026-02-03 06:35:17: Copy Over 'C:/Users/grabacr/VPSsync/01-WorkspaceSync/modelica-shared/CustomLib/FluidSystemComponents/HydroThermal/Examples/flowSupplyNetwork003.bak-mo' -> 'sftp://os3-310-44666.vs.sakura.ne.jp/home/ubuntu/VPSsync/01-WorkspaceSync/modelica-shared/CustomLib/FluidSystemComponents/HydroThermal/Examples/flowSupplyNetwork003.bak-mo' (6,683)
2026-02-03 06:35:17: Copy Over 'C:/Users/grabacr/VPSsync/01-WorkspaceSync/modelica-shared/CustomLib/FluidSystemComponents/HydroThermal/Examples/package.mo' -> 'sftp://os3-310-44666.vs.sakura.ne.jp/home/ubuntu/VPSsync/01-WorkspaceSync/modelica-shared/CustomLib/FluidSystemComponents/HydroThermal/Examples/package.mo' (122)
2026-02-03 06:35:17: Copy Over 'C:/Users/grabacr/VPSsync/01-WorkspaceSync/modelica-shared/CustomLib/FluidSystemComponents/HydroThermal/Examples/fluidSupplySystem002.bak-mo' -> 'sftp://os3-310-44666.vs.sakura.ne.jp/home/ubuntu/VPSsync/01-WorkspaceSync/modelica-shared/CustomLib/FluidSystemComponents/HydroThermal/Examples/fluidSupplySystem002.bak-mo' (8,525)
2026-02-03 06:35:17: Copy Over 'C:/Users/grabacr/VPSsync/01-WorkspaceSync/modelica-shared/CustomLib/FluidSystemComponents/HydroThermal/Examples/fluidSupplySystem001.bak-mo' -> 'sftp://os3-310-44666.vs.sakura.ne.jp/home/ubuntu/VPSsync/01-WorkspaceSync/modelica-shared/CustomLib/FluidSystemComponents/HydroThermal/Examples/fluidSupplySystem001.bak-mo' (7,871)
2026-02-03 06:35:17: Copy Over 'C:/Users/grabacr/VPSsync/01-WorkspaceSync/modelica-shared/CustomLib/FluidSystemComponents/HydroThermal/Examples/package.order' -> 'sftp://os3-310-44666.vs.sakura.ne.jp/home/ubuntu/VPSsync/01-WorkspaceSync/modelica-shared/CustomLib/FluidSystemComponents/HydroThermal/Examples/package.order' (81)
2026-02-03 06:35:18: Copy Over 'C:/Users/grabacr/VPSsync/01-WorkspaceSync/modelica-shared/CustomLib/FluidSystemComponents/HydroThermal/Examples/Temp/ConstrainVariableUntilTimer_ex01.mo' -> 'sftp://os3-310-44666.vs.sakura.ne.jp/home/ubuntu/VPSsync/01-WorkspaceSync/modelica-shared/CustomLib/FluidSystemComponents/HydroThermal/Examples/Temp/ConstrainVariableUntilTimer_ex01.mo' (4,027)
2026-02-03 06:35:18: Copy Over 'C:/Users/grabacr/VPSsync/01-WorkspaceSync/modelica-shared/CustomLib/FluidSystemComponents/HydroThermal/Examples/pistonActuator001.bak-mo' -> 'sftp://os3-310-44666.vs.sakura.ne.jp/home/ubuntu/VPSsync/01-WorkspaceSync/modelica-shared/CustomLib/FluidSystemComponents/HydroThermal/Examples/pistonActuator001.bak-mo' (4,889)
2026-02-03 06:35:18: Copy Over 'C:/Users/grabacr/VPSsync/01-WorkspaceSync/modelica-shared/CustomLib/FluidSystemComponents/HydroThermal/Examples/Test/liquidPowerGenerator00_01.bak-mo' -> 'sftp://os3-310-44666.vs.sakura.ne.jp/home/ubuntu/VPSsync/01-WorkspaceSync/modelica-shared/CustomLib/FluidSystemComponents/HydroThermal/Examples/Test/liquidPowerGenerator00_01.bak-mo' (7,233)
2026-02-03 06:35:18: Copy Over 'C:/Users/grabacr/VPSsync/01-WorkspaceSync/modelica-shared/CustomLib/FluidSystemComponents/HydroThermal/Examples/Test/liquidPowerGenerator00_01.mo' -> 'sftp://os3-310-44666.vs.sakura.ne.jp/home/ubuntu/VPSsync/01-WorkspaceSync/modelica-shared/CustomLib/FluidSystemComponents/HydroThermal/Examples/Test/liquidPowerGenerator00_01.mo' (7,204)
2026-02-03 06:35:18: Copy Over 'C:/Users/grabacr/VPSsync/01-WorkspaceSync/modelica-shared/CustomLib/FluidSystemComponents/HydroThermal/Examples/Test/LiquidPowerGenerator00_02.mo' -> 'sftp://os3-310-44666.vs.sakura.ne.jp/home/ubuntu/VPSsync/01-WorkspaceSync/modelica-shared/CustomLib/FluidSystemComponents/HydroThermal/Examples/Test/LiquidPowerGenerator00_02.mo' (9,049)
2026-02-03 06:35:18: Copy Over 'C:/Users/grabacr/VPSsync/01-WorkspaceSync/modelica-shared/CustomLib/FluidSystemComponents/HydroThermal/Examples/Test/package.order' -> 'sftp://os3-310-44666.vs.sakura.ne.jp/home/ubuntu/VPSsync/01-WorkspaceSync/modelica-shared/CustomLib/FluidSystemComponents/HydroThermal/Examples/Test/package.order' (126)
2026-02-03 06:35:18: Copy Over 'C:/Users/grabacr/VPSsync/01-WorkspaceSync/modelica-shared/CustomLib/FluidSystemComponents/HydroThermal/Examples/Test/package.mo' -> 'sftp://os3-310-44666.vs.sakura.ne.jp/home/ubuntu/VPSsync/01-WorkspaceSync/modelica-shared/CustomLib/FluidSystemComponents/HydroThermal/Examples/Test/package.mo' (123)
2026-02-03 06:35:18: Copy Over 'C:/Users/grabacr/VPSsync/01-WorkspaceSync/modelica-shared/CustomLib/FluidSystemComponents/HydroThermal/Examples/Test/PumpMotorFixedDispCharFixed00_00.bak-mo' -> 'sftp://os3-310-44666.vs.sakura.ne.jp/home/ubuntu/VPSsync/01-WorkspaceSync/modelica-shared/CustomLib/FluidSystemComponents/HydroThermal/Examples/Test/PumpMotorFixedDispCharFixed00_00.bak-mo' (2,997)
2026-02-03 06:35:18: Copy Over 'C:/Users/grabacr/VPSsync/01-WorkspaceSync/modelica-shared/CustomLib/FluidSystemComponents/HydroThermal/Examples/Test/PumpMotorFixedDispCharFixed00_01.bak-mo' -> 'sftp://os3-310-44666.vs.sakura.ne.jp/home/ubuntu/VPSsync/01-WorkspaceSync/modelica-shared/CustomLib/FluidSystemComponents/HydroThermal/Examples/Test/PumpMotorFixedDispCharFixed00_01.bak-mo' (4,230)
2026-02-03 06:35:18: Copy Over 'C:/Users/grabacr/VPSsync/01-WorkspaceSync/modelica-shared/CustomLib/FluidSystemComponents/HydroThermal/Examples/Test/PumpMotorFixedDispCharFixed00_02.bak-mo' -> 'sftp://os3-310-44666.vs.sakura.ne.jp/home/ubuntu/VPSsync/01-WorkspaceSync/modelica-shared/CustomLib/FluidSystemComponents/HydroThermal/Examples/Test/PumpMotorFixedDispCharFixed00_02.bak-mo' (5,737)
2026-02-03 06:35:18: Copy Over 'C:/Users/grabacr/VPSsync/01-WorkspaceSync/modelica-shared/CustomLib/FluidSystemComponents/HydroThermal/Examples/Test/PumpMotorFixedDispCharFixed00_03.bak-mo' -> 'sftp://os3-310-44666.vs.sakura.ne.jp/home/ubuntu/VPSsync/01-WorkspaceSync/modelica-shared/CustomLib/FluidSystemComponents/HydroThermal/Examples/Test/PumpMotorFixedDispCharFixed00_03.bak-mo' (5,977)
2026-02-03 06:35:18: Copy Over 'C:/Users/grabacr/VPSsync/01-WorkspaceSync/modelica-shared/CustomLib/FluidSystemComponents/HydroThermal/Examples/Test/R134vaporCondenser_001.mo' -> 'sftp://os3-310-44666.vs.sakura.ne.jp/home/ubuntu/VPSsync/01-WorkspaceSync/modelica-shared/CustomLib/FluidSystemComponents/HydroThermal/Examples/Test/R134vaporCondenser_001.mo' (7,674)
2026-02-03 06:35:19: Copy Over 'C:/Users/grabacr/VPSsync/01-WorkspaceSync/modelica-shared/CustomLib/FluidSystemComponents/HydroThermal/Examples/Test/R134vaporCondenser_001_.bak-mo' -> 'sftp://os3-310-44666.vs.sakura.ne.jp/home/ubuntu/VPSsync/01-WorkspaceSync/modelica-shared/CustomLib/FluidSystemComponents/HydroThermal/Examples/Test/R134vaporCondenser_001_.bak-mo' (7,809)
2026-02-03 06:35:19: Copy Over 'C:/Users/grabacr/VPSsync/01-WorkspaceSync/modelica-shared/CustomLib/FluidSystemComponents/HydroThermal/Examples/Test/R134vaporCondenser_002.mo' -> 'sftp://os3-310-44666.vs.sakura.ne.jp/home/ubuntu/VPSsync/01-WorkspaceSync/modelica-shared/CustomLib/FluidSystemComponents/HydroThermal/Examples/Test/R134vaporCondenser_002.mo' (7,824)
2026-02-03 06:35:19: Copy Over 'C:/Users/grabacr/VPSsync/01-WorkspaceSync/modelica-shared/CustomLib/FluidSystemComponents/HydroThermal/Examples/Test/R134vaporGenerator_001.mo' -> 'sftp://os3-310-44666.vs.sakura.ne.jp/home/ubuntu/VPSsync/01-WorkspaceSync/modelica-shared/CustomLib/FluidSystemComponents/HydroThermal/Examples/Test/R134vaporGenerator_001.mo' (7,635)
2026-02-03 06:35:19: Copy Over 'C:/Users/grabacr/VPSsync/01-WorkspaceSync/modelica-shared/CustomLib/FluidSystemComponents/HydroThermal/Examples/Test/R134vaporCondenser_ex01.bak-mo' -> 'sftp://os3-310-44666.vs.sakura.ne.jp/home/ubuntu/VPSsync/01-WorkspaceSync/modelica-shared/CustomLib/FluidSystemComponents/HydroThermal/Examples/Test/R134vaporCondenser_ex01.bak-mo' (8,190)
2026-02-03 06:35:19: Copy Over 'C:/Users/grabacr/VPSsync/01-WorkspaceSync/modelica-shared/CustomLib/FluidSystemComponents/HydroThermal/Examples/Test/SteamCondenser_001.bak-mo' -> 'sftp://os3-310-44666.vs.sakura.ne.jp/home/ubuntu/VPSsync/01-WorkspaceSync/modelica-shared/CustomLib/FluidSystemComponents/HydroThermal/Examples/Test/SteamCondenser_001.bak-mo' (8,218)
2026-02-03 06:35:19: Copy Over 'C:/Users/grabacr/VPSsync/01-WorkspaceSync/modelica-shared/CustomLib/FluidSystemComponents/HydroThermal/Examples/Test/SteamCondenser_002.bak-mo' -> 'sftp://os3-310-44666.vs.sakura.ne.jp/home/ubuntu/VPSsync/01-WorkspaceSync/modelica-shared/CustomLib/FluidSystemComponents/HydroThermal/Examples/Test/SteamCondenser_002.bak-mo' (8,195)
2026-02-03 06:35:19: Copy Over 'C:/Users/grabacr/VPSsync/01-WorkspaceSync/modelica-shared/CustomLib/FluidSystemComponents/HydroThermal/Examples/Test/SteamGenerator_001.bak-mo' -> 'sftp://os3-310-44666.vs.sakura.ne.jp/home/ubuntu/VPSsync/01-WorkspaceSync/modelica-shared/CustomLib/FluidSystemComponents/HydroThermal/Examples/Test/SteamGenerator_001.bak-mo' (6,441)
2026-02-03 06:35:19: Copy Over 'C:/Users/grabacr/VPSsync/01-WorkspaceSync/modelica-shared/CustomLib/FluidSystemComponents/HydroThermal/Examples/Test/SteamGenerator_002.bak-mo' -> 'sftp://os3-310-44666.vs.sakura.ne.jp/home/ubuntu/VPSsync/01-WorkspaceSync/modelica-shared/CustomLib/FluidSystemComponents/HydroThermal/Examples/Test/SteamGenerator_002.bak-mo' (7,756)
2026-02-03 06:35:19: Copy Over 'C:/Users/grabacr/VPSsync/01-WorkspaceSync/modelica-shared/CustomLib/FluidSystemComponents/HydroThermal/Examples/Test/temp.txt' -> 'sftp://os3-310-44666.vs.sakura.ne.jp/home/ubuntu/VPSsync/01-WorkspaceSync/modelica-shared/CustomLib/FluidSystemComponents/HydroThermal/Examples/Test/temp.txt' (8,216)
2026-02-03 06:35:19: Copy Over 'C:/Users/grabacr/VPSsync/01-WorkspaceSync/modelica-shared/CustomLib/FluidSystemComponents/HydroThermal/Examples/Temp/flowSupplyNetwork001.mo' -> 'sftp://os3-310-44666.vs.sakura.ne.jp/home/ubuntu/VPSsync/01-WorkspaceSync/modelica-shared/CustomLib/FluidSystemComponents/HydroThermal/Examples/Temp/flowSupplyNetwork001.mo' (4,026)
2026-02-03 06:35:19: Copy Over 'C:/Users/grabacr/VPSsync/01-WorkspaceSync/modelica-shared/CustomLib/FluidSystemComponents/HydroThermal/Examples/Temp/flowSupplyNetwork002.mo' -> 'sftp://os3-310-44666.vs.sakura.ne.jp/home/ubuntu/VPSsync/01-WorkspaceSync/modelica-shared/CustomLib/FluidSystemComponents/HydroThermal/Examples/Temp/flowSupplyNetwork002.mo' (6,070)
2026-02-03 06:35:20: Copy Over 'C:/Users/grabacr/VPSsync/01-WorkspaceSync/modelica-shared/CustomLib/FluidSystemComponents/HydroThermal/Examples/Temp/flowSupplyNetwork003.mo' -> 'sftp://os3-310-44666.vs.sakura.ne.jp/home/ubuntu/VPSsync/01-WorkspaceSync/modelica-shared/CustomLib/FluidSystemComponents/HydroThermal/Examples/Temp/flowSupplyNetwork003.mo' (6,688)
2026-02-03 06:35:20: Copy Over 'C:/Users/grabacr/VPSsync/01-WorkspaceSync/modelica-shared/CustomLib/FluidSystemComponents/HydroThermal/Examples/Temp/fluidSupplySystem001.bak-mo' -> 'sftp://os3-310-44666.vs.sakura.ne.jp/home/ubuntu/VPSsync/01-WorkspaceSync/modelica-shared/CustomLib/FluidSystemComponents/HydroThermal/Examples/Temp/fluidSupplySystem001.bak-mo' (7,876)
2026-02-03 06:35:20: Copy Over 'C:/Users/grabacr/VPSsync/01-WorkspaceSync/modelica-shared/CustomLib/FluidSystemComponents/HydroThermal/Examples/Temp/fluidSupplySystem002.bak-mo' -> 'sftp://os3-310-44666.vs.sakura.ne.jp/home/ubuntu/VPSsync/01-WorkspaceSync/modelica-shared/CustomLib/FluidSystemComponents/HydroThermal/Examples/Temp/fluidSupplySystem002.bak-mo' (8,530)
2026-02-03 06:35:20: Copy Over 'C:/Users/grabacr/VPSsync/01-WorkspaceSync/modelica-shared/CustomLib/FluidSystemComponents/HydroThermal/Examples/Temp/package.mo' -> 'sftp://os3-310-44666.vs.sakura.ne.jp/home/ubuntu/VPSsync/01-WorkspaceSync/modelica-shared/CustomLib/FluidSystemComponents/HydroThermal/Examples/Temp/package.mo' (123)
2026-02-03 06:35:20: Copy Over 'C:/Users/grabacr/VPSsync/01-WorkspaceSync/modelica-shared/CustomLib/FluidSystemComponents/HydroThermal/Examples/Temp/package.order' -> 'sftp://os3-310-44666.vs.sakura.ne.jp/home/ubuntu/VPSsync/01-WorkspaceSync/modelica-shared/CustomLib/FluidSystemComponents/HydroThermal/Examples/Temp/package.order' (292)
2026-02-03 06:35:20: Copy Over 'C:/Users/grabacr/VPSsync/01-WorkspaceSync/modelica-shared/CustomLib/FluidSystemComponents/HydroThermal/Examples/Temp/pistonActuator001.mo' -> 'sftp://os3-310-44666.vs.sakura.ne.jp/home/ubuntu/VPSsync/01-WorkspaceSync/modelica-shared/CustomLib/FluidSystemComponents/HydroThermal/Examples/Temp/pistonActuator001.mo' (4,894)
2026-02-03 06:35:20: Copy Over 'C:/Users/grabacr/VPSsync/01-WorkspaceSync/modelica-shared/CustomLib/FluidSystemComponents/HydroThermal/Examples/Temp/test_checkValve001.mo' -> 'sftp://os3-310-44666.vs.sakura.ne.jp/home/ubuntu/VPSsync/01-WorkspaceSync/modelica-shared/CustomLib/FluidSystemComponents/HydroThermal/Examples/Temp/test_checkValve001.mo' (2,205)
2026-02-03 06:35:20: Copy Over 'C:/Users/grabacr/VPSsync/01-WorkspaceSync/modelica-shared/CustomLib/FluidSystemComponents/HydroThermal/Examples/Temp/test_DirValve_4ports3positions001.mo' -> 'sftp://os3-310-44666.vs.sakura.ne.jp/home/ubuntu/VPSsync/01-WorkspaceSync/modelica-shared/CustomLib/FluidSystemComponents/HydroThermal/Examples/Temp/test_DirValve_4ports3positions001.mo' (4,118)
2026-02-03 06:35:20: Copy Over 'C:/Users/grabacr/VPSsync/01-WorkspaceSync/modelica-shared/CustomLib/FluidSystemComponents/HydroThermal/Examples/Temp/test_DirValve_4ports3positions002.mo' -> 'sftp://os3-310-44666.vs.sakura.ne.jp/home/ubuntu/VPSsync/01-WorkspaceSync/modelica-shared/CustomLib/FluidSystemComponents/HydroThermal/Examples/Temp/test_DirValve_4ports3positions002.mo' (5,149)
2026-02-03 06:35:20: Copy Over 'C:/Users/grabacr/VPSsync/01-WorkspaceSync/modelica-shared/CustomLib/FluidSystemComponents/HydroThermal/Examples/Temp/test_hydroCylinder001.mo' -> 'sftp://os3-310-44666.vs.sakura.ne.jp/home/ubuntu/VPSsync/01-WorkspaceSync/modelica-shared/CustomLib/FluidSystemComponents/HydroThermal/Examples/Temp/test_hydroCylinder001.mo' (9,408)
2026-02-03 06:35:20: Copy Over 'C:/Users/grabacr/VPSsync/01-WorkspaceSync/modelica-shared/CustomLib/FluidSystemComponents/HydroThermal/Examples/Temp/test_hydroCylinder002.mo' -> 'sftp://os3-310-44666.vs.sakura.ne.jp/home/ubuntu/VPSsync/01-WorkspaceSync/modelica-shared/CustomLib/FluidSystemComponents/HydroThermal/Examples/Temp/test_hydroCylinder002.mo' (9,217)
2026-02-03 06:35:20: Copy Over 'C:/Users/grabacr/VPSsync/01-WorkspaceSync/modelica-shared/CustomLib/FluidSystemComponents/HydroThermal/Examples/Temp/test_hydroCylinder003.mo' -> 'sftp://os3-310-44666.vs.sakura.ne.jp/home/ubuntu/VPSsync/01-WorkspaceSync/modelica-shared/CustomLib/FluidSystemComponents/HydroThermal/Examples/Temp/test_hydroCylinder003.mo' (9,723)
2026-02-03 06:35:21: Copy Over 'C:/Users/grabacr/VPSsync/01-WorkspaceSync/modelica-shared/CustomLib/FluidSystemComponents/HydroThermal/Examples/test.bak-mo' -> 'sftp://os3-310-44666.vs.sakura.ne.jp/home/ubuntu/VPSsync/01-WorkspaceSync/modelica-shared/CustomLib/FluidSystemComponents/HydroThermal/Examples/test.bak-mo' (115)
2026-02-03 06:35:21: Copy Over 'C:/Users/grabacr/VPSsync/01-WorkspaceSync/modelica-shared/CustomLib/FluidSystemComponents/HydroThermal/Examples/Temp/test_pump001.mo' -> 'sftp://os3-310-44666.vs.sakura.ne.jp/home/ubuntu/VPSsync/01-WorkspaceSync/modelica-shared/CustomLib/FluidSystemComponents/HydroThermal/Examples/Temp/test_pump001.mo' (2,959)
2026-02-03 06:35:21: Copy Over 'C:/Users/grabacr/VPSsync/01-WorkspaceSync/modelica-shared/CustomLib/FluidSystemComponents/HydroThermal/Examples/test_CheckValve001.bak-mo' -> 'sftp://os3-310-44666.vs.sakura.ne.jp/home/ubuntu/VPSsync/01-WorkspaceSync/modelica-shared/CustomLib/FluidSystemComponents/HydroThermal/Examples/test_CheckValve001.bak-mo' (1,972)
2026-02-03 06:35:21: Copy Over 'C:/Users/grabacr/VPSsync/01-WorkspaceSync/modelica-shared/CustomLib/FluidSystemComponents/HydroThermal/Examples/test_checkValve001.mo' -> 'sftp://os3-310-44666.vs.sakura.ne.jp/home/ubuntu/VPSsync/01-WorkspaceSync/modelica-shared/CustomLib/FluidSystemComponents/HydroThermal/Examples/test_checkValve001.mo' (2,200)
2026-02-03 06:35:21: Copy Over 'C:/Users/grabacr/VPSsync/01-WorkspaceSync/modelica-shared/CustomLib/FluidSystemComponents/HydroThermal/Examples/test_DirValve_4ports3positions001.bak-mo' -> 'sftp://os3-310-44666.vs.sakura.ne.jp/home/ubuntu/VPSsync/01-WorkspaceSync/modelica-shared/CustomLib/FluidSystemComponents/HydroThermal/Examples/test_DirValve_4ports3positions001.bak-mo' (4,113)
2026-02-03 06:35:21: Copy Over 'C:/Users/grabacr/VPSsync/01-WorkspaceSync/modelica-shared/CustomLib/FluidSystemComponents/HydroThermal/Examples/test_DirValve_4ports3positions002.bak-mo' -> 'sftp://os3-310-44666.vs.sakura.ne.jp/home/ubuntu/VPSsync/01-WorkspaceSync/modelica-shared/CustomLib/FluidSystemComponents/HydroThermal/Examples/test_DirValve_4ports3positions002.bak-mo' (5,144)
2026-02-03 06:35:21: Copy Over 'C:/Users/grabacr/VPSsync/01-WorkspaceSync/modelica-shared/CustomLib/FluidSystemComponents/HydroThermal/Examples/test_hydroCylinder002.bak-mo' -> 'sftp://os3-310-44666.vs.sakura.ne.jp/home/ubuntu/VPSsync/01-WorkspaceSync/modelica-shared/CustomLib/FluidSystemComponents/HydroThermal/Examples/test_hydroCylinder002.bak-mo' (9,212)
2026-02-03 06:35:21: Copy Over 'C:/Users/grabacr/VPSsync/01-WorkspaceSync/modelica-shared/CustomLib/FluidSystemComponents/HydroThermal/Examples/test_hydroCylinder001.bak-mo' -> 'sftp://os3-310-44666.vs.sakura.ne.jp/home/ubuntu/VPSsync/01-WorkspaceSync/modelica-shared/CustomLib/FluidSystemComponents/HydroThermal/Examples/test_hydroCylinder001.bak-mo' (9,403)
2026-02-03 06:35:21: Copy Over 'C:/Users/grabacr/VPSsync/01-WorkspaceSync/modelica-shared/CustomLib/FluidSystemComponents/HydroThermal/Examples/test_hydroCylinder003.bak-mo' -> 'sftp://os3-310-44666.vs.sakura.ne.jp/home/ubuntu/VPSsync/01-WorkspaceSync/modelica-shared/CustomLib/FluidSystemComponents/HydroThermal/Examples/test_hydroCylinder003.bak-mo' (9,718)
2026-02-03 06:35:21: Copy Over 'C:/Users/grabacr/VPSsync/01-WorkspaceSync/modelica-shared/CustomLib/FluidSystemComponents/HydroThermal/Examples/test_hydroCylinder004.mo' -> 'sftp://os3-310-44666.vs.sakura.ne.jp/home/ubuntu/VPSsync/01-WorkspaceSync/modelica-shared/CustomLib/FluidSystemComponents/HydroThermal/Examples/test_hydroCylinder004.mo' (4,903)
2026-02-03 06:35:21: Copy Over 'C:/Users/grabacr/VPSsync/01-WorkspaceSync/modelica-shared/CustomLib/FluidSystemComponents/HydroThermal/Examples/test_hydroCylinder004.bak-mo' -> 'sftp://os3-310-44666.vs.sakura.ne.jp/home/ubuntu/VPSsync/01-WorkspaceSync/modelica-shared/CustomLib/FluidSystemComponents/HydroThermal/Examples/test_hydroCylinder004.bak-mo' (8,979)
2026-02-03 06:35:21: Copy Over 'C:/Users/grabacr/VPSsync/01-WorkspaceSync/modelica-shared/CustomLib/FluidSystemComponents/HydroThermal/Examples/test_hydroCylinder005.bak-mo' -> 'sftp://os3-310-44666.vs.sakura.ne.jp/home/ubuntu/VPSsync/01-WorkspaceSync/modelica-shared/CustomLib/FluidSystemComponents/HydroThermal/Examples/test_hydroCylinder005.bak-mo' (6,484)
2026-02-03 06:35:22: Copy Over 'C:/Users/grabacr/VPSsync/01-WorkspaceSync/modelica-shared/CustomLib/FluidSystemComponents/HydroThermal/Examples/test_pump001.bak-mo' -> 'sftp://os3-310-44666.vs.sakura.ne.jp/home/ubuntu/VPSsync/01-WorkspaceSync/modelica-shared/CustomLib/FluidSystemComponents/HydroThermal/Examples/test_pump001.bak-mo' (2,954)
2026-02-03 06:35:22: Copy Over 'C:/Users/grabacr/VPSsync/01-WorkspaceSync/modelica-shared/CustomLib/FluidSystemComponents/HydroThermal/Examples/Tutorial/ConstrainVariableUntilTimer_ex01.bak-mo' -> 'sftp://os3-310-44666.vs.sakura.ne.jp/home/ubuntu/VPSsync/01-WorkspaceSync/modelica-shared/CustomLib/FluidSystemComponents/HydroThermal/Examples/Tutorial/ConstrainVariableUntilTimer_ex01.bak-mo' (4,031)
2026-02-03 06:35:22: Copy Over 'C:/Users/grabacr/VPSsync/01-WorkspaceSync/modelica-shared/CustomLib/FluidSystemComponents/HydroThermal/Examples/Tutorial/fluidSupplySystem001.mo' -> 'sftp://os3-310-44666.vs.sakura.ne.jp/home/ubuntu/VPSsync/01-WorkspaceSync/modelica-shared/CustomLib/FluidSystemComponents/HydroThermal/Examples/Tutorial/fluidSupplySystem001.mo' (7,880)
2026-02-03 06:35:22: Copy Over 'C:/Users/grabacr/VPSsync/01-WorkspaceSync/modelica-shared/CustomLib/FluidSystemComponents/HydroThermal/Examples/Tutorial/package.mo' -> 'sftp://os3-310-44666.vs.sakura.ne.jp/home/ubuntu/VPSsync/01-WorkspaceSync/modelica-shared/CustomLib/FluidSystemComponents/HydroThermal/Examples/Tutorial/package.mo' (131)
2026-02-03 06:35:22: Copy Over 'C:/Users/grabacr/VPSsync/01-WorkspaceSync/modelica-shared/CustomLib/FluidSystemComponents/HydroThermal/Examples/Tutorial/fluidSupplySystem002.mo' -> 'sftp://os3-310-44666.vs.sakura.ne.jp/home/ubuntu/VPSsync/01-WorkspaceSync/modelica-shared/CustomLib/FluidSystemComponents/HydroThermal/Examples/Tutorial/fluidSupplySystem002.mo' (8,534)
2026-02-03 06:35:22: Copy Over 'C:/Users/grabacr/VPSsync/01-WorkspaceSync/modelica-shared/CustomLib/FluidSystemComponents/HydroThermal/Examples/Tutorial/package.order' -> 'sftp://os3-310-44666.vs.sakura.ne.jp/home/ubuntu/VPSsync/01-WorkspaceSync/modelica-shared/CustomLib/FluidSystemComponents/HydroThermal/Examples/Tutorial/package.order' (147)
2026-02-03 06:35:22: Copy Over 'C:/Users/grabacr/VPSsync/01-WorkspaceSync/modelica-shared/CustomLib/FluidSystemComponents/HydroThermal/Examples/Tutorial/SteamCondenser_001.mo' -> 'sftp://os3-310-44666.vs.sakura.ne.jp/home/ubuntu/VPSsync/01-WorkspaceSync/modelica-shared/CustomLib/FluidSystemComponents/HydroThermal/Examples/Tutorial/SteamCondenser_001.mo' (8,205)
2026-02-03 06:35:22: Copy Over 'C:/Users/grabacr/VPSsync/01-WorkspaceSync/modelica-shared/CustomLib/FluidSystemComponents/HydroThermal/Examples/Tutorial/SteamCondenser_002.mo' -> 'sftp://os3-310-44666.vs.sakura.ne.jp/home/ubuntu/VPSsync/01-WorkspaceSync/modelica-shared/CustomLib/FluidSystemComponents/HydroThermal/Examples/Tutorial/SteamCondenser_002.mo' (8,199)
2026-02-03 06:35:22: Copy Over 'C:/Users/grabacr/VPSsync/01-WorkspaceSync/modelica-shared/CustomLib/FluidSystemComponents/HydroThermal/Examples/Tutorial/SteamGenerator_001.mo' -> 'sftp://os3-310-44666.vs.sakura.ne.jp/home/ubuntu/VPSsync/01-WorkspaceSync/modelica-shared/CustomLib/FluidSystemComponents/HydroThermal/Examples/Tutorial/SteamGenerator_001.mo' (6,158)
2026-02-03 06:35:22: Copy Over 'C:/Users/grabacr/VPSsync/01-WorkspaceSync/modelica-shared/CustomLib/FluidSystemComponents/HydroThermal/Examples/Tutorial/SteamGenerator_002.mo' -> 'sftp://os3-310-44666.vs.sakura.ne.jp/home/ubuntu/VPSsync/01-WorkspaceSync/modelica-shared/CustomLib/FluidSystemComponents/HydroThermal/Examples/Tutorial/SteamGenerator_002.mo' (7,743)
2026-02-03 06:35:22: Copy Over 'C:/Users/grabacr/VPSsync/01-WorkspaceSync/modelica-shared/CustomLib/FluidSystemComponents/HydroThermal/Examples/Tutorial/test_hydroCylinder004.mo' -> 'sftp://os3-310-44666.vs.sakura.ne.jp/home/ubuntu/VPSsync/01-WorkspaceSync/modelica-shared/CustomLib/FluidSystemComponents/HydroThermal/Examples/Tutorial/test_hydroCylinder004.mo' (4,912)
2026-02-03 06:35:23: Copy Over 'C:/Users/grabacr/VPSsync/01-WorkspaceSync/modelica-shared/CustomLib/FluidSystemComponents/HydroThermal/Examples/Tutorial.bak-mo' -> 'sftp://os3-310-44666.vs.sakura.ne.jp/home/ubuntu/VPSsync/01-WorkspaceSync/modelica-shared/CustomLib/FluidSystemComponents/HydroThermal/Examples/Tutorial.bak-mo' (98)
2026-02-03 06:35:23: Copy Over 'C:/Users/grabacr/VPSsync/01-WorkspaceSync/modelica-shared/CustomLib/FluidSystemComponents/HydroThermal/Components/package.mo' -> 'sftp://os3-310-44666.vs.sakura.ne.jp/home/ubuntu/VPSsync/01-WorkspaceSync/modelica-shared/CustomLib/FluidSystemComponents/HydroThermal/Components/package.mo' (118)
2026-02-03 06:35:23: Copy Over 'C:/Users/grabacr/VPSsync/01-WorkspaceSync/modelica-shared/CustomLib/FluidSystemComponents/HydroThermal/Components/DirValve_4ports3positions.mo' -> 'sftp://os3-310-44666.vs.sakura.ne.jp/home/ubuntu/VPSsync/01-WorkspaceSync/modelica-shared/CustomLib/FluidSystemComponents/HydroThermal/Components/DirValve_4ports3positions.mo' (8,966)
2026-02-03 06:35:23: Copy Over 'C:/Users/grabacr/VPSsync/01-WorkspaceSync/modelica-shared/CustomLib/FluidSystemComponents/HydroThermal/Components/package.order' -> 'sftp://os3-310-44666.vs.sakura.ne.jp/home/ubuntu/VPSsync/01-WorkspaceSync/modelica-shared/CustomLib/FluidSystemComponents/HydroThermal/Components/package.order' (125)
2026-02-03 06:35:23: Copy Over 'C:/Users/grabacr/VPSsync/01-WorkspaceSync/modelica-shared/CustomLib/FluidSystemComponents/HydroThermal/Components/pistonCylinder.mo' -> 'sftp://os3-310-44666.vs.sakura.ne.jp/home/ubuntu/VPSsync/01-WorkspaceSync/modelica-shared/CustomLib/FluidSystemComponents/HydroThermal/Components/pistonCylinder.mo' (8,460)
2026-02-03 06:35:23: Copy Over 'C:/Users/grabacr/VPSsync/01-WorkspaceSync/modelica-shared/CustomLib/FluidSystemComponents/HydroThermal/Components/PumpConstQflow_ideal.mo' -> 'sftp://os3-310-44666.vs.sakura.ne.jp/home/ubuntu/VPSsync/01-WorkspaceSync/modelica-shared/CustomLib/FluidSystemComponents/HydroThermal/Components/PumpConstQflow_ideal.mo' (1,852)
2026-02-03 06:35:23: Copy Over 'C:/Users/grabacr/VPSsync/01-WorkspaceSync/modelica-shared/CustomLib/FluidSystemComponents/HydroThermal/Components/PumpMotorFixedDispCharFixed00.mo' -> 'sftp://os3-310-44666.vs.sakura.ne.jp/home/ubuntu/VPSsync/01-WorkspaceSync/modelica-shared/CustomLib/FluidSystemComponents/HydroThermal/Components/PumpMotorFixedDispCharFixed00.mo' (5,286)
2026-02-03 06:35:23: Copy Over 'C:/Users/grabacr/VPSsync/01-WorkspaceSync/modelica-shared/CustomLib/FluidSystemComponents/HydroThermal/package.order' -> 'sftp://os3-310-44666.vs.sakura.ne.jp/home/ubuntu/VPSsync/01-WorkspaceSync/modelica-shared/CustomLib/FluidSystemComponents/HydroThermal/package.order' (35)
2026-02-03 06:35:23: Copy Over 'C:/Users/grabacr/VPSsync/01-WorkspaceSync/modelica-shared/CustomLib/FluidSystemComponents/HydroThermal/package.mo' -> 'sftp://os3-310-44666.vs.sakura.ne.jp/home/ubuntu/VPSsync/01-WorkspaceSync/modelica-shared/CustomLib/FluidSystemComponents/HydroThermal/package.mo' (109)
2026-02-03 06:35:23: Copy Over 'C:/Users/grabacr/VPSsync/01-WorkspaceSync/modelica-shared/CustomLib/FluidSystemComponents/index.html' -> 'sftp://os3-310-44666.vs.sakura.ne.jp/home/ubuntu/VPSsync/01-WorkspaceSync/modelica-shared/CustomLib/FluidSystemComponents/index.html' (901)
2026-02-03 06:35:23: Copy Over 'C:/Users/grabacr/VPSsync/01-WorkspaceSync/modelica-shared/CustomLib/FluidSystemComponents/InteractiveSimulation/Examples/AccumulateDigitalInputSignal01_ex01.mo' -> 'sftp://os3-310-44666.vs.sakura.ne.jp/home/ubuntu/VPSsync/01-WorkspaceSync/modelica-shared/CustomLib/FluidSystemComponents/InteractiveSimulation/Examples/AccumulateDigitalInputSignal01_ex01.mo' (1,197)
2026-02-03 06:35:23: Copy Over 'C:/Users/grabacr/VPSsync/01-WorkspaceSync/modelica-shared/CustomLib/FluidSystemComponents/InteractiveSimulation/Examples/AccumulateDigitalInputSignal00_ex01.mo' -> 'sftp://os3-310-44666.vs.sakura.ne.jp/home/ubuntu/VPSsync/01-WorkspaceSync/modelica-shared/CustomLib/FluidSystemComponents/InteractiveSimulation/Examples/AccumulateDigitalInputSignal00_ex01.mo' (1,193)
2026-02-03 06:35:24: Copy Over 'C:/Users/grabacr/VPSsync/01-WorkspaceSync/modelica-shared/CustomLib/FluidSystemComponents/InteractiveSimulation/Examples/C_CmdHelloWorld_ex01.mo' -> 'sftp://os3-310-44666.vs.sakura.ne.jp/home/ubuntu/VPSsync/01-WorkspaceSync/modelica-shared/CustomLib/FluidSystemComponents/InteractiveSimulation/Examples/C_CmdHelloWorld_ex01.mo' (288)
2026-02-03 06:35:24: Copy Over 'C:/Users/grabacr/VPSsync/01-WorkspaceSync/modelica-shared/CustomLib/FluidSystemComponents/InteractiveSimulation/Examples/C_printReal00_ex01.mo' -> 'sftp://os3-310-44666.vs.sakura.ne.jp/home/ubuntu/VPSsync/01-WorkspaceSync/modelica-shared/CustomLib/FluidSystemComponents/InteractiveSimulation/Examples/C_printReal00_ex01.mo' (459)
2026-02-03 06:35:24: Copy Over 'C:/Users/grabacr/VPSsync/01-WorkspaceSync/modelica-shared/CustomLib/FluidSystemComponents/InteractiveSimulation/Examples/C_printReal01_ex01.mo' -> 'sftp://os3-310-44666.vs.sakura.ne.jp/home/ubuntu/VPSsync/01-WorkspaceSync/modelica-shared/CustomLib/FluidSystemComponents/InteractiveSimulation/Examples/C_printReal01_ex01.mo' (844)
2026-02-03 06:35:24: Copy Over 'C:/Users/grabacr/VPSsync/01-WorkspaceSync/modelica-shared/CustomLib/FluidSystemComponents/InteractiveSimulation/Examples/C_printStr00_ex01.mo' -> 'sftp://os3-310-44666.vs.sakura.ne.jp/home/ubuntu/VPSsync/01-WorkspaceSync/modelica-shared/CustomLib/FluidSystemComponents/InteractiveSimulation/Examples/C_printStr00_ex01.mo' (459)
2026-02-03 06:35:24: Copy Over 'C:/Users/grabacr/VPSsync/01-WorkspaceSync/modelica-shared/CustomLib/FluidSystemComponents/InteractiveSimulation/Examples/C_printStr01_ex01.mo' -> 'sftp://os3-310-44666.vs.sakura.ne.jp/home/ubuntu/VPSsync/01-WorkspaceSync/modelica-shared/CustomLib/FluidSystemComponents/InteractiveSimulation/Examples/C_printStr01_ex01.mo' (845)
2026-02-03 06:35:24: Copy Over 'C:/Users/grabacr/VPSsync/01-WorkspaceSync/modelica-shared/CustomLib/FluidSystemComponents/InteractiveSimulation/Examples/C_printVariablesList00_ex01.mo' -> 'sftp://os3-310-44666.vs.sakura.ne.jp/home/ubuntu/VPSsync/01-WorkspaceSync/modelica-shared/CustomLib/FluidSystemComponents/InteractiveSimulation/Examples/C_printVariablesList00_ex01.mo' (1,064)
2026-02-03 06:35:24: Copy Over 'C:/Users/grabacr/VPSsync/01-WorkspaceSync/modelica-shared/CustomLib/FluidSystemComponents/InteractiveSimulation/Examples/DispColorGrad00_ex01.mo' -> 'sftp://os3-310-44666.vs.sakura.ne.jp/home/ubuntu/VPSsync/01-WorkspaceSync/modelica-shared/CustomLib/FluidSystemComponents/InteractiveSimulation/Examples/DispColorGrad00_ex01.mo' (1,313)
2026-02-03 06:35:24: Copy Over 'C:/Users/grabacr/VPSsync/01-WorkspaceSync/modelica-shared/CustomLib/FluidSystemComponents/InteractiveSimulation/Examples/DisplayOnCommand00_ex01.mo' -> 'sftp://os3-310-44666.vs.sakura.ne.jp/home/ubuntu/VPSsync/01-WorkspaceSync/modelica-shared/CustomLib/FluidSystemComponents/InteractiveSimulation/Examples/DisplayOnCommand00_ex01.mo' (2,832)
2026-02-03 06:35:24: Copy Over 'C:/Users/grabacr/VPSsync/01-WorkspaceSync/modelica-shared/CustomLib/FluidSystemComponents/InteractiveSimulation/Examples/DispValAndColor00_ex01.mo' -> 'sftp://os3-310-44666.vs.sakura.ne.jp/home/ubuntu/VPSsync/01-WorkspaceSync/modelica-shared/CustomLib/FluidSystemComponents/InteractiveSimulation/Examples/DispValAndColor00_ex01.mo' (1,315)
2026-02-03 06:35:24: Copy Over 'C:/Users/grabacr/VPSsync/01-WorkspaceSync/modelica-shared/CustomLib/FluidSystemComponents/InteractiveSimulation/Examples/DispValAndColor01_ex01.mo' -> 'sftp://os3-310-44666.vs.sakura.ne.jp/home/ubuntu/VPSsync/01-WorkspaceSync/modelica-shared/CustomLib/FluidSystemComponents/InteractiveSimulation/Examples/DispValAndColor01_ex01.mo' (1,341)
2026-02-03 06:35:24: Copy Over 'C:/Users/grabacr/VPSsync/01-WorkspaceSync/modelica-shared/CustomLib/FluidSystemComponents/InteractiveSimulation/Examples/package.mo' -> 'sftp://os3-310-44666.vs.sakura.ne.jp/home/ubuntu/VPSsync/01-WorkspaceSync/modelica-shared/CustomLib/FluidSystemComponents/InteractiveSimulation/Examples/package.mo' (131)
2026-02-03 06:35:24: Copy Over 'C:/Users/grabacr/VPSsync/01-WorkspaceSync/modelica-shared/CustomLib/FluidSystemComponents/InteractiveSimulation/Examples/package.order' -> 'sftp://os3-310-44666.vs.sakura.ne.jp/home/ubuntu/VPSsync/01-WorkspaceSync/modelica-shared/CustomLib/FluidSystemComponents/InteractiveSimulation/Examples/package.order' (341)
2026-02-03 06:35:25: Copy Over 'C:/Users/grabacr/VPSsync/01-WorkspaceSync/modelica-shared/CustomLib/FluidSystemComponents/InteractiveSimulation/Examples/PrintCSV_overwriting00_ex01.mo' -> 'sftp://os3-310-44666.vs.sakura.ne.jp/home/ubuntu/VPSsync/01-WorkspaceSync/modelica-shared/CustomLib/FluidSystemComponents/InteractiveSimulation/Examples/PrintCSV_overwriting00_ex01.mo' (1,574)
2026-02-03 06:35:25: Copy Over 'C:/Users/grabacr/VPSsync/01-WorkspaceSync/modelica-shared/CustomLib/FluidSystemComponents/InteractiveSimulation/Examples/System/getCPUclock_ex01.mo' -> 'sftp://os3-310-44666.vs.sakura.ne.jp/home/ubuntu/VPSsync/01-WorkspaceSync/modelica-shared/CustomLib/FluidSystemComponents/InteractiveSimulation/Examples/System/getCPUclock_ex01.mo' (414)
2026-02-03 06:35:25: Copy Over 'C:/Users/grabacr/VPSsync/01-WorkspaceSync/modelica-shared/CustomLib/FluidSystemComponents/InteractiveSimulation/Examples/Temp/package.mo' -> 'sftp://os3-310-44666.vs.sakura.ne.jp/home/ubuntu/VPSsync/01-WorkspaceSync/modelica-shared/CustomLib/FluidSystemComponents/InteractiveSimulation/Examples/Temp/package.mo' (132)
2026-02-03 06:35:25: Copy Over 'C:/Users/grabacr/VPSsync/01-WorkspaceSync/modelica-shared/CustomLib/FluidSystemComponents/InteractiveSimulation/Examples/Temp/package.order' -> 'sftp://os3-310-44666.vs.sakura.ne.jp/home/ubuntu/VPSsync/01-WorkspaceSync/modelica-shared/CustomLib/FluidSystemComponents/InteractiveSimulation/Examples/Temp/package.order' (62)
2026-02-03 06:35:25: Copy Over 'C:/Users/grabacr/VPSsync/01-WorkspaceSync/modelica-shared/CustomLib/FluidSystemComponents/InteractiveSimulation/Examples/Temp/print_external_test01.mo' -> 'sftp://os3-310-44666.vs.sakura.ne.jp/home/ubuntu/VPSsync/01-WorkspaceSync/modelica-shared/CustomLib/FluidSystemComponents/InteractiveSimulation/Examples/Temp/print_external_test01.mo' (1,262)
2026-02-03 06:35:25: Copy Over 'C:/Users/grabacr/VPSsync/01-WorkspaceSync/modelica-shared/CustomLib/FluidSystemComponents/InteractiveSimulation/Examples/Temp/print_external_text02.mo' -> 'sftp://os3-310-44666.vs.sakura.ne.jp/home/ubuntu/VPSsync/01-WorkspaceSync/modelica-shared/CustomLib/FluidSystemComponents/InteractiveSimulation/Examples/Temp/print_external_text02.mo' (1,313)
2026-02-03 06:35:25: Copy Over 'C:/Users/grabacr/VPSsync/01-WorkspaceSync/modelica-shared/CustomLib/FluidSystemComponents/InteractiveSimulation/Examples/Temp/PrintCmdCallingC_ex01.bak-mo' -> 'sftp://os3-310-44666.vs.sakura.ne.jp/home/ubuntu/VPSsync/01-WorkspaceSync/modelica-shared/CustomLib/FluidSystemComponents/InteractiveSimulation/Examples/Temp/PrintCmdCallingC_ex01.bak-mo' (303)
2026-02-03 06:35:25: Copy Over 'C:/Users/grabacr/VPSsync/01-WorkspaceSync/modelica-shared/CustomLib/FluidSystemComponents/InteractiveSimulation/Examples/Temp/PrintCSV_overwriting00_ex01.bak-mo' -> 'sftp://os3-310-44666.vs.sakura.ne.jp/home/ubuntu/VPSsync/01-WorkspaceSync/modelica-shared/CustomLib/FluidSystemComponents/InteractiveSimulation/Examples/Temp/PrintCSV_overwriting00_ex01.bak-mo' (1,575)
2026-02-03 06:35:25: Copy Over 'C:/Users/grabacr/VPSsync/01-WorkspaceSync/modelica-shared/CustomLib/FluidSystemComponents/InteractiveSimulation/Examples/Temp/temp.mo' -> 'sftp://os3-310-44666.vs.sakura.ne.jp/home/ubuntu/VPSsync/01-WorkspaceSync/modelica-shared/CustomLib/FluidSystemComponents/InteractiveSimulation/Examples/Temp/temp.mo' (318)
2026-02-03 06:35:25: Copy Over 'C:/Users/grabacr/VPSsync/01-WorkspaceSync/modelica-shared/CustomLib/FluidSystemComponents/InteractiveSimulation/Examples/Temp/temp_001.mo' -> 'sftp://os3-310-44666.vs.sakura.ne.jp/home/ubuntu/VPSsync/01-WorkspaceSync/modelica-shared/CustomLib/FluidSystemComponents/InteractiveSimulation/Examples/Temp/temp_001.mo' (327)
2026-02-03 06:35:25: Copy Over 'C:/Users/grabacr/VPSsync/01-WorkspaceSync/modelica-shared/CustomLib/FluidSystemComponents/InteractiveSimulation/Examples/System/package.mo' -> 'sftp://os3-310-44666.vs.sakura.ne.jp/home/ubuntu/VPSsync/01-WorkspaceSync/modelica-shared/CustomLib/FluidSystemComponents/InteractiveSimulation/Examples/System/package.mo' (136)
2026-02-03 06:35:25: Copy Over 'C:/Users/grabacr/VPSsync/01-WorkspaceSync/modelica-shared/CustomLib/FluidSystemComponents/InteractiveSimulation/Examples/System/package.order' -> 'sftp://os3-310-44666.vs.sakura.ne.jp/home/ubuntu/VPSsync/01-WorkspaceSync/modelica-shared/CustomLib/FluidSystemComponents/InteractiveSimulation/Examples/System/package.order' (73)
2026-02-03 06:35:26: Copy Over 'C:/Users/grabacr/VPSsync/01-WorkspaceSync/modelica-shared/CustomLib/FluidSystemComponents/InteractiveSimulation/Examples/System/terminateByCPUtimer_ex01.mo' -> 'sftp://os3-310-44666.vs.sakura.ne.jp/home/ubuntu/VPSsync/01-WorkspaceSync/modelica-shared/CustomLib/FluidSystemComponents/InteractiveSimulation/Examples/System/terminateByCPUtimer_ex01.mo' (618)
2026-02-03 06:35:26: Copy Over 'C:/Users/grabacr/VPSsync/01-WorkspaceSync/modelica-shared/CustomLib/FluidSystemComponents/InteractiveSimulation/Examples/System/terminateWhenTriggered_ex01.mo' -> 'sftp://os3-310-44666.vs.sakura.ne.jp/home/ubuntu/VPSsync/01-WorkspaceSync/modelica-shared/CustomLib/FluidSystemComponents/InteractiveSimulation/Examples/System/terminateWhenTriggered_ex01.mo' (768)
2026-02-03 06:35:26: Copy Over 'C:/Users/grabacr/VPSsync/01-WorkspaceSync/modelica-shared/CustomLib/FluidSystemComponents/InteractiveSimulation/Input/AccumulateDigitalInputSignal00.mo' -> 'sftp://os3-310-44666.vs.sakura.ne.jp/home/ubuntu/VPSsync/01-WorkspaceSync/modelica-shared/CustomLib/FluidSystemComponents/InteractiveSimulation/Input/AccumulateDigitalInputSignal00.mo' (2,484)
2026-02-03 06:35:26: Copy Over 'C:/Users/grabacr/VPSsync/01-WorkspaceSync/modelica-shared/CustomLib/FluidSystemComponents/InteractiveSimulation/Output/data_test.csv' -> 'sftp://os3-310-44666.vs.sakura.ne.jp/home/ubuntu/VPSsync/01-WorkspaceSync/modelica-shared/CustomLib/FluidSystemComponents/InteractiveSimulation/Output/data_test.csv' (8)
2026-02-03 06:35:26: Copy Over 'C:/Users/grabacr/VPSsync/01-WorkspaceSync/modelica-shared/CustomLib/FluidSystemComponents/InteractiveSimulation/Output/data_test_bkup.csv' -> 'sftp://os3-310-44666.vs.sakura.ne.jp/home/ubuntu/VPSsync/01-WorkspaceSync/modelica-shared/CustomLib/FluidSystemComponents/InteractiveSimulation/Output/data_test_bkup.csv' (0)
2026-02-03 06:35:26: Copy Over 'C:/Users/grabacr/VPSsync/01-WorkspaceSync/modelica-shared/CustomLib/FluidSystemComponents/InteractiveSimulation/Output/DispColorGrad00.mo' -> 'sftp://os3-310-44666.vs.sakura.ne.jp/home/ubuntu/VPSsync/01-WorkspaceSync/modelica-shared/CustomLib/FluidSystemComponents/InteractiveSimulation/Output/DispColorGrad00.mo' (1,433)
2026-02-03 06:35:26: Copy Over 'C:/Users/grabacr/VPSsync/01-WorkspaceSync/modelica-shared/CustomLib/FluidSystemComponents/InteractiveSimulation/Output/DisplayOnCommand00.mo' -> 'sftp://os3-310-44666.vs.sakura.ne.jp/home/ubuntu/VPSsync/01-WorkspaceSync/modelica-shared/CustomLib/FluidSystemComponents/InteractiveSimulation/Output/DisplayOnCommand00.mo' (1,933)
2026-02-03 06:35:26: Copy Over 'C:/Users/grabacr/VPSsync/01-WorkspaceSync/modelica-shared/CustomLib/FluidSystemComponents/InteractiveSimulation/Output/DispValAndColor00.mo' -> 'sftp://os3-310-44666.vs.sakura.ne.jp/home/ubuntu/VPSsync/01-WorkspaceSync/modelica-shared/CustomLib/FluidSystemComponents/InteractiveSimulation/Output/DispValAndColor00.mo' (625)
2026-02-03 06:35:26: Copy Over 'C:/Users/grabacr/VPSsync/01-WorkspaceSync/modelica-shared/CustomLib/FluidSystemComponents/InteractiveSimulation/Output/DispValAndColor01.mo' -> 'sftp://os3-310-44666.vs.sakura.ne.jp/home/ubuntu/VPSsync/01-WorkspaceSync/modelica-shared/CustomLib/FluidSystemComponents/InteractiveSimulation/Output/DispValAndColor01.mo' (781)
2026-02-03 06:35:26: Copy Over 'C:/Users/grabacr/VPSsync/01-WorkspaceSync/modelica-shared/CustomLib/FluidSystemComponents/InteractiveSimulation/Output/Functions/C_printReal01.mo' -> 'sftp://os3-310-44666.vs.sakura.ne.jp/home/ubuntu/VPSsync/01-WorkspaceSync/modelica-shared/CustomLib/FluidSystemComponents/InteractiveSimulation/Output/Functions/C_printReal01.mo' (363)
2026-02-03 06:35:26: Copy Over 'C:/Users/grabacr/VPSsync/01-WorkspaceSync/modelica-shared/CustomLib/FluidSystemComponents/InteractiveSimulation/Output/Functions/C_printReal00.mo' -> 'sftp://os3-310-44666.vs.sakura.ne.jp/home/ubuntu/VPSsync/01-WorkspaceSync/modelica-shared/CustomLib/FluidSystemComponents/InteractiveSimulation/Output/Functions/C_printReal00.mo' (345)
2026-02-03 06:35:26: Copy Over 'C:/Users/grabacr/VPSsync/01-WorkspaceSync/modelica-shared/CustomLib/FluidSystemComponents/InteractiveSimulation/Output/Functions/C_printStr00.mo' -> 'sftp://os3-310-44666.vs.sakura.ne.jp/home/ubuntu/VPSsync/01-WorkspaceSync/modelica-shared/CustomLib/FluidSystemComponents/InteractiveSimulation/Output/Functions/C_printStr00.mo' (323)
2026-02-03 06:35:27: Copy Over 'C:/Users/grabacr/VPSsync/01-WorkspaceSync/modelica-shared/CustomLib/FluidSystemComponents/InteractiveSimulation/Output/Functions/C_printStr01.mo' -> 'sftp://os3-310-44666.vs.sakura.ne.jp/home/ubuntu/VPSsync/01-WorkspaceSync/modelica-shared/CustomLib/FluidSystemComponents/InteractiveSimulation/Output/Functions/C_printStr01.mo' (339)
2026-02-03 06:35:27: Copy Over 'C:/Users/grabacr/VPSsync/01-WorkspaceSync/modelica-shared/CustomLib/FluidSystemComponents/InteractiveSimulation/Output/Functions/C_printVariablesList00.mo' -> 'sftp://os3-310-44666.vs.sakura.ne.jp/home/ubuntu/VPSsync/01-WorkspaceSync/modelica-shared/CustomLib/FluidSystemComponents/InteractiveSimulation/Output/Functions/C_printVariablesList00.mo' (473)
2026-02-03 06:35:27: Copy Over 'C:/Users/grabacr/VPSsync/01-WorkspaceSync/modelica-shared/CustomLib/FluidSystemComponents/InteractiveSimulation/Output/Functions/call_C_printHelloWorld.mo' -> 'sftp://os3-310-44666.vs.sakura.ne.jp/home/ubuntu/VPSsync/01-WorkspaceSync/modelica-shared/CustomLib/FluidSystemComponents/InteractiveSimulation/Output/Functions/call_C_printHelloWorld.mo' (335)
2026-02-03 06:35:27: Copy Over 'C:/Users/grabacr/VPSsync/01-WorkspaceSync/modelica-shared/CustomLib/FluidSystemComponents/InteractiveSimulation/Output/Functions/package.order' -> 'sftp://os3-310-44666.vs.sakura.ne.jp/home/ubuntu/VPSsync/01-WorkspaceSync/modelica-shared/CustomLib/FluidSystemComponents/InteractiveSimulation/Output/Functions/package.order' (106)
2026-02-03 06:35:27: Copy Over 'C:/Users/grabacr/VPSsync/01-WorkspaceSync/modelica-shared/CustomLib/FluidSystemComponents/InteractiveSimulation/Output/Functions/package.mo' -> 'sftp://os3-310-44666.vs.sakura.ne.jp/home/ubuntu/VPSsync/01-WorkspaceSync/modelica-shared/CustomLib/FluidSystemComponents/InteractiveSimulation/Output/Functions/package.mo' (141)
2026-02-03 06:35:27: Copy Over 'C:/Users/grabacr/VPSsync/01-WorkspaceSync/modelica-shared/CustomLib/FluidSystemComponents/InteractiveSimulation/Output/Functions/PrintCSV_overwrite00.bak-mo' -> 'sftp://os3-310-44666.vs.sakura.ne.jp/home/ubuntu/VPSsync/01-WorkspaceSync/modelica-shared/CustomLib/FluidSystemComponents/InteractiveSimulation/Output/Functions/PrintCSV_overwrite00.bak-mo' (179)
2026-02-03 06:35:27: Copy Over 'C:/Users/grabacr/VPSsync/01-WorkspaceSync/modelica-shared/CustomLib/FluidSystemComponents/InteractiveSimulation/Output/Functions/printHelloWorld.c' -> 'sftp://os3-310-44666.vs.sakura.ne.jp/home/ubuntu/VPSsync/01-WorkspaceSync/modelica-shared/CustomLib/FluidSystemComponents/InteractiveSimulation/Output/Functions/printHelloWorld.c' (117)
2026-02-03 06:35:27: Copy Over 'C:/Users/grabacr/VPSsync/01-WorkspaceSync/modelica-shared/CustomLib/FluidSystemComponents/InteractiveSimulation/Output/Functions/printReal00.c' -> 'sftp://os3-310-44666.vs.sakura.ne.jp/home/ubuntu/VPSsync/01-WorkspaceSync/modelica-shared/CustomLib/FluidSystemComponents/InteractiveSimulation/Output/Functions/printReal00.c' (129)
2026-02-03 06:35:27: Copy Over 'C:/Users/grabacr/VPSsync/01-WorkspaceSync/modelica-shared/CustomLib/FluidSystemComponents/InteractiveSimulation/Output/Functions/printReal01.c' -> 'sftp://os3-310-44666.vs.sakura.ne.jp/home/ubuntu/VPSsync/01-WorkspaceSync/modelica-shared/CustomLib/FluidSystemComponents/InteractiveSimulation/Output/Functions/printReal01.c' (209)
2026-02-03 06:35:27: Copy Over 'C:/Users/grabacr/VPSsync/01-WorkspaceSync/modelica-shared/CustomLib/FluidSystemComponents/InteractiveSimulation/Output/Functions/printStr00.c' -> 'sftp://os3-310-44666.vs.sakura.ne.jp/home/ubuntu/VPSsync/01-WorkspaceSync/modelica-shared/CustomLib/FluidSystemComponents/InteractiveSimulation/Output/Functions/printStr00.c' (127)
2026-02-03 06:35:27: Copy Over 'C:/Users/grabacr/VPSsync/01-WorkspaceSync/modelica-shared/CustomLib/FluidSystemComponents/InteractiveSimulation/Output/Functions/printStr01.c' -> 'sftp://os3-310-44666.vs.sakura.ne.jp/home/ubuntu/VPSsync/01-WorkspaceSync/modelica-shared/CustomLib/FluidSystemComponents/InteractiveSimulation/Output/Functions/printStr01.c' (202)
2026-02-03 06:35:27: Copy Over 'C:/Users/grabacr/VPSsync/01-WorkspaceSync/modelica-shared/CustomLib/FluidSystemComponents/InteractiveSimulation/Output/Functions/PrintStringViaC.bak-mo' -> 'sftp://os3-310-44666.vs.sakura.ne.jp/home/ubuntu/VPSsync/01-WorkspaceSync/modelica-shared/CustomLib/FluidSystemComponents/InteractiveSimulation/Output/Functions/PrintStringViaC.bak-mo' (307)
2026-02-03 06:35:27: Copy Over 'C:/Users/grabacr/VPSsync/01-WorkspaceSync/modelica-shared/CustomLib/FluidSystemComponents/InteractiveSimulation/Output/Functions/printVariablesList00.c' -> 'sftp://os3-310-44666.vs.sakura.ne.jp/home/ubuntu/VPSsync/01-WorkspaceSync/modelica-shared/CustomLib/FluidSystemComponents/InteractiveSimulation/Output/Functions/printVariablesList00.c' (457)
2026-02-03 06:35:28: Copy Over 'C:/Users/grabacr/VPSsync/01-WorkspaceSync/modelica-shared/CustomLib/FluidSystemComponents/InteractiveSimulation/Output/Functions/PrintViaC.bak-mo' -> 'sftp://os3-310-44666.vs.sakura.ne.jp/home/ubuntu/VPSsync/01-WorkspaceSync/modelica-shared/CustomLib/FluidSystemComponents/InteractiveSimulation/Output/Functions/PrintViaC.bak-mo' (293)
2026-02-03 06:35:28: Copy Over 'C:/Users/grabacr/VPSsync/01-WorkspaceSync/modelica-shared/CustomLib/FluidSystemComponents/InteractiveSimulation/Output/htmlConsole00.py' -> 'sftp://os3-310-44666.vs.sakura.ne.jp/home/ubuntu/VPSsync/01-WorkspaceSync/modelica-shared/CustomLib/FluidSystemComponents/InteractiveSimulation/Output/htmlConsole00.py' (210)
2026-02-03 06:35:28: Copy Over 'C:/Users/grabacr/VPSsync/01-WorkspaceSync/modelica-shared/CustomLib/FluidSystemComponents/InteractiveSimulation/Output/htmlConsole00_data.csv' -> 'sftp://os3-310-44666.vs.sakura.ne.jp/home/ubuntu/VPSsync/01-WorkspaceSync/modelica-shared/CustomLib/FluidSystemComponents/InteractiveSimulation/Output/htmlConsole00_data.csv' (9)
2026-02-03 06:35:28: Copy Over 'C:/Users/grabacr/VPSsync/01-WorkspaceSync/modelica-shared/CustomLib/FluidSystemComponents/InteractiveSimulation/Output/package.mo' -> 'sftp://os3-310-44666.vs.sakura.ne.jp/home/ubuntu/VPSsync/01-WorkspaceSync/modelica-shared/CustomLib/FluidSystemComponents/InteractiveSimulation/Output/package.mo' (127)
2026-02-03 06:35:28: Copy Over 'C:/Users/grabacr/VPSsync/01-WorkspaceSync/modelica-shared/CustomLib/FluidSystemComponents/InteractiveSimulation/Output/package.order' -> 'sftp://os3-310-44666.vs.sakura.ne.jp/home/ubuntu/VPSsync/01-WorkspaceSync/modelica-shared/CustomLib/FluidSystemComponents/InteractiveSimulation/Output/package.order' (110)
2026-02-03 06:35:28: Copy Over 'C:/Users/grabacr/VPSsync/01-WorkspaceSync/modelica-shared/CustomLib/FluidSystemComponents/InteractiveSimulation/Output/PrintCSV_overwriting00.mo' -> 'sftp://os3-310-44666.vs.sakura.ne.jp/home/ubuntu/VPSsync/01-WorkspaceSync/modelica-shared/CustomLib/FluidSystemComponents/InteractiveSimulation/Output/PrintCSV_overwriting00.mo' (3,932)
2026-02-03 06:35:28: Copy Over 'C:/Users/grabacr/VPSsync/01-WorkspaceSync/modelica-shared/CustomLib/FluidSystemComponents/InteractiveSimulation/Output/pyConsole00.py' -> 'sftp://os3-310-44666.vs.sakura.ne.jp/home/ubuntu/VPSsync/01-WorkspaceSync/modelica-shared/CustomLib/FluidSystemComponents/InteractiveSimulation/Output/pyConsole00.py' (3,523)
2026-02-03 06:35:28: Copy Over 'C:/Users/grabacr/VPSsync/01-WorkspaceSync/modelica-shared/CustomLib/FluidSystemComponents/InteractiveSimulation/Output/pyConsole00_data.csv' -> 'sftp://os3-310-44666.vs.sakura.ne.jp/home/ubuntu/VPSsync/01-WorkspaceSync/modelica-shared/CustomLib/FluidSystemComponents/InteractiveSimulation/Output/pyConsole00_data.csv' (76)
2026-02-03 06:35:28: Copy Over 'C:/Users/grabacr/VPSsync/01-WorkspaceSync/modelica-shared/CustomLib/FluidSystemComponents/InteractiveSimulation/Output/prototype.js' -> 'sftp://os3-310-44666.vs.sakura.ne.jp/home/ubuntu/VPSsync/01-WorkspaceSync/modelica-shared/CustomLib/FluidSystemComponents/InteractiveSimulation/Output/prototype.js' (207,391)
2026-02-03 06:35:28: Copy Over 'C:/Users/grabacr/VPSsync/01-WorkspaceSync/modelica-shared/CustomLib/FluidSystemComponents/InteractiveSimulation/Output/pyConsole00_data_bkup.csv' -> 'sftp://os3-310-44666.vs.sakura.ne.jp/home/ubuntu/VPSsync/01-WorkspaceSync/modelica-shared/CustomLib/FluidSystemComponents/InteractiveSimulation/Output/pyConsole00_data_bkup.csv' (41)
2026-02-03 06:35:29: Copy Over 'C:/Users/grabacr/VPSsync/01-WorkspaceSync/modelica-shared/CustomLib/FluidSystemComponents/InteractiveSimulation/Input/AccumulateDigitalInputSignal01.mo' -> 'sftp://os3-310-44666.vs.sakura.ne.jp/home/ubuntu/VPSsync/01-WorkspaceSync/modelica-shared/CustomLib/FluidSystemComponents/InteractiveSimulation/Input/AccumulateDigitalInputSignal01.mo' (2,927)
2026-02-03 06:35:29: Copy Over 'C:/Users/grabacr/VPSsync/01-WorkspaceSync/modelica-shared/CustomLib/FluidSystemComponents/InteractiveSimulation/Output/pyConsole01.py' -> 'sftp://os3-310-44666.vs.sakura.ne.jp/home/ubuntu/VPSsync/01-WorkspaceSync/modelica-shared/CustomLib/FluidSystemComponents/InteractiveSimulation/Output/pyConsole01.py' (3,952)
2026-02-03 06:35:29: Copy Over 'C:/Users/grabacr/VPSsync/01-WorkspaceSync/modelica-shared/CustomLib/FluidSystemComponents/InteractiveSimulation/Input/AccumulateInputSignal.bak-mo' -> 'sftp://os3-310-44666.vs.sakura.ne.jp/home/ubuntu/VPSsync/01-WorkspaceSync/modelica-shared/CustomLib/FluidSystemComponents/InteractiveSimulation/Input/AccumulateInputSignal.bak-mo' (118)
2026-02-03 06:35:29: Copy Over 'C:/Users/grabacr/VPSsync/01-WorkspaceSync/modelica-shared/CustomLib/FluidSystemComponents/InteractiveSimulation/Input/package.order' -> 'sftp://os3-310-44666.vs.sakura.ne.jp/home/ubuntu/VPSsync/01-WorkspaceSync/modelica-shared/CustomLib/FluidSystemComponents/InteractiveSimulation/Input/package.order' (64)
2026-02-03 06:35:29: Copy Over 'C:/Users/grabacr/VPSsync/01-WorkspaceSync/modelica-shared/CustomLib/FluidSystemComponents/InteractiveSimulation/Input/package.mo' -> 'sftp://os3-310-44666.vs.sakura.ne.jp/home/ubuntu/VPSsync/01-WorkspaceSync/modelica-shared/CustomLib/FluidSystemComponents/InteractiveSimulation/Input/package.mo' (159)
2026-02-03 06:35:29: Copy Over 'C:/Users/grabacr/VPSsync/01-WorkspaceSync/modelica-shared/CustomLib/FluidSystemComponents/InteractiveSimulation/Input/AccumulateInputSignal00.bak-mo' -> 'sftp://os3-310-44666.vs.sakura.ne.jp/home/ubuntu/VPSsync/01-WorkspaceSync/modelica-shared/CustomLib/FluidSystemComponents/InteractiveSimulation/Input/AccumulateInputSignal00.bak-mo' (1,734)
2026-02-03 06:35:29: Copy Over 'C:/Users/grabacr/VPSsync/01-WorkspaceSync/modelica-shared/CustomLib/FluidSystemComponents/InteractiveSimulation/package.mo' -> 'sftp://os3-310-44666.vs.sakura.ne.jp/home/ubuntu/VPSsync/01-WorkspaceSync/modelica-shared/CustomLib/FluidSystemComponents/InteractiveSimulation/package.mo' (136)
2026-02-03 06:35:29: Copy Over 'C:/Users/grabacr/VPSsync/01-WorkspaceSync/modelica-shared/CustomLib/FluidSystemComponents/InteractiveSimulation/package.order' -> 'sftp://os3-310-44666.vs.sakura.ne.jp/home/ubuntu/VPSsync/01-WorkspaceSync/modelica-shared/CustomLib/FluidSystemComponents/InteractiveSimulation/package.order' (33)
2026-02-03 06:35:29: Copy Over 'C:/Users/grabacr/VPSsync/01-WorkspaceSync/modelica-shared/CustomLib/FluidSystemComponents/InteractiveSimulation/System/getCPUclock.mo' -> 'sftp://os3-310-44666.vs.sakura.ne.jp/home/ubuntu/VPSsync/01-WorkspaceSync/modelica-shared/CustomLib/FluidSystemComponents/InteractiveSimulation/System/getCPUclock.mo' (1,529)
2026-02-03 06:35:29: Copy Over 'C:/Users/grabacr/VPSsync/01-WorkspaceSync/modelica-shared/CustomLib/FluidSystemComponents/Interfaces/Bus.mo' -> 'sftp://os3-310-44666.vs.sakura.ne.jp/home/ubuntu/VPSsync/01-WorkspaceSync/modelica-shared/CustomLib/FluidSystemComponents/Interfaces/Bus.mo' (238)
2026-02-03 06:35:29: Copy Over 'C:/Users/grabacr/VPSsync/01-WorkspaceSync/modelica-shared/CustomLib/FluidSystemComponents/Interfaces/Bus_FluidStaticStates.mo' -> 'sftp://os3-310-44666.vs.sakura.ne.jp/home/ubuntu/VPSsync/01-WorkspaceSync/modelica-shared/CustomLib/FluidSystemComponents/Interfaces/Bus_FluidStaticStates.mo' (427)
2026-02-03 06:35:29: Copy Over 'C:/Users/grabacr/VPSsync/01-WorkspaceSync/modelica-shared/CustomLib/FluidSystemComponents/Interfaces/FluidStaticPort.bak-mo' -> 'sftp://os3-310-44666.vs.sakura.ne.jp/home/ubuntu/VPSsync/01-WorkspaceSync/modelica-shared/CustomLib/FluidSystemComponents/Interfaces/FluidStaticPort.bak-mo' (91)
2026-02-03 06:35:30: Copy Over 'C:/Users/grabacr/VPSsync/01-WorkspaceSync/modelica-shared/CustomLib/FluidSystemComponents/Interfaces/Examples/package.order' -> 'sftp://os3-310-44666.vs.sakura.ne.jp/home/ubuntu/VPSsync/01-WorkspaceSync/modelica-shared/CustomLib/FluidSystemComponents/Interfaces/Examples/package.order' (59)
2026-02-03 06:35:30: Copy Over 'C:/Users/grabacr/VPSsync/01-WorkspaceSync/modelica-shared/CustomLib/FluidSystemComponents/Interfaces/Examples/package.mo' -> 'sftp://os3-310-44666.vs.sakura.ne.jp/home/ubuntu/VPSsync/01-WorkspaceSync/modelica-shared/CustomLib/FluidSystemComponents/Interfaces/Examples/package.mo' (120)
2026-02-03 06:35:30: Copy Over 'C:/Users/grabacr/VPSsync/01-WorkspaceSync/modelica-shared/CustomLib/FluidSystemComponents/Interfaces/Examples/portMn2FluidWithMach_ex01.mo' -> 'sftp://os3-310-44666.vs.sakura.ne.jp/home/ubuntu/VPSsync/01-WorkspaceSync/modelica-shared/CustomLib/FluidSystemComponents/Interfaces/Examples/portMn2FluidWithMach_ex01.mo' (1,735)
2026-02-03 06:35:30: Copy Over 'C:/Users/grabacr/VPSsync/01-WorkspaceSync/modelica-shared/CustomLib/FluidSystemComponents/Interfaces/FluidStaticStateInput.mo' -> 'sftp://os3-310-44666.vs.sakura.ne.jp/home/ubuntu/VPSsync/01-WorkspaceSync/modelica-shared/CustomLib/FluidSystemComponents/Interfaces/FluidStaticStateInput.mo' (1,244)
2026-02-03 06:35:30: Copy Over 'C:/Users/grabacr/VPSsync/01-WorkspaceSync/modelica-shared/CustomLib/FluidSystemComponents/Interfaces/Examples/portMn2FluidWithMachInput_ex01.mo' -> 'sftp://os3-310-44666.vs.sakura.ne.jp/home/ubuntu/VPSsync/01-WorkspaceSync/modelica-shared/CustomLib/FluidSystemComponents/Interfaces/Examples/portMn2FluidWithMachInput_ex01.mo' (1,757)
2026-02-03 06:35:30: Copy Over 'C:/Users/grabacr/VPSsync/01-WorkspaceSync/modelica-shared/CustomLib/FluidSystemComponents/Interfaces/FluidStaticStateOutput.mo' -> 'sftp://os3-310-44666.vs.sakura.ne.jp/home/ubuntu/VPSsync/01-WorkspaceSync/modelica-shared/CustomLib/FluidSystemComponents/Interfaces/FluidStaticStateOutput.mo' (987)
2026-02-03 06:35:30: Copy Over 'C:/Users/grabacr/VPSsync/01-WorkspaceSync/modelica-shared/CustomLib/FluidSystemComponents/Interfaces/FluidStaticStatePort.bak-mo' -> 'sftp://os3-310-44666.vs.sakura.ne.jp/home/ubuntu/VPSsync/01-WorkspaceSync/modelica-shared/CustomLib/FluidSystemComponents/Interfaces/FluidStaticStatePort.bak-mo' (995)
2026-02-03 06:35:30: Copy Over 'C:/Users/grabacr/VPSsync/01-WorkspaceSync/modelica-shared/CustomLib/FluidSystemComponents/Interfaces/FluidWithMach_a.mo' -> 'sftp://os3-310-44666.vs.sakura.ne.jp/home/ubuntu/VPSsync/01-WorkspaceSync/modelica-shared/CustomLib/FluidSystemComponents/Interfaces/FluidWithMach_a.mo' (967)
2026-02-03 06:35:30: Copy Over 'C:/Users/grabacr/VPSsync/01-WorkspaceSync/modelica-shared/CustomLib/FluidSystemComponents/Interfaces/FluidWithMach2portMn.mo' -> 'sftp://os3-310-44666.vs.sakura.ne.jp/home/ubuntu/VPSsync/01-WorkspaceSync/modelica-shared/CustomLib/FluidSystemComponents/Interfaces/FluidWithMach2portMn.mo' (1,469)
2026-02-03 06:35:30: Copy Over 'C:/Users/grabacr/VPSsync/01-WorkspaceSync/modelica-shared/CustomLib/FluidSystemComponents/Interfaces/FluidWithMachInput.mo' -> 'sftp://os3-310-44666.vs.sakura.ne.jp/home/ubuntu/VPSsync/01-WorkspaceSync/modelica-shared/CustomLib/FluidSystemComponents/Interfaces/FluidWithMachInput.mo' (1,005)
2026-02-03 06:35:30: Copy Over 'C:/Users/grabacr/VPSsync/01-WorkspaceSync/modelica-shared/CustomLib/FluidSystemComponents/Interfaces/FluidWithMach_b.mo' -> 'sftp://os3-310-44666.vs.sakura.ne.jp/home/ubuntu/VPSsync/01-WorkspaceSync/modelica-shared/CustomLib/FluidSystemComponents/Interfaces/FluidWithMach_b.mo' (1,122)
2026-02-03 06:35:30: Copy Over 'C:/Users/grabacr/VPSsync/01-WorkspaceSync/modelica-shared/CustomLib/FluidSystemComponents/Interfaces/FluidWithMachOutput.mo' -> 'sftp://os3-310-44666.vs.sakura.ne.jp/home/ubuntu/VPSsync/01-WorkspaceSync/modelica-shared/CustomLib/FluidSystemComponents/Interfaces/FluidWithMachOutput.mo' (1,163)
2026-02-03 06:35:31: Copy Over 'C:/Users/grabacr/VPSsync/01-WorkspaceSync/modelica-shared/CustomLib/FluidSystemComponents/Interfaces/FluidWithMachOutput2portMn.mo' -> 'sftp://os3-310-44666.vs.sakura.ne.jp/home/ubuntu/VPSsync/01-WorkspaceSync/modelica-shared/CustomLib/FluidSystemComponents/Interfaces/FluidWithMachOutput2portMn.mo' (1,507)
2026-02-03 06:35:31: Copy Over 'C:/Users/grabacr/VPSsync/01-WorkspaceSync/modelica-shared/CustomLib/FluidSystemComponents/Interfaces/Frame_2FluidPorts.mo' -> 'sftp://os3-310-44666.vs.sakura.ne.jp/home/ubuntu/VPSsync/01-WorkspaceSync/modelica-shared/CustomLib/FluidSystemComponents/Interfaces/Frame_2FluidPorts.mo' (7,216)
2026-02-03 06:35:31: Copy Over 'C:/Users/grabacr/VPSsync/01-WorkspaceSync/modelica-shared/CustomLib/FluidSystemComponents/Interfaces/Frame_2FluidPorts_1MechLin.mo' -> 'sftp://os3-310-44666.vs.sakura.ne.jp/home/ubuntu/VPSsync/01-WorkspaceSync/modelica-shared/CustomLib/FluidSystemComponents/Interfaces/Frame_2FluidPorts_1MechLin.mo' (5,919)
2026-02-03 06:35:31: Copy Over 'C:/Users/grabacr/VPSsync/01-WorkspaceSync/modelica-shared/CustomLib/FluidSystemComponents/Interfaces/Frame_2FluidPorts_1Shaft.mo' -> 'sftp://os3-310-44666.vs.sakura.ne.jp/home/ubuntu/VPSsync/01-WorkspaceSync/modelica-shared/CustomLib/FluidSystemComponents/Interfaces/Frame_2FluidPorts_1Shaft.mo' (9,013)
2026-02-03 06:35:31: Copy Over 'C:/Users/grabacr/VPSsync/01-WorkspaceSync/modelica-shared/CustomLib/FluidSystemComponents/Interfaces/Frame_4FluidPorts.mo' -> 'sftp://os3-310-44666.vs.sakura.ne.jp/home/ubuntu/VPSsync/01-WorkspaceSync/modelica-shared/CustomLib/FluidSystemComponents/Interfaces/Frame_4FluidPorts.mo' (7,228)
2026-02-03 06:35:31: Copy Over 'C:/Users/grabacr/VPSsync/01-WorkspaceSync/modelica-shared/CustomLib/FluidSystemComponents/Interfaces/package.mo' -> 'sftp://os3-310-44666.vs.sakura.ne.jp/home/ubuntu/VPSsync/01-WorkspaceSync/modelica-shared/CustomLib/FluidSystemComponents/Interfaces/package.mo' (115)
2026-02-03 06:35:31: Copy Over 'C:/Users/grabacr/VPSsync/01-WorkspaceSync/modelica-shared/CustomLib/FluidSystemComponents/Interfaces/package.order' -> 'sftp://os3-310-44666.vs.sakura.ne.jp/home/ubuntu/VPSsync/01-WorkspaceSync/modelica-shared/CustomLib/FluidSystemComponents/Interfaces/package.order' (446)
2026-02-03 06:35:31: Copy Over 'C:/Users/grabacr/VPSsync/01-WorkspaceSync/modelica-shared/CustomLib/FluidSystemComponents/Interfaces/portMn2FluidWithMach.mo' -> 'sftp://os3-310-44666.vs.sakura.ne.jp/home/ubuntu/VPSsync/01-WorkspaceSync/modelica-shared/CustomLib/FluidSystemComponents/Interfaces/portMn2FluidWithMach.mo' (1,470)
2026-02-03 06:35:31: Copy Over 'C:/Users/grabacr/VPSsync/01-WorkspaceSync/modelica-shared/CustomLib/FluidSystemComponents/Interfaces/portMn2FluidWithMachInput.mo' -> 'sftp://os3-310-44666.vs.sakura.ne.jp/home/ubuntu/VPSsync/01-WorkspaceSync/modelica-shared/CustomLib/FluidSystemComponents/Interfaces/portMn2FluidWithMachInput.mo' (1,499)
2026-02-03 06:35:31: Copy Over 'C:/Users/grabacr/VPSsync/01-WorkspaceSync/modelica-shared/CustomLib/FluidSystemComponents/Interfaces/RealInput.bak-mo' -> 'sftp://os3-310-44666.vs.sakura.ne.jp/home/ubuntu/VPSsync/01-WorkspaceSync/modelica-shared/CustomLib/FluidSystemComponents/Interfaces/RealInput.bak-mo' (999)
2026-02-03 06:35:31: Copy Over 'C:/Users/grabacr/VPSsync/01-WorkspaceSync/modelica-shared/CustomLib/FluidSystemComponents/Interfaces/RealInput.mo' -> 'sftp://os3-310-44666.vs.sakura.ne.jp/home/ubuntu/VPSsync/01-WorkspaceSync/modelica-shared/CustomLib/FluidSystemComponents/Interfaces/RealInput.mo' (944)
2026-02-03 06:35:31: Copy Over 'C:/Users/grabacr/VPSsync/01-WorkspaceSync/modelica-shared/CustomLib/FluidSystemComponents/Interfaces/RealVectorInput.bak-mo' -> 'sftp://os3-310-44666.vs.sakura.ne.jp/home/ubuntu/VPSsync/01-WorkspaceSync/modelica-shared/CustomLib/FluidSystemComponents/Interfaces/RealVectorInput.bak-mo' (978)
2026-02-03 06:35:32: Copy Over 'C:/Users/grabacr/VPSsync/01-WorkspaceSync/modelica-shared/CustomLib/FluidSystemComponents/Interfaces/StaticMach2Total.mo' -> 'sftp://os3-310-44666.vs.sakura.ne.jp/home/ubuntu/VPSsync/01-WorkspaceSync/modelica-shared/CustomLib/FluidSystemComponents/Interfaces/StaticMach2Total.mo' (4,139)
2026-02-03 06:35:32: Copy Over 'C:/Users/grabacr/VPSsync/01-WorkspaceSync/modelica-shared/CustomLib/FluidSystemComponents/Interfaces/StringInput.bak-mo' -> 'sftp://os3-310-44666.vs.sakura.ne.jp/home/ubuntu/VPSsync/01-WorkspaceSync/modelica-shared/CustomLib/FluidSystemComponents/Interfaces/StringInput.bak-mo' (976)
2026-02-03 06:35:32: Copy Over 'C:/Users/grabacr/VPSsync/01-WorkspaceSync/modelica-shared/CustomLib/FluidSystemComponents/Interfaces/StringInput.mo' -> 'sftp://os3-310-44666.vs.sakura.ne.jp/home/ubuntu/VPSsync/01-WorkspaceSync/modelica-shared/CustomLib/FluidSystemComponents/Interfaces/StringInput.mo' (948)
2026-02-03 06:35:32: Copy Over 'C:/Users/grabacr/VPSsync/01-WorkspaceSync/modelica-shared/CustomLib/FluidSystemComponents/Interfaces/StringOutput.mo' -> 'sftp://os3-310-44666.vs.sakura.ne.jp/home/ubuntu/VPSsync/01-WorkspaceSync/modelica-shared/CustomLib/FluidSystemComponents/Interfaces/StringOutput.mo' (992)
2026-02-03 06:35:32: Copy Over 'C:/Users/grabacr/VPSsync/01-WorkspaceSync/modelica-shared/CustomLib/FluidSystemComponents/Interfaces/StringVectorInput.mo' -> 'sftp://os3-310-44666.vs.sakura.ne.jp/home/ubuntu/VPSsync/01-WorkspaceSync/modelica-shared/CustomLib/FluidSystemComponents/Interfaces/StringVectorInput.mo' (906)
2026-02-03 06:35:32: Copy Over 'C:/Users/grabacr/VPSsync/01-WorkspaceSync/modelica-shared/CustomLib/FluidSystemComponents/Interfaces/StringVectorOutput.mo' -> 'sftp://os3-310-44666.vs.sakura.ne.jp/home/ubuntu/VPSsync/01-WorkspaceSync/modelica-shared/CustomLib/FluidSystemComponents/Interfaces/StringVectorOutput.mo' (953)
2026-02-03 06:35:32: Copy Over 'C:/Users/grabacr/VPSsync/01-WorkspaceSync/modelica-shared/CustomLib/FluidSystemComponents/InteractiveSimulation/System/package.mo' -> 'sftp://os3-310-44666.vs.sakura.ne.jp/home/ubuntu/VPSsync/01-WorkspaceSync/modelica-shared/CustomLib/FluidSystemComponents/InteractiveSimulation/System/package.mo' (127)
2026-02-03 06:35:32: Copy Over 'C:/Users/grabacr/VPSsync/01-WorkspaceSync/modelica-shared/CustomLib/FluidSystemComponents/InteractiveSimulation/System/package.order' -> 'sftp://os3-310-44666.vs.sakura.ne.jp/home/ubuntu/VPSsync/01-WorkspaceSync/modelica-shared/CustomLib/FluidSystemComponents/InteractiveSimulation/System/package.order' (58)
2026-02-03 06:35:32: Copy Over 'C:/Users/grabacr/VPSsync/01-WorkspaceSync/modelica-shared/CustomLib/FluidSystemComponents/InteractiveSimulation/System/terminateByCPUtimer.mo' -> 'sftp://os3-310-44666.vs.sakura.ne.jp/home/ubuntu/VPSsync/01-WorkspaceSync/modelica-shared/CustomLib/FluidSystemComponents/InteractiveSimulation/System/terminateByCPUtimer.mo' (1,323)
2026-02-03 06:35:32: Copy Over 'C:/Users/grabacr/VPSsync/01-WorkspaceSync/modelica-shared/CustomLib/FluidSystemComponents/InteractiveSimulation/System/terminateWhenTriggered.mo' -> 'sftp://os3-310-44666.vs.sakura.ne.jp/home/ubuntu/VPSsync/01-WorkspaceSync/modelica-shared/CustomLib/FluidSystemComponents/InteractiveSimulation/System/terminateWhenTriggered.mo' (756)
2026-02-03 06:35:32: Copy Over 'C:/Users/grabacr/VPSsync/01-WorkspaceSync/modelica-shared/CustomLib/FluidSystemComponents/link_index.url' -> 'sftp://os3-310-44666.vs.sakura.ne.jp/home/ubuntu/VPSsync/01-WorkspaceSync/modelica-shared/CustomLib/FluidSystemComponents/link_index.url' (144)
2026-02-03 06:35:33: Copy Over 'C:/Users/grabacr/VPSsync/01-WorkspaceSync/modelica-shared/CustomLib/FluidSystemComponents/LICENSE' -> 'sftp://os3-310-44666.vs.sakura.ne.jp/home/ubuntu/VPSsync/01-WorkspaceSync/modelica-shared/CustomLib/FluidSystemComponents/LICENSE' (35,821)
2026-02-03 06:35:33: Copy Over 'C:/Users/grabacr/VPSsync/01-WorkspaceSync/modelica-shared/CustomLib/FluidSystemComponents/MSLfluidWithVisualization/CommonBaseClasses/FlowPath_Vis_Base.mo' -> 'sftp://os3-310-44666.vs.sakura.ne.jp/home/ubuntu/VPSsync/01-WorkspaceSync/modelica-shared/CustomLib/FluidSystemComponents/MSLfluidWithVisualization/CommonBaseClasses/FlowPath_Vis_Base.mo' (4,149)
2026-02-03 06:35:33: Copy Over 'C:/Users/grabacr/VPSsync/01-WorkspaceSync/modelica-shared/CustomLib/FluidSystemComponents/Media/CoolProp/Hydrogen/package.mo' -> 'sftp://os3-310-44666.vs.sakura.ne.jp/home/ubuntu/VPSsync/01-WorkspaceSync/modelica-shared/CustomLib/FluidSystemComponents/Media/CoolProp/Hydrogen/package.mo' (317)
2026-02-03 06:35:33: Copy Over 'C:/Users/grabacr/VPSsync/01-WorkspaceSync/modelica-shared/CustomLib/FluidSystemComponents/Media/CoolProp/Hydrogen/package.order' -> 'sftp://os3-310-44666.vs.sakura.ne.jp/home/ubuntu/VPSsync/01-WorkspaceSync/modelica-shared/CustomLib/FluidSystemComponents/Media/CoolProp/Hydrogen/package.order' (0)
2026-02-03 06:35:33: Copy Over 'C:/Users/grabacr/VPSsync/01-WorkspaceSync/modelica-shared/CustomLib/FluidSystemComponents/MSLfluidWithVisualization/CommonBaseClasses/package.mo' -> 'sftp://os3-310-44666.vs.sakura.ne.jp/home/ubuntu/VPSsync/01-WorkspaceSync/modelica-shared/CustomLib/FluidSystemComponents/MSLfluidWithVisualization/CommonBaseClasses/package.mo' (150)
2026-02-03 06:35:33: Copy Over 'C:/Users/grabacr/VPSsync/01-WorkspaceSync/modelica-shared/CustomLib/FluidSystemComponents/MSLfluidWithVisualization/CommonBaseClasses/package.order' -> 'sftp://os3-310-44666.vs.sakura.ne.jp/home/ubuntu/VPSsync/01-WorkspaceSync/modelica-shared/CustomLib/FluidSystemComponents/MSLfluidWithVisualization/CommonBaseClasses/package.order' (51)
2026-02-03 06:35:33: Copy Over 'C:/Users/grabacr/VPSsync/01-WorkspaceSync/modelica-shared/CustomLib/FluidSystemComponents/MSLfluidWithVisualization/CommonBaseClasses/Tank_Vis_Base.mo' -> 'sftp://os3-310-44666.vs.sakura.ne.jp/home/ubuntu/VPSsync/01-WorkspaceSync/modelica-shared/CustomLib/FluidSystemComponents/MSLfluidWithVisualization/CommonBaseClasses/Tank_Vis_Base.mo' (3,267)
2026-02-03 06:35:33: Copy Over 'C:/Users/grabacr/VPSsync/01-WorkspaceSync/modelica-shared/CustomLib/FluidSystemComponents/MSLfluidWithVisualization/CommonBaseClasses/Volume_Vis_Base.mo' -> 'sftp://os3-310-44666.vs.sakura.ne.jp/home/ubuntu/VPSsync/01-WorkspaceSync/modelica-shared/CustomLib/FluidSystemComponents/MSLfluidWithVisualization/CommonBaseClasses/Volume_Vis_Base.mo' (1,810)
2026-02-03 06:35:33: Copy Over 'C:/Users/grabacr/VPSsync/01-WorkspaceSync/modelica-shared/CustomLib/FluidSystemComponents/Media/CoolProp/package.order' -> 'sftp://os3-310-44666.vs.sakura.ne.jp/home/ubuntu/VPSsync/01-WorkspaceSync/modelica-shared/CustomLib/FluidSystemComponents/Media/CoolProp/package.order' (10)
2026-02-03 06:35:33: Copy Over 'C:/Users/grabacr/VPSsync/01-WorkspaceSync/modelica-shared/CustomLib/FluidSystemComponents/Media/CoolProp/package.mo' -> 'sftp://os3-310-44666.vs.sakura.ne.jp/home/ubuntu/VPSsync/01-WorkspaceSync/modelica-shared/CustomLib/FluidSystemComponents/Media/CoolProp/package.mo' (115)
2026-02-03 06:35:33: Copy Over 'C:/Users/grabacr/VPSsync/01-WorkspaceSync/modelica-shared/CustomLib/FluidSystemComponents/MSLfluidWithVisualization/Examples/package.mo' -> 'sftp://os3-310-44666.vs.sakura.ne.jp/home/ubuntu/VPSsync/01-WorkspaceSync/modelica-shared/CustomLib/FluidSystemComponents/MSLfluidWithVisualization/Examples/package.mo' (135)
2026-02-03 06:35:34: Copy Over 'C:/Users/grabacr/VPSsync/01-WorkspaceSync/modelica-shared/CustomLib/FluidSystemComponents/MSLfluidWithVisualization/Fittings/BaseClasses/package.mo' -> 'sftp://os3-310-44666.vs.sakura.ne.jp/home/ubuntu/VPSsync/01-WorkspaceSync/modelica-shared/CustomLib/FluidSystemComponents/MSLfluidWithVisualization/Fittings/BaseClasses/package.mo' (147)
2026-02-03 06:35:34: Copy Over 'C:/Users/grabacr/VPSsync/01-WorkspaceSync/modelica-shared/CustomLib/FluidSystemComponents/MSLfluidWithVisualization/Fittings/Examples/OpenTank_ex01.bak-mo' -> 'sftp://os3-310-44666.vs.sakura.ne.jp/home/ubuntu/VPSsync/01-WorkspaceSync/modelica-shared/CustomLib/FluidSystemComponents/MSLfluidWithVisualization/Fittings/Examples/OpenTank_ex01.bak-mo' (5,703)
2026-02-03 06:35:34: Copy Over 'C:/Users/grabacr/VPSsync/01-WorkspaceSync/modelica-shared/CustomLib/FluidSystemComponents/MSLfluidWithVisualization/Fittings/Examples/package.mo' -> 'sftp://os3-310-44666.vs.sakura.ne.jp/home/ubuntu/VPSsync/01-WorkspaceSync/modelica-shared/CustomLib/FluidSystemComponents/MSLfluidWithVisualization/Fittings/Examples/package.mo' (144)
2026-02-03 06:35:34: Copy Over 'C:/Users/grabacr/VPSsync/01-WorkspaceSync/modelica-shared/CustomLib/FluidSystemComponents/MSLfluidWithVisualization/Fittings/Examples/package.order' -> 'sftp://os3-310-44666.vs.sakura.ne.jp/home/ubuntu/VPSsync/01-WorkspaceSync/modelica-shared/CustomLib/FluidSystemComponents/MSLfluidWithVisualization/Fittings/Examples/package.order' (27)
2026-02-03 06:35:34: Copy Over 'C:/Users/grabacr/VPSsync/01-WorkspaceSync/modelica-shared/CustomLib/FluidSystemComponents/MSLfluidWithVisualization/Fittings/Examples/SimpleGenericOrifice_ex01.mo' -> 'sftp://os3-310-44666.vs.sakura.ne.jp/home/ubuntu/VPSsync/01-WorkspaceSync/modelica-shared/CustomLib/FluidSystemComponents/MSLfluidWithVisualization/Fittings/Examples/SimpleGenericOrifice_ex01.mo' (5,881)
2026-02-03 06:35:34: Copy Over 'C:/Users/grabacr/VPSsync/01-WorkspaceSync/modelica-shared/CustomLib/FluidSystemComponents/MSLfluidWithVisualization/Fittings/BaseClasses/package.order' -> 'sftp://os3-310-44666.vs.sakura.ne.jp/home/ubuntu/VPSsync/01-WorkspaceSync/modelica-shared/CustomLib/FluidSystemComponents/MSLfluidWithVisualization/Fittings/BaseClasses/package.order' (0)
2026-02-03 06:35:34: Copy Over 'C:/Users/grabacr/VPSsync/01-WorkspaceSync/modelica-shared/CustomLib/FluidSystemComponents/MSLfluidWithVisualization/Fittings/BaseClasses/SimpleGenericOrifice_Vis_Base.bak-mo' -> 'sftp://os3-310-44666.vs.sakura.ne.jp/home/ubuntu/VPSsync/01-WorkspaceSync/modelica-shared/CustomLib/FluidSystemComponents/MSLfluidWithVisualization/Fittings/BaseClasses/SimpleGenericOrifice_Vis_Base.bak-mo' (462)
2026-02-03 06:35:34: Copy Over 'C:/Users/grabacr/VPSsync/01-WorkspaceSync/modelica-shared/CustomLib/FluidSystemComponents/MSLfluidWithVisualization/Fittings/package.mo' -> 'sftp://os3-310-44666.vs.sakura.ne.jp/home/ubuntu/VPSsync/01-WorkspaceSync/modelica-shared/CustomLib/FluidSystemComponents/MSLfluidWithVisualization/Fittings/package.mo' (135)
2026-02-03 06:35:34: Copy Over 'C:/Users/grabacr/VPSsync/01-WorkspaceSync/modelica-shared/CustomLib/FluidSystemComponents/MSLfluidWithVisualization/Fittings/package.order' -> 'sftp://os3-310-44666.vs.sakura.ne.jp/home/ubuntu/VPSsync/01-WorkspaceSync/modelica-shared/CustomLib/FluidSystemComponents/MSLfluidWithVisualization/Fittings/package.order' (45)
2026-02-03 06:35:34: Copy Over 'C:/Users/grabacr/VPSsync/01-WorkspaceSync/modelica-shared/CustomLib/FluidSystemComponents/MSLfluidWithVisualization/Fittings/SimpleGenericOrifice.mo' -> 'sftp://os3-310-44666.vs.sakura.ne.jp/home/ubuntu/VPSsync/01-WorkspaceSync/modelica-shared/CustomLib/FluidSystemComponents/MSLfluidWithVisualization/Fittings/SimpleGenericOrifice.mo' (1,970)
2026-02-03 06:35:34: Copy Over 'C:/Users/grabacr/VPSsync/01-WorkspaceSync/modelica-shared/CustomLib/FluidSystemComponents/MSLfluidWithVisualization/Examples/package.order' -> 'sftp://os3-310-44666.vs.sakura.ne.jp/home/ubuntu/VPSsync/01-WorkspaceSync/modelica-shared/CustomLib/FluidSystemComponents/MSLfluidWithVisualization/Examples/package.order' (0)
2026-02-03 06:35:34: Copy Over 'C:/Users/grabacr/VPSsync/01-WorkspaceSync/modelica-shared/CustomLib/FluidSystemComponents/MSLfluidWithVisualization/package.mo' -> 'sftp://os3-310-44666.vs.sakura.ne.jp/home/ubuntu/VPSsync/01-WorkspaceSync/modelica-shared/CustomLib/FluidSystemComponents/MSLfluidWithVisualization/package.mo' (139)
2026-02-03 06:35:35: Copy Over 'C:/Users/grabacr/VPSsync/01-WorkspaceSync/modelica-shared/CustomLib/FluidSystemComponents/MSLfluidWithVisualization/Examples/Vessels/package.order' -> 'sftp://os3-310-44666.vs.sakura.ne.jp/home/ubuntu/VPSsync/01-WorkspaceSync/modelica-shared/CustomLib/FluidSystemComponents/MSLfluidWithVisualization/Examples/Vessels/package.order' (0)
2026-02-03 06:35:35: Copy Over 'C:/Users/grabacr/VPSsync/01-WorkspaceSync/modelica-shared/CustomLib/FluidSystemComponents/MSLfluidWithVisualization/Examples/Vessels/package.bak-mo' -> 'sftp://os3-310-44666.vs.sakura.ne.jp/home/ubuntu/VPSsync/01-WorkspaceSync/modelica-shared/CustomLib/FluidSystemComponents/MSLfluidWithVisualization/Examples/Vessels/package.bak-mo' (142)
2026-02-03 06:35:35: Copy Over 'C:/Users/grabacr/VPSsync/01-WorkspaceSync/modelica-shared/CustomLib/FluidSystemComponents/MSLfluidWithVisualization/package.order' -> 'sftp://os3-310-44666.vs.sakura.ne.jp/home/ubuntu/VPSsync/01-WorkspaceSync/modelica-shared/CustomLib/FluidSystemComponents/MSLfluidWithVisualization/package.order' (57)
2026-02-03 06:35:35: Copy Over 'C:/Users/grabacr/VPSsync/01-WorkspaceSync/modelica-shared/CustomLib/FluidSystemComponents/MSLfluidWithVisualization/Sources/BaseClasses/package.order' -> 'sftp://os3-310-44666.vs.sakura.ne.jp/home/ubuntu/VPSsync/01-WorkspaceSync/modelica-shared/CustomLib/FluidSystemComponents/MSLfluidWithVisualization/Sources/BaseClasses/package.order' (0)
2026-02-03 06:35:35: Copy Over 'C:/Users/grabacr/VPSsync/01-WorkspaceSync/modelica-shared/CustomLib/FluidSystemComponents/MSLfluidWithVisualization/Sources/BaseClasses/package.mo' -> 'sftp://os3-310-44666.vs.sakura.ne.jp/home/ubuntu/VPSsync/01-WorkspaceSync/modelica-shared/CustomLib/FluidSystemComponents/MSLfluidWithVisualization/Sources/BaseClasses/package.mo' (146)
2026-02-03 06:35:35: Copy Over 'C:/Users/grabacr/VPSsync/01-WorkspaceSync/modelica-shared/CustomLib/FluidSystemComponents/Media/Examples/package.mo' -> 'sftp://os3-310-44666.vs.sakura.ne.jp/home/ubuntu/VPSsync/01-WorkspaceSync/modelica-shared/CustomLib/FluidSystemComponents/Media/Examples/package.mo' (115)
2026-02-03 06:35:35: Copy Over 'C:/Users/grabacr/VPSsync/01-WorkspaceSync/modelica-shared/CustomLib/FluidSystemComponents/Media/Examples/package.order' -> 'sftp://os3-310-44666.vs.sakura.ne.jp/home/ubuntu/VPSsync/01-WorkspaceSync/modelica-shared/CustomLib/FluidSystemComponents/Media/Examples/package.order' (6)
2026-02-03 06:35:35: Copy New 'sftp://os3-310-44666.vs.sakura.ne.jp/home/ubuntu/VPSsync/01-WorkspaceSync/modelica-shared/CustomLib/FluidSystemComponents/Media/Examples/Test/ConstPropLiqWater_0K_5000K_test01.mo' -> 'C:/Users/grabacr/VPSsync/01-WorkspaceSync/modelica-shared/CustomLib/FluidSystemComponents/Media/Examples/Test/ConstPropLiqWater_0K_5000K_test01.mo' (3,516)
2026-02-03 06:35:35: Copy Over 'C:/Users/grabacr/VPSsync/01-WorkspaceSync/modelica-shared/CustomLib/FluidSystemComponents/MSLfluidWithVisualization/Sources/Boundary_pT.mo' -> 'sftp://os3-310-44666.vs.sakura.ne.jp/home/ubuntu/VPSsync/01-WorkspaceSync/modelica-shared/CustomLib/FluidSystemComponents/MSLfluidWithVisualization/Sources/Boundary_pT.mo' (957)
2026-02-03 06:35:35: Copy Over 'C:/Users/grabacr/VPSsync/01-WorkspaceSync/modelica-shared/CustomLib/FluidSystemComponents/Media/Examples/Test/HydrogenCoolProp_test01.mo' -> 'sftp://os3-310-44666.vs.sakura.ne.jp/home/ubuntu/VPSsync/01-WorkspaceSync/modelica-shared/CustomLib/FluidSystemComponents/Media/Examples/Test/HydrogenCoolProp_test01.mo' (772)
2026-02-03 06:35:35: Copy Over 'C:/Users/grabacr/VPSsync/01-WorkspaceSync/modelica-shared/CustomLib/FluidSystemComponents/Media/Examples/Test/HydrogenCoolProp_test00.bak-mo' -> 'sftp://os3-310-44666.vs.sakura.ne.jp/home/ubuntu/VPSsync/01-WorkspaceSync/modelica-shared/CustomLib/FluidSystemComponents/Media/Examples/Test/HydrogenCoolProp_test00.bak-mo' (759)
2026-02-03 06:35:35: Copy Over 'C:/Users/grabacr/VPSsync/01-WorkspaceSync/modelica-shared/CustomLib/FluidSystemComponents/Media/Examples/Test/HydrogenCoolProp_test02.mo' -> 'sftp://os3-310-44666.vs.sakura.ne.jp/home/ubuntu/VPSsync/01-WorkspaceSync/modelica-shared/CustomLib/FluidSystemComponents/Media/Examples/Test/HydrogenCoolProp_test02.mo' (5,215)
2026-02-03 06:35:36: Copy Over 'C:/Users/grabacr/VPSsync/01-WorkspaceSync/modelica-shared/CustomLib/FluidSystemComponents/Media/Examples/Test/IdealConstAirNASAGlenn.bak-mo' -> 'sftp://os3-310-44666.vs.sakura.ne.jp/home/ubuntu/VPSsync/01-WorkspaceSync/modelica-shared/CustomLib/FluidSystemComponents/Media/Examples/Test/IdealConstAirNASAGlenn.bak-mo' (159)
2026-02-03 06:35:36: Copy Over 'C:/Users/grabacr/VPSsync/01-WorkspaceSync/modelica-shared/CustomLib/FluidSystemComponents/Media/Examples/Test/IdealConstAirNASAGlenn_test01.mo' -> 'sftp://os3-310-44666.vs.sakura.ne.jp/home/ubuntu/VPSsync/01-WorkspaceSync/modelica-shared/CustomLib/FluidSystemComponents/Media/Examples/Test/IdealConstAirNASAGlenn_test01.mo' (3,545)
2026-02-03 06:35:36: Copy Over 'C:/Users/grabacr/VPSsync/01-WorkspaceSync/modelica-shared/CustomLib/FluidSystemComponents/Media/Examples/Test/NozzleFlowEquation_IdealConstAir_ex01.mo' -> 'sftp://os3-310-44666.vs.sakura.ne.jp/home/ubuntu/VPSsync/01-WorkspaceSync/modelica-shared/CustomLib/FluidSystemComponents/Media/Examples/Test/NozzleFlowEquation_IdealConstAir_ex01.mo' (4,637)
2026-02-03 06:35:36: Copy Over 'C:/Users/grabacr/VPSsync/01-WorkspaceSync/modelica-shared/CustomLib/FluidSystemComponents/Media/Examples/Test/package.mo' -> 'sftp://os3-310-44666.vs.sakura.ne.jp/home/ubuntu/VPSsync/01-WorkspaceSync/modelica-shared/CustomLib/FluidSystemComponents/Media/Examples/Test/package.mo' (116)
2026-02-03 06:35:36: Copy Over 'C:/Users/grabacr/VPSsync/01-WorkspaceSync/modelica-shared/CustomLib/FluidSystemComponents/Media/Examples/Test/NozzleFlowEquation_IdealConstAir_NoVol_ex01.mo' -> 'sftp://os3-310-44666.vs.sakura.ne.jp/home/ubuntu/VPSsync/01-WorkspaceSync/modelica-shared/CustomLib/FluidSystemComponents/Media/Examples/Test/NozzleFlowEquation_IdealConstAir_NoVol_ex01.mo' (3,181)
2026-02-03 06:35:36: Copy Over 'C:/Users/grabacr/VPSsync/01-WorkspaceSync/modelica-shared/CustomLib/FluidSystemComponents/Media/Examples/Test/package.order' -> 'sftp://os3-310-44666.vs.sakura.ne.jp/home/ubuntu/VPSsync/01-WorkspaceSync/modelica-shared/CustomLib/FluidSystemComponents/Media/Examples/Test/package.order' (165)
2026-02-03 06:35:36: Copy Over 'C:/Users/grabacr/VPSsync/01-WorkspaceSync/modelica-shared/CustomLib/FluidSystemComponents/MSLfluidWithVisualization/Sources/package.mo' -> 'sftp://os3-310-44666.vs.sakura.ne.jp/home/ubuntu/VPSsync/01-WorkspaceSync/modelica-shared/CustomLib/FluidSystemComponents/MSLfluidWithVisualization/Sources/package.mo' (132)
2026-02-03 06:35:36: Copy Over 'C:/Users/grabacr/VPSsync/01-WorkspaceSync/modelica-shared/CustomLib/FluidSystemComponents/MSLfluidWithVisualization/Sources/package.order' -> 'sftp://os3-310-44666.vs.sakura.ne.jp/home/ubuntu/VPSsync/01-WorkspaceSync/modelica-shared/CustomLib/FluidSystemComponents/MSLfluidWithVisualization/Sources/package.order' (26)
2026-02-03 06:35:36: Copy Over 'C:/Users/grabacr/VPSsync/01-WorkspaceSync/modelica-shared/CustomLib/FluidSystemComponents/MSLfluidWithVisualization/Vessels/ClosedVolume.mo' -> 'sftp://os3-310-44666.vs.sakura.ne.jp/home/ubuntu/VPSsync/01-WorkspaceSync/modelica-shared/CustomLib/FluidSystemComponents/MSLfluidWithVisualization/Vessels/ClosedVolume.mo' (962)
2026-02-03 06:35:36: Copy Over 'C:/Users/grabacr/VPSsync/01-WorkspaceSync/modelica-shared/CustomLib/FluidSystemComponents/MSLfluidWithVisualization/Vessels/BaseClasses/ClosedVolume_Vis_Base.bak-mo' -> 'sftp://os3-310-44666.vs.sakura.ne.jp/home/ubuntu/VPSsync/01-WorkspaceSync/modelica-shared/CustomLib/FluidSystemComponents/MSLfluidWithVisualization/Vessels/BaseClasses/ClosedVolume_Vis_Base.bak-mo' (1,760)
2026-02-03 06:35:36: Copy Over 'C:/Users/grabacr/VPSsync/01-WorkspaceSync/modelica-shared/CustomLib/FluidSystemComponents/MSLfluidWithVisualization/Vessels/BaseClasses/package.mo' -> 'sftp://os3-310-44666.vs.sakura.ne.jp/home/ubuntu/VPSsync/01-WorkspaceSync/modelica-shared/CustomLib/FluidSystemComponents/MSLfluidWithVisualization/Vessels/BaseClasses/package.mo' (146)
2026-02-03 06:35:36: Copy Over 'C:/Users/grabacr/VPSsync/01-WorkspaceSync/modelica-shared/CustomLib/FluidSystemComponents/MSLfluidWithVisualization/Vessels/BaseClasses/package.order' -> 'sftp://os3-310-44666.vs.sakura.ne.jp/home/ubuntu/VPSsync/01-WorkspaceSync/modelica-shared/CustomLib/FluidSystemComponents/MSLfluidWithVisualization/Vessels/BaseClasses/package.order' (0)
2026-02-03 06:35:37: Copy Over 'C:/Users/grabacr/VPSsync/01-WorkspaceSync/modelica-shared/CustomLib/FluidSystemComponents/MSLfluidWithVisualization/Vessels/OpenTank.mo' -> 'sftp://os3-310-44666.vs.sakura.ne.jp/home/ubuntu/VPSsync/01-WorkspaceSync/modelica-shared/CustomLib/FluidSystemComponents/MSLfluidWithVisualization/Vessels/OpenTank.mo' (1,431)
2026-02-03 06:35:37: Copy Over 'C:/Users/grabacr/VPSsync/01-WorkspaceSync/modelica-shared/CustomLib/FluidSystemComponents/MSLfluidWithVisualization/Vessels/Examples/ClosedVolume_ex01.mo' -> 'sftp://os3-310-44666.vs.sakura.ne.jp/home/ubuntu/VPSsync/01-WorkspaceSync/modelica-shared/CustomLib/FluidSystemComponents/MSLfluidWithVisualization/Vessels/Examples/ClosedVolume_ex01.mo' (2,675)
2026-02-03 06:35:37: Copy Over 'C:/Users/grabacr/VPSsync/01-WorkspaceSync/modelica-shared/CustomLib/FluidSystemComponents/MSLfluidWithVisualization/Vessels/Examples/OpenTank_ex01.mo' -> 'sftp://os3-310-44666.vs.sakura.ne.jp/home/ubuntu/VPSsync/01-WorkspaceSync/modelica-shared/CustomLib/FluidSystemComponents/MSLfluidWithVisualization/Vessels/Examples/OpenTank_ex01.mo' (4,746)
2026-02-03 06:35:37: Copy Over 'C:/Users/grabacr/VPSsync/01-WorkspaceSync/modelica-shared/CustomLib/FluidSystemComponents/MSLfluidWithVisualization/Vessels/Examples/package.order' -> 'sftp://os3-310-44666.vs.sakura.ne.jp/home/ubuntu/VPSsync/01-WorkspaceSync/modelica-shared/CustomLib/FluidSystemComponents/MSLfluidWithVisualization/Vessels/Examples/package.order' (34)
2026-02-03 06:35:37: Copy Over 'C:/Users/grabacr/VPSsync/01-WorkspaceSync/modelica-shared/CustomLib/FluidSystemComponents/MSLfluidWithVisualization/Vessels/Examples/package.mo' -> 'sftp://os3-310-44666.vs.sakura.ne.jp/home/ubuntu/VPSsync/01-WorkspaceSync/modelica-shared/CustomLib/FluidSystemComponents/MSLfluidWithVisualization/Vessels/Examples/package.mo' (143)
2026-02-03 06:35:37: Create Folder C:/Users/grabacr/VPSsync/01-WorkspaceSync/modelica-shared/CustomLib/FluidSystemComponents/Media/Liquid
2026-02-03 06:35:37: Copy Over 'C:/Users/grabacr/VPSsync/01-WorkspaceSync/modelica-shared/CustomLib/FluidSystemComponents/MSLfluidWithVisualization/Vessels/package.mo' -> 'sftp://os3-310-44666.vs.sakura.ne.jp/home/ubuntu/VPSsync/01-WorkspaceSync/modelica-shared/CustomLib/FluidSystemComponents/MSLfluidWithVisualization/Vessels/package.mo' (133)
2026-02-03 06:35:37: Copy New 'sftp://os3-310-44666.vs.sakura.ne.jp/home/ubuntu/VPSsync/01-WorkspaceSync/modelica-shared/CustomLib/FluidSystemComponents/Media/Liquid/ConstantPropertyLiquidWater_0K_5000K.mo' -> 'C:/Users/grabacr/VPSsync/01-WorkspaceSync/modelica-shared/CustomLib/FluidSystemComponents/Media/Liquid/ConstantPropertyLiquidWater_0K_5000K.mo' (962)
2026-02-03 06:35:37: Copy Over 'C:/Users/grabacr/VPSsync/01-WorkspaceSync/modelica-shared/CustomLib/FluidSystemComponents/MSLfluidWithVisualization/Vessels/package.order' -> 'sftp://os3-310-44666.vs.sakura.ne.jp/home/ubuntu/VPSsync/01-WorkspaceSync/modelica-shared/CustomLib/FluidSystemComponents/MSLfluidWithVisualization/Vessels/package.order' (47)
2026-02-03 06:35:37: Copy Over 'C:/Users/grabacr/VPSsync/01-WorkspaceSync/modelica-shared/CustomLib/FluidSystemComponents/Media/HydrogenCoolProp/package.bak-mo' -> 'sftp://os3-310-44666.vs.sakura.ne.jp/home/ubuntu/VPSsync/01-WorkspaceSync/modelica-shared/CustomLib/FluidSystemComponents/Media/HydrogenCoolProp/package.bak-mo' (324)
2026-02-03 06:35:37: Copy New 'sftp://os3-310-44666.vs.sakura.ne.jp/home/ubuntu/VPSsync/01-WorkspaceSync/modelica-shared/CustomLib/FluidSystemComponents/Media/Liquid/package.mo' -> 'C:/Users/grabacr/VPSsync/01-WorkspaceSync/modelica-shared/CustomLib/FluidSystemComponents/Media/Liquid/package.mo' (105)
2026-02-03 06:35:37: Copy New 'sftp://os3-310-44666.vs.sakura.ne.jp/home/ubuntu/VPSsync/01-WorkspaceSync/modelica-shared/CustomLib/FluidSystemComponents/Media/Liquid/package.order' -> 'C:/Users/grabacr/VPSsync/01-WorkspaceSync/modelica-shared/CustomLib/FluidSystemComponents/Media/Liquid/package.order' (0)
2026-02-03 06:35:37: Copy Over 'C:/Users/grabacr/VPSsync/01-WorkspaceSync/modelica-shared/CustomLib/FluidSystemComponents/Media/HydrogenCoolProp/package.order' -> 'sftp://os3-310-44666.vs.sakura.ne.jp/home/ubuntu/VPSsync/01-WorkspaceSync/modelica-shared/CustomLib/FluidSystemComponents/Media/HydrogenCoolProp/package.order' (0)
2026-02-03 06:35:37: Copy Over 'C:/Users/grabacr/VPSsync/01-WorkspaceSync/modelica-shared/CustomLib/FluidSystemComponents/Media/Mixture_N2O2/package.bak-mo' -> 'sftp://os3-310-44666.vs.sakura.ne.jp/home/ubuntu/VPSsync/01-WorkspaceSync/modelica-shared/CustomLib/FluidSystemComponents/Media/Mixture_N2O2/package.bak-mo' (507)
2026-02-03 06:35:37: Copy Over 'C:/Users/grabacr/VPSsync/01-WorkspaceSync/modelica-shared/CustomLib/FluidSystemComponents/Media/Mixture_N2O2/package.order' -> 'sftp://os3-310-44666.vs.sakura.ne.jp/home/ubuntu/VPSsync/01-WorkspaceSync/modelica-shared/CustomLib/FluidSystemComponents/Media/Mixture_N2O2/package.order' (0)
2026-02-03 06:35:38: Copy Over 'C:/Users/grabacr/VPSsync/01-WorkspaceSync/modelica-shared/CustomLib/FluidSystemComponents/Media/package.mo' -> 'sftp://os3-310-44666.vs.sakura.ne.jp/home/ubuntu/VPSsync/01-WorkspaceSync/modelica-shared/CustomLib/FluidSystemComponents/Media/package.mo' (95)
2026-02-03 06:35:38: Copy Over 'C:/Users/grabacr/VPSsync/01-WorkspaceSync/modelica-shared/CustomLib/FluidSystemComponents/Media/MixtureGas/package.mo' -> 'sftp://os3-310-44666.vs.sakura.ne.jp/home/ubuntu/VPSsync/01-WorkspaceSync/modelica-shared/CustomLib/FluidSystemComponents/Media/MixtureGas/package.mo' (119)
2026-02-03 06:35:38: Copy Over 'C:/Users/grabacr/VPSsync/01-WorkspaceSync/modelica-shared/CustomLib/FluidSystemComponents/Media/MixtureGas/Mixture_N2O2/package.mo' -> 'sftp://os3-310-44666.vs.sakura.ne.jp/home/ubuntu/VPSsync/01-WorkspaceSync/modelica-shared/CustomLib/FluidSystemComponents/Media/MixtureGas/Mixture_N2O2/package.mo' (518)
2026-02-03 06:35:38: Copy Over 'C:/Users/grabacr/VPSsync/01-WorkspaceSync/modelica-shared/CustomLib/FluidSystemComponents/Media/MixtureGas/Mixture_N2O2/package.order' -> 'sftp://os3-310-44666.vs.sakura.ne.jp/home/ubuntu/VPSsync/01-WorkspaceSync/modelica-shared/CustomLib/FluidSystemComponents/Media/MixtureGas/Mixture_N2O2/package.order' (0)
2026-02-03 06:35:38: Copy Over 'C:/Users/grabacr/VPSsync/01-WorkspaceSync/modelica-shared/CustomLib/FluidSystemComponents/Media/MixtureGas/package.order' -> 'sftp://os3-310-44666.vs.sakura.ne.jp/home/ubuntu/VPSsync/01-WorkspaceSync/modelica-shared/CustomLib/FluidSystemComponents/Media/MixtureGas/package.order' (14)
2026-02-03 06:35:38: Copy Over 'C:/Users/grabacr/VPSsync/01-WorkspaceSync/modelica-shared/CustomLib/FluidSystemComponents/Media/package.order' -> 'sftp://os3-310-44666.vs.sakura.ne.jp/home/ubuntu/VPSsync/01-WorkspaceSync/modelica-shared/CustomLib/FluidSystemComponents/Media/package.order' (43)
2026-02-03 06:35:38: Copy Over 'C:/Users/grabacr/VPSsync/01-WorkspaceSync/modelica-shared/CustomLib/FluidSystemComponents/package.mo' -> 'sftp://os3-310-44666.vs.sakura.ne.jp/home/ubuntu/VPSsync/01-WorkspaceSync/modelica-shared/CustomLib/FluidSystemComponents/package.mo' (58,539)
2026-02-03 06:35:38: Copy Over 'C:/Users/grabacr/VPSsync/01-WorkspaceSync/modelica-shared/CustomLib/FluidSystemComponents/Media/SingleGas/FluidData/IdealConstAirNASAGlennModel/package.mo' -> 'sftp://os3-310-44666.vs.sakura.ne.jp/home/ubuntu/VPSsync/01-WorkspaceSync/modelica-shared/CustomLib/FluidSystemComponents/Media/SingleGas/FluidData/IdealConstAirNASAGlennModel/package.mo' (1,238)
2026-02-03 06:35:38: Copy Over 'C:/Users/grabacr/VPSsync/01-WorkspaceSync/modelica-shared/CustomLib/FluidSystemComponents/Media/SingleGas/Data/IdealConstAirNASAGlennModel/package.mo' -> 'sftp://os3-310-44666.vs.sakura.ne.jp/home/ubuntu/VPSsync/01-WorkspaceSync/modelica-shared/CustomLib/FluidSystemComponents/Media/SingleGas/Data/IdealConstAirNASAGlennModel/package.mo' (1,180)
2026-02-03 06:35:38: Copy Over 'C:/Users/grabacr/VPSsync/01-WorkspaceSync/modelica-shared/CustomLib/FluidSystemComponents/Media/SingleGas/FluidData/IdealConstAirNASAGlennModel/package.order' -> 'sftp://os3-310-44666.vs.sakura.ne.jp/home/ubuntu/VPSsync/01-WorkspaceSync/modelica-shared/CustomLib/FluidSystemComponents/Media/SingleGas/FluidData/IdealConstAirNASAGlennModel/package.order' (15)
2026-02-03 06:35:38: Copy Over 'C:/Users/grabacr/VPSsync/01-WorkspaceSync/modelica-shared/CustomLib/FluidSystemComponents/Media/SingleGas/Data/IdealConstAirNASAGlennModel/package.order' -> 'sftp://os3-310-44666.vs.sakura.ne.jp/home/ubuntu/VPSsync/01-WorkspaceSync/modelica-shared/CustomLib/FluidSystemComponents/Media/SingleGas/Data/IdealConstAirNASAGlennModel/package.order' (4)
2026-02-03 06:35:38: Copy Over 'C:/Users/grabacr/VPSsync/01-WorkspaceSync/modelica-shared/CustomLib/FluidSystemComponents/Media/SingleGas/FluidData/package.mo' -> 'sftp://os3-310-44666.vs.sakura.ne.jp/home/ubuntu/VPSsync/01-WorkspaceSync/modelica-shared/CustomLib/FluidSystemComponents/Media/SingleGas/FluidData/package.mo' (127)
2026-02-03 06:35:38: Copy Over 'C:/Users/grabacr/VPSsync/01-WorkspaceSync/modelica-shared/CustomLib/FluidSystemComponents/Media/SingleGas/FluidData/package.order' -> 'sftp://os3-310-44666.vs.sakura.ne.jp/home/ubuntu/VPSsync/01-WorkspaceSync/modelica-shared/CustomLib/FluidSystemComponents/Media/SingleGas/FluidData/package.order' (29)
2026-02-03 06:35:39: Copy Over 'C:/Users/grabacr/VPSsync/01-WorkspaceSync/modelica-shared/CustomLib/FluidSystemComponents/Media/SingleGas/Data/package.bak-mo' -> 'sftp://os3-310-44666.vs.sakura.ne.jp/home/ubuntu/VPSsync/01-WorkspaceSync/modelica-shared/CustomLib/FluidSystemComponents/Media/SingleGas/Data/package.bak-mo' (117)
2026-02-03 06:35:39: Copy Over 'C:/Users/grabacr/VPSsync/01-WorkspaceSync/modelica-shared/CustomLib/FluidSystemComponents/Media/SingleGas/Data/package.order' -> 'sftp://os3-310-44666.vs.sakura.ne.jp/home/ubuntu/VPSsync/01-WorkspaceSync/modelica-shared/CustomLib/FluidSystemComponents/Media/SingleGas/Data/package.order' (29)
2026-02-03 06:35:39: Copy Over 'C:/Users/grabacr/VPSsync/01-WorkspaceSync/modelica-shared/CustomLib/FluidSystemComponents/Media/SingleGas/GasDataNASAGlennModel/package.bak-mo' -> 'sftp://os3-310-44666.vs.sakura.ne.jp/home/ubuntu/VPSsync/01-WorkspaceSync/modelica-shared/CustomLib/FluidSystemComponents/Media/SingleGas/GasDataNASAGlennModel/package.bak-mo' (719)
2026-02-03 06:35:39: Copy Over 'C:/Users/grabacr/VPSsync/01-WorkspaceSync/modelica-shared/CustomLib/FluidSystemComponents/Media/SingleGas/IdealConstAirNASAGlennModel/package.order' -> 'sftp://os3-310-44666.vs.sakura.ne.jp/home/ubuntu/VPSsync/01-WorkspaceSync/modelica-shared/CustomLib/FluidSystemComponents/Media/SingleGas/IdealConstAirNASAGlennModel/package.order' (0)
2026-02-03 06:35:39: Copy Over 'C:/Users/grabacr/VPSsync/01-WorkspaceSync/modelica-shared/CustomLib/FluidSystemComponents/Media/SingleGas/IdealConstAirNASAGlennModel/package.mo' -> 'sftp://os3-310-44666.vs.sakura.ne.jp/home/ubuntu/VPSsync/01-WorkspaceSync/modelica-shared/CustomLib/FluidSystemComponents/Media/SingleGas/IdealConstAirNASAGlennModel/package.mo' (441)
2026-02-03 06:35:39: Copy Over 'C:/Users/grabacr/VPSsync/01-WorkspaceSync/modelica-shared/CustomLib/FluidSystemComponents/Media/SingleGas/GasDataNASAGlennModel/package.order' -> 'sftp://os3-310-44666.vs.sakura.ne.jp/home/ubuntu/VPSsync/01-WorkspaceSync/modelica-shared/CustomLib/FluidSystemComponents/Media/SingleGas/GasDataNASAGlennModel/package.order' (4)
2026-02-03 06:35:39: Copy Over 'C:/Users/grabacr/VPSsync/01-WorkspaceSync/modelica-shared/CustomLib/FluidSystemComponents/Media/SingleGas/package.mo' -> 'sftp://os3-310-44666.vs.sakura.ne.jp/home/ubuntu/VPSsync/01-WorkspaceSync/modelica-shared/CustomLib/FluidSystemComponents/Media/SingleGas/package.mo' (117)
2026-02-03 06:35:39: Copy Over 'C:/Users/grabacr/VPSsync/01-WorkspaceSync/modelica-shared/CustomLib/FluidSystemComponents/Media/SingleGas/package.order' -> 'sftp://os3-310-44666.vs.sakura.ne.jp/home/ubuntu/VPSsync/01-WorkspaceSync/modelica-shared/CustomLib/FluidSystemComponents/Media/SingleGas/package.order' (60)
2026-02-03 06:35:39: Copy Over 'C:/Users/grabacr/VPSsync/01-WorkspaceSync/modelica-shared/CustomLib/FluidSystemComponents/package.order' -> 'sftp://os3-310-44666.vs.sakura.ne.jp/home/ubuntu/VPSsync/01-WorkspaceSync/modelica-shared/CustomLib/FluidSystemComponents/package.order' (175)
2026-02-03 06:35:39: Copy Over 'C:/Users/grabacr/VPSsync/01-WorkspaceSync/modelica-shared/CustomLib/FluidSystemComponents/Media/SingleGas/ThermoPropertyData/package.mo' -> 'sftp://os3-310-44666.vs.sakura.ne.jp/home/ubuntu/VPSsync/01-WorkspaceSync/modelica-shared/CustomLib/FluidSystemComponents/Media/SingleGas/ThermoPropertyData/package.mo' (145)
2026-02-03 06:35:39: Copy Over 'C:/Users/grabacr/VPSsync/01-WorkspaceSync/modelica-shared/CustomLib/FluidSystemComponents/Media/SingleGas/ThermoPropertyData/package.order' -> 'sftp://os3-310-44666.vs.sakura.ne.jp/home/ubuntu/VPSsync/01-WorkspaceSync/modelica-shared/CustomLib/FluidSystemComponents/Media/SingleGas/ThermoPropertyData/package.order' (29)
2026-02-03 06:35:39: Copy Over 'C:/Users/grabacr/VPSsync/01-WorkspaceSync/modelica-shared/CustomLib/FluidSystemComponents/Media/SingleGas/ThermoPropertyData/IdealConstAirNASAGlennModel/package.mo' -> 'sftp://os3-310-44666.vs.sakura.ne.jp/home/ubuntu/VPSsync/01-WorkspaceSync/modelica-shared/CustomLib/FluidSystemComponents/Media/SingleGas/ThermoPropertyData/IdealConstAirNASAGlennModel/package.mo' (481)
2026-02-03 06:35:40: Copy Over 'C:/Users/grabacr/VPSsync/01-WorkspaceSync/modelica-shared/CustomLib/FluidSystemComponents/Media/SingleGas/ThermoPropertyData/IdealConstAirNASAGlennModel/package.order' -> 'sftp://os3-310-44666.vs.sakura.ne.jp/home/ubuntu/VPSsync/01-WorkspaceSync/modelica-shared/CustomLib/FluidSystemComponents/Media/SingleGas/ThermoPropertyData/IdealConstAirNASAGlennModel/package.order' (15)
2026-02-03 06:35:40: Copy Over 'C:/Users/grabacr/VPSsync/01-WorkspaceSync/modelica-shared/CustomLib/FluidSystemComponents/README.md' -> 'sftp://os3-310-44666.vs.sakura.ne.jp/home/ubuntu/VPSsync/01-WorkspaceSync/modelica-shared/CustomLib/FluidSystemComponents/README.md' (1,332)
2026-02-03 06:35:40: Copy Over 'C:/Users/grabacr/VPSsync/01-WorkspaceSync/modelica-shared/CustomLib/FluidSystemComponents/Sensor/DispColorContour00.bak-mo' -> 'sftp://os3-310-44666.vs.sakura.ne.jp/home/ubuntu/VPSsync/01-WorkspaceSync/modelica-shared/CustomLib/FluidSystemComponents/Sensor/DispColorContour00.bak-mo' (1,563)
2026-02-03 06:35:40: Copy Over 'C:/Users/grabacr/VPSsync/01-WorkspaceSync/modelica-shared/CustomLib/FluidSystemComponents/Sources/Boundary_ph_colorP.mo' -> 'sftp://os3-310-44666.vs.sakura.ne.jp/home/ubuntu/VPSsync/01-WorkspaceSync/modelica-shared/CustomLib/FluidSystemComponents/Sources/Boundary_ph_colorP.mo' (1,649)
2026-02-03 06:35:40: Copy Over 'C:/Users/grabacr/VPSsync/01-WorkspaceSync/modelica-shared/CustomLib/FluidSystemComponents/Sources/Boundary_pT_colorP.mo' -> 'sftp://os3-310-44666.vs.sakura.ne.jp/home/ubuntu/VPSsync/01-WorkspaceSync/modelica-shared/CustomLib/FluidSystemComponents/Sources/Boundary_pT_colorP.mo' (1,689)
2026-02-03 06:35:40: Copy Over 'C:/Users/grabacr/VPSsync/01-WorkspaceSync/modelica-shared/CustomLib/FluidSystemComponents/Sources/Boundary_StatpTMn.mo' -> 'sftp://os3-310-44666.vs.sakura.ne.jp/home/ubuntu/VPSsync/01-WorkspaceSync/modelica-shared/CustomLib/FluidSystemComponents/Sources/Boundary_StatpTMn.mo' (4,454)
2026-02-03 06:35:40: Copy Over 'C:/Users/grabacr/VPSsync/01-WorkspaceSync/modelica-shared/CustomLib/FluidSystemComponents/Sources/MassFlowSource_StatTMn.mo' -> 'sftp://os3-310-44666.vs.sakura.ne.jp/home/ubuntu/VPSsync/01-WorkspaceSync/modelica-shared/CustomLib/FluidSystemComponents/Sources/MassFlowSource_StatTMn.mo' (5,026)
2026-02-03 06:35:40: Copy Over 'C:/Users/grabacr/VPSsync/01-WorkspaceSync/modelica-shared/CustomLib/FluidSystemComponents/Sources/Examples/Boundary_StatpTMn_ex01.mo' -> 'sftp://os3-310-44666.vs.sakura.ne.jp/home/ubuntu/VPSsync/01-WorkspaceSync/modelica-shared/CustomLib/FluidSystemComponents/Sources/Examples/Boundary_StatpTMn_ex01.mo' (233)
2026-02-03 06:35:40: Copy Over 'C:/Users/grabacr/VPSsync/01-WorkspaceSync/modelica-shared/CustomLib/FluidSystemComponents/Sources/Examples/MassFlowSource_T_ex01.mo' -> 'sftp://os3-310-44666.vs.sakura.ne.jp/home/ubuntu/VPSsync/01-WorkspaceSync/modelica-shared/CustomLib/FluidSystemComponents/Sources/Examples/MassFlowSource_T_ex01.mo' (4,662)
2026-02-03 06:35:40: Copy Over 'C:/Users/grabacr/VPSsync/01-WorkspaceSync/modelica-shared/CustomLib/FluidSystemComponents/Sources/Examples/package.mo' -> 'sftp://os3-310-44666.vs.sakura.ne.jp/home/ubuntu/VPSsync/01-WorkspaceSync/modelica-shared/CustomLib/FluidSystemComponents/Sources/Examples/package.mo' (117)
2026-02-03 06:35:40: Copy Over 'C:/Users/grabacr/VPSsync/01-WorkspaceSync/modelica-shared/CustomLib/FluidSystemComponents/Sources/Examples/package.order' -> 'sftp://os3-310-44666.vs.sakura.ne.jp/home/ubuntu/VPSsync/01-WorkspaceSync/modelica-shared/CustomLib/FluidSystemComponents/Sources/Examples/package.order' (72)
2026-02-03 06:35:41: Copy Over 'C:/Users/grabacr/VPSsync/01-WorkspaceSync/modelica-shared/CustomLib/FluidSystemComponents/Sources/Examples/VolumeFlowSource_T_ex01.mo' -> 'sftp://os3-310-44666.vs.sakura.ne.jp/home/ubuntu/VPSsync/01-WorkspaceSync/modelica-shared/CustomLib/FluidSystemComponents/Sources/Examples/VolumeFlowSource_T_ex01.mo' (7,223)
2026-02-03 06:35:41: Copy Over 'C:/Users/grabacr/VPSsync/01-WorkspaceSync/modelica-shared/CustomLib/FluidSystemComponents/Sources/MassFlowSource_T.mo' -> 'sftp://os3-310-44666.vs.sakura.ne.jp/home/ubuntu/VPSsync/01-WorkspaceSync/modelica-shared/CustomLib/FluidSystemComponents/Sources/MassFlowSource_T.mo' (1,266)
2026-02-03 06:35:41: Copy Over 'C:/Users/grabacr/VPSsync/01-WorkspaceSync/modelica-shared/CustomLib/FluidSystemComponents/Sources/package.mo' -> 'sftp://os3-310-44666.vs.sakura.ne.jp/home/ubuntu/VPSsync/01-WorkspaceSync/modelica-shared/CustomLib/FluidSystemComponents/Sources/package.mo' (106)
2026-02-03 06:35:41: Copy Over 'C:/Users/grabacr/VPSsync/01-WorkspaceSync/modelica-shared/CustomLib/FluidSystemComponents/Sources/package.order' -> 'sftp://os3-310-44666.vs.sakura.ne.jp/home/ubuntu/VPSsync/01-WorkspaceSync/modelica-shared/CustomLib/FluidSystemComponents/Sources/package.order' (148)
2026-02-03 06:35:41: Copy Over 'C:/Users/grabacr/VPSsync/01-WorkspaceSync/modelica-shared/CustomLib/FluidSystemComponents/Sources/Sink_FlowWithMn.mo' -> 'sftp://os3-310-44666.vs.sakura.ne.jp/home/ubuntu/VPSsync/01-WorkspaceSync/modelica-shared/CustomLib/FluidSystemComponents/Sources/Sink_FlowWithMn.mo' (98)
2026-02-03 06:35:41: Copy Over 'C:/Users/grabacr/VPSsync/01-WorkspaceSync/modelica-shared/CustomLib/FluidSystemComponents/Sources/VolumeFlowSource_T.mo' -> 'sftp://os3-310-44666.vs.sakura.ne.jp/home/ubuntu/VPSsync/01-WorkspaceSync/modelica-shared/CustomLib/FluidSystemComponents/Sources/VolumeFlowSource_T.mo' (5,610)
2026-02-03 06:35:41: Copy Over 'C:/Users/grabacr/VPSsync/01-WorkspaceSync/modelica-shared/CustomLib/FluidSystemComponents/Sensor/DispColorGrad00.bak-mo' -> 'sftp://os3-310-44666.vs.sakura.ne.jp/home/ubuntu/VPSsync/01-WorkspaceSync/modelica-shared/CustomLib/FluidSystemComponents/Sensor/DispColorGrad00.bak-mo' (1,557)
2026-02-03 06:35:41: Copy Over 'C:/Users/grabacr/VPSsync/01-WorkspaceSync/modelica-shared/CustomLib/FluidSystemComponents/Sensor/DispColorGrad00.mo' -> 'sftp://os3-310-44666.vs.sakura.ne.jp/home/ubuntu/VPSsync/01-WorkspaceSync/modelica-shared/CustomLib/FluidSystemComponents/Sensor/DispColorGrad00.mo' (1,811)
2026-02-03 06:35:41: Copy Over 'C:/Users/grabacr/VPSsync/01-WorkspaceSync/modelica-shared/CustomLib/FluidSystemComponents/Sensor/Examples/DispColorGrad00_ex01.bak-mo' -> 'sftp://os3-310-44666.vs.sakura.ne.jp/home/ubuntu/VPSsync/01-WorkspaceSync/modelica-shared/CustomLib/FluidSystemComponents/Sensor/Examples/DispColorGrad00_ex01.bak-mo' (743)
2026-02-03 06:35:41: Copy Over 'C:/Users/grabacr/VPSsync/01-WorkspaceSync/modelica-shared/CustomLib/FluidSystemComponents/Sensor/icons/package.mo' -> 'sftp://os3-310-44666.vs.sakura.ne.jp/home/ubuntu/VPSsync/01-WorkspaceSync/modelica-shared/CustomLib/FluidSystemComponents/Sensor/icons/package.mo' (107)
2026-02-03 06:35:41: Copy Over 'C:/Users/grabacr/VPSsync/01-WorkspaceSync/modelica-shared/CustomLib/FluidSystemComponents/Sensor/icons/package.order' -> 'sftp://os3-310-44666.vs.sakura.ne.jp/home/ubuntu/VPSsync/01-WorkspaceSync/modelica-shared/CustomLib/FluidSystemComponents/Sensor/icons/package.order' (14)
2026-02-03 06:35:42: Copy Over 'C:/Users/grabacr/VPSsync/01-WorkspaceSync/modelica-shared/CustomLib/FluidSystemComponents/Sensor/icons/SensorFlow1d.mo' -> 'sftp://os3-310-44666.vs.sakura.ne.jp/home/ubuntu/VPSsync/01-WorkspaceSync/modelica-shared/CustomLib/FluidSystemComponents/Sensor/icons/SensorFlow1d.mo' (1,121)
2026-02-03 06:35:42: Copy Over 'C:/Users/grabacr/VPSsync/01-WorkspaceSync/modelica-shared/CustomLib/FluidSystemComponents/Sensor/Examples/MassFlowDispByRef00_ex01.bak-mo' -> 'sftp://os3-310-44666.vs.sakura.ne.jp/home/ubuntu/VPSsync/01-WorkspaceSync/modelica-shared/CustomLib/FluidSystemComponents/Sensor/Examples/MassFlowDispByRef00_ex01.bak-mo' (4,080)
2026-02-03 06:35:42: Copy Over 'C:/Users/grabacr/VPSsync/01-WorkspaceSync/modelica-shared/CustomLib/FluidSystemComponents/Sensor/Examples/MassFlowDispDat00_ex01.bak-mo' -> 'sftp://os3-310-44666.vs.sakura.ne.jp/home/ubuntu/VPSsync/01-WorkspaceSync/modelica-shared/CustomLib/FluidSystemComponents/Sensor/Examples/MassFlowDispDat00_ex01.bak-mo' (4,073)
2026-02-03 06:35:42: Copy Over 'C:/Users/grabacr/VPSsync/01-WorkspaceSync/modelica-shared/CustomLib/FluidSystemComponents/Sensor/Examples/MassFractionsArray_ex01.mo' -> 'sftp://os3-310-44666.vs.sakura.ne.jp/home/ubuntu/VPSsync/01-WorkspaceSync/modelica-shared/CustomLib/FluidSystemComponents/Sensor/Examples/MassFractionsArray_ex01.mo' (3,161)
2026-02-03 06:35:42: Copy Over 'C:/Users/grabacr/VPSsync/01-WorkspaceSync/modelica-shared/CustomLib/FluidSystemComponents/Sensor/Examples/package.mo' -> 'sftp://os3-310-44666.vs.sakura.ne.jp/home/ubuntu/VPSsync/01-WorkspaceSync/modelica-shared/CustomLib/FluidSystemComponents/Sensor/Examples/package.mo' (116)
2026-02-03 06:35:42: Copy Over 'C:/Users/grabacr/VPSsync/01-WorkspaceSync/modelica-shared/CustomLib/FluidSystemComponents/Sensor/Examples/package.order' -> 'sftp://os3-310-44666.vs.sakura.ne.jp/home/ubuntu/VPSsync/01-WorkspaceSync/modelica-shared/CustomLib/FluidSystemComponents/Sensor/Examples/package.order' (134)
2026-02-03 06:35:42: Copy Over 'C:/Users/grabacr/VPSsync/01-WorkspaceSync/modelica-shared/CustomLib/FluidSystemComponents/Sensor/Examples/SpecificHeatCapacity_ex01.mo' -> 'sftp://os3-310-44666.vs.sakura.ne.jp/home/ubuntu/VPSsync/01-WorkspaceSync/modelica-shared/CustomLib/FluidSystemComponents/Sensor/Examples/SpecificHeatCapacity_ex01.mo' (3,175)
2026-02-03 06:35:42: Copy Over 'C:/Users/grabacr/VPSsync/01-WorkspaceSync/modelica-shared/CustomLib/FluidSystemComponents/Sensor/Examples/StaticPressureTwoPort_ex01.mo' -> 'sftp://os3-310-44666.vs.sakura.ne.jp/home/ubuntu/VPSsync/01-WorkspaceSync/modelica-shared/CustomLib/FluidSystemComponents/Sensor/Examples/StaticPressureTwoPort_ex01.mo' (3,205)
2026-02-03 06:35:42: Copy Over 'C:/Users/grabacr/VPSsync/01-WorkspaceSync/modelica-shared/CustomLib/FluidSystemComponents/Sensor/Examples/StaticStatesTwoPort01_ex01.mo' -> 'sftp://os3-310-44666.vs.sakura.ne.jp/home/ubuntu/VPSsync/01-WorkspaceSync/modelica-shared/CustomLib/FluidSystemComponents/Sensor/Examples/StaticStatesTwoPort01_ex01.mo' (3,422)
2026-02-03 06:35:42: Copy Over 'C:/Users/grabacr/VPSsync/01-WorkspaceSync/modelica-shared/CustomLib/FluidSystemComponents/Sensor/Examples/StaticStatesTwoPort_ex01.mo' -> 'sftp://os3-310-44666.vs.sakura.ne.jp/home/ubuntu/VPSsync/01-WorkspaceSync/modelica-shared/CustomLib/FluidSystemComponents/Sensor/Examples/StaticStatesTwoPort_ex01.mo' (3,757)
2026-02-03 06:35:42: Copy Over 'C:/Users/grabacr/VPSsync/01-WorkspaceSync/modelica-shared/CustomLib/FluidSystemComponents/Sensor/MassFlowDispByRef00.bak-mo' -> 'sftp://os3-310-44666.vs.sakura.ne.jp/home/ubuntu/VPSsync/01-WorkspaceSync/modelica-shared/CustomLib/FluidSystemComponents/Sensor/MassFlowDispByRef00.bak-mo' (2,227)
2026-02-03 06:35:42: Copy Over 'C:/Users/grabacr/VPSsync/01-WorkspaceSync/modelica-shared/CustomLib/FluidSystemComponents/Sensor/MassFlowDispDat00.bak-mo' -> 'sftp://os3-310-44666.vs.sakura.ne.jp/home/ubuntu/VPSsync/01-WorkspaceSync/modelica-shared/CustomLib/FluidSystemComponents/Sensor/MassFlowDispDat00.bak-mo' (2,596)
2026-02-03 06:35:43: Copy Over 'C:/Users/grabacr/VPSsync/01-WorkspaceSync/modelica-shared/CustomLib/FluidSystemComponents/Sensor/MassFractionsArray.mo' -> 'sftp://os3-310-44666.vs.sakura.ne.jp/home/ubuntu/VPSsync/01-WorkspaceSync/modelica-shared/CustomLib/FluidSystemComponents/Sensor/MassFractionsArray.mo' (1,072)
2026-02-03 06:35:43: Copy Over 'C:/Users/grabacr/VPSsync/01-WorkspaceSync/modelica-shared/CustomLib/FluidSystemComponents/Sensor/Monitor_MassFlow.mo' -> 'sftp://os3-310-44666.vs.sakura.ne.jp/home/ubuntu/VPSsync/01-WorkspaceSync/modelica-shared/CustomLib/FluidSystemComponents/Sensor/Monitor_MassFlow.mo' (1,697)
2026-02-03 06:35:43: Copy Over 'C:/Users/grabacr/VPSsync/01-WorkspaceSync/modelica-shared/CustomLib/FluidSystemComponents/Sensor/Monitor_p_kPa.mo' -> 'sftp://os3-310-44666.vs.sakura.ne.jp/home/ubuntu/VPSsync/01-WorkspaceSync/modelica-shared/CustomLib/FluidSystemComponents/Sensor/Monitor_p_kPa.mo' (357)
2026-02-03 06:35:43: Copy Over 'C:/Users/grabacr/VPSsync/01-WorkspaceSync/modelica-shared/CustomLib/FluidSystemComponents/Sensor/Monitor_p_kPa_T_K.mo' -> 'sftp://os3-310-44666.vs.sakura.ne.jp/home/ubuntu/VPSsync/01-WorkspaceSync/modelica-shared/CustomLib/FluidSystemComponents/Sensor/Monitor_p_kPa_T_K.mo' (3,163)
2026-02-03 06:35:43: Copy Over 'C:/Users/grabacr/VPSsync/01-WorkspaceSync/modelica-shared/CustomLib/FluidSystemComponents/Sensor/MonitorMassFlow00.mo' -> 'sftp://os3-310-44666.vs.sakura.ne.jp/home/ubuntu/VPSsync/01-WorkspaceSync/modelica-shared/CustomLib/FluidSystemComponents/Sensor/MonitorMassFlow00.mo' (2,786)
2026-02-03 06:35:43: Copy Over 'C:/Users/grabacr/VPSsync/01-WorkspaceSync/modelica-shared/CustomLib/FluidSystemComponents/Sensor/MonitorPT.bak-mo' -> 'sftp://os3-310-44666.vs.sakura.ne.jp/home/ubuntu/VPSsync/01-WorkspaceSync/modelica-shared/CustomLib/FluidSystemComponents/Sensor/MonitorPT.bak-mo' (2,497)
2026-02-03 06:35:43: Copy Over 'C:/Users/grabacr/VPSsync/01-WorkspaceSync/modelica-shared/CustomLib/FluidSystemComponents/Sensor/package.mo' -> 'sftp://os3-310-44666.vs.sakura.ne.jp/home/ubuntu/VPSsync/01-WorkspaceSync/modelica-shared/CustomLib/FluidSystemComponents/Sensor/package.mo' (104)
2026-02-03 06:35:43: Copy Over 'C:/Users/grabacr/VPSsync/01-WorkspaceSync/modelica-shared/CustomLib/FluidSystemComponents/Sensor/package.order' -> 'sftp://os3-310-44666.vs.sakura.ne.jp/home/ubuntu/VPSsync/01-WorkspaceSync/modelica-shared/CustomLib/FluidSystemComponents/Sensor/package.order' (456)
2026-02-03 06:35:43: Copy Over 'C:/Users/grabacr/VPSsync/01-WorkspaceSync/modelica-shared/CustomLib/FluidSystemComponents/Sensor/PressureDisp00.mo' -> 'sftp://os3-310-44666.vs.sakura.ne.jp/home/ubuntu/VPSsync/01-WorkspaceSync/modelica-shared/CustomLib/FluidSystemComponents/Sensor/PressureDisp00.mo' (1,925)
2026-02-03 06:35:43: Copy Over 'C:/Users/grabacr/VPSsync/01-WorkspaceSync/modelica-shared/CustomLib/FluidSystemComponents/Sensor/PressureDispColor00.mo' -> 'sftp://os3-310-44666.vs.sakura.ne.jp/home/ubuntu/VPSsync/01-WorkspaceSync/modelica-shared/CustomLib/FluidSystemComponents/Sensor/PressureDispColor00.mo' (2,522)
2026-02-03 06:35:43: Copy Over 'C:/Users/grabacr/VPSsync/01-WorkspaceSync/modelica-shared/CustomLib/FluidSystemComponents/Sensor/PressureRatio.mo' -> 'sftp://os3-310-44666.vs.sakura.ne.jp/home/ubuntu/VPSsync/01-WorkspaceSync/modelica-shared/CustomLib/FluidSystemComponents/Sensor/PressureRatio.mo' (690)
2026-02-03 06:35:44: Copy Over 'C:/Users/grabacr/VPSsync/01-WorkspaceSync/modelica-shared/CustomLib/FluidSystemComponents/Sensor/Ps_FluidWithMach_DispColor00.mo' -> 'sftp://os3-310-44666.vs.sakura.ne.jp/home/ubuntu/VPSsync/01-WorkspaceSync/modelica-shared/CustomLib/FluidSystemComponents/Sensor/Ps_FluidWithMach_DispColor00.mo' (2,609)
2026-02-03 06:35:44: Copy Over 'C:/Users/grabacr/VPSsync/01-WorkspaceSync/modelica-shared/CustomLib/FluidSystemComponents/Sensor/Pt_FluidWithMach_DispColor00.bak-mo' -> 'sftp://os3-310-44666.vs.sakura.ne.jp/home/ubuntu/VPSsync/01-WorkspaceSync/modelica-shared/CustomLib/FluidSystemComponents/Sensor/Pt_FluidWithMach_DispColor00.bak-mo' (3,916)
2026-02-03 06:35:44: Copy Over 'C:/Users/grabacr/VPSsync/01-WorkspaceSync/modelica-shared/CustomLib/FluidSystemComponents/Sensor/Pt_FluidWithMach_DispColor00.mo' -> 'sftp://os3-310-44666.vs.sakura.ne.jp/home/ubuntu/VPSsync/01-WorkspaceSync/modelica-shared/CustomLib/FluidSystemComponents/Sensor/Pt_FluidWithMach_DispColor00.mo' (3,721)
2026-02-03 06:35:44: Copy Over 'C:/Users/grabacr/VPSsync/01-WorkspaceSync/modelica-shared/CustomLib/FluidSystemComponents/Sensor/SpecificHeatCapacity.mo' -> 'sftp://os3-310-44666.vs.sakura.ne.jp/home/ubuntu/VPSsync/01-WorkspaceSync/modelica-shared/CustomLib/FluidSystemComponents/Sensor/SpecificHeatCapacity.mo' (1,248)
2026-02-03 06:35:44: Copy Over 'C:/Users/grabacr/VPSsync/01-WorkspaceSync/modelica-shared/CustomLib/FluidSystemComponents/Sensor/SpecificHeatCapacityRatio.mo' -> 'sftp://os3-310-44666.vs.sakura.ne.jp/home/ubuntu/VPSsync/01-WorkspaceSync/modelica-shared/CustomLib/FluidSystemComponents/Sensor/SpecificHeatCapacityRatio.mo' (1,565)
2026-02-03 06:35:44: Copy Over 'C:/Users/grabacr/VPSsync/01-WorkspaceSync/modelica-shared/CustomLib/FluidSystemComponents/Sensor/StaticPressureTwoPort.mo' -> 'sftp://os3-310-44666.vs.sakura.ne.jp/home/ubuntu/VPSsync/01-WorkspaceSync/modelica-shared/CustomLib/FluidSystemComponents/Sensor/StaticPressureTwoPort.mo' (2,337)
2026-02-03 06:35:44: Copy Over 'C:/Users/grabacr/VPSsync/01-WorkspaceSync/modelica-shared/CustomLib/FluidSystemComponents/Sensor/StaticStatesTwoPort.mo' -> 'sftp://os3-310-44666.vs.sakura.ne.jp/home/ubuntu/VPSsync/01-WorkspaceSync/modelica-shared/CustomLib/FluidSystemComponents/Sensor/StaticStatesTwoPort.mo' (2,706)
2026-02-03 06:35:44: Copy Over 'C:/Users/grabacr/VPSsync/01-WorkspaceSync/modelica-shared/CustomLib/FluidSystemComponents/Sensor/Temperature_degC_DispColor00.mo' -> 'sftp://os3-310-44666.vs.sakura.ne.jp/home/ubuntu/VPSsync/01-WorkspaceSync/modelica-shared/CustomLib/FluidSystemComponents/Sensor/Temperature_degC_DispColor00.mo' (2,517)
2026-02-03 06:35:44: Copy Over 'C:/Users/grabacr/VPSsync/01-WorkspaceSync/modelica-shared/CustomLib/FluidSystemComponents/Sensor/StaticStatesTwoPort01.mo' -> 'sftp://os3-310-44666.vs.sakura.ne.jp/home/ubuntu/VPSsync/01-WorkspaceSync/modelica-shared/CustomLib/FluidSystemComponents/Sensor/StaticStatesTwoPort01.mo' (3,224)
2026-02-03 06:35:44: Copy Over 'C:/Users/grabacr/VPSsync/01-WorkspaceSync/modelica-shared/CustomLib/FluidSystemComponents/Sensor/TemperatureDisp00.mo' -> 'sftp://os3-310-44666.vs.sakura.ne.jp/home/ubuntu/VPSsync/01-WorkspaceSync/modelica-shared/CustomLib/FluidSystemComponents/Sensor/TemperatureDisp00.mo' (2,031)
2026-02-03 06:35:45: Copy Over 'C:/Users/grabacr/VPSsync/01-WorkspaceSync/modelica-shared/CustomLib/FluidSystemComponents/Sensor/TemperatureDispColor00.mo' -> 'sftp://os3-310-44666.vs.sakura.ne.jp/home/ubuntu/VPSsync/01-WorkspaceSync/modelica-shared/CustomLib/FluidSystemComponents/Sensor/TemperatureDispColor00.mo' (2,700)
2026-02-03 06:35:45: Copy Over 'C:/Users/grabacr/VPSsync/01-WorkspaceSync/modelica-shared/CustomLib/FluidSystemComponents/Sensor/TempressureDispColor00.bak-mo' -> 'sftp://os3-310-44666.vs.sakura.ne.jp/home/ubuntu/VPSsync/01-WorkspaceSync/modelica-shared/CustomLib/FluidSystemComponents/Sensor/TempressureDispColor00.bak-mo' (2,495)
2026-02-03 06:35:45: Copy Over 'C:/Users/grabacr/VPSsync/01-WorkspaceSync/modelica-shared/CustomLib/FluidSystemComponents/Sensor/Ts_FluidWithMach_DispColor00.mo' -> 'sftp://os3-310-44666.vs.sakura.ne.jp/home/ubuntu/VPSsync/01-WorkspaceSync/modelica-shared/CustomLib/FluidSystemComponents/Sensor/Ts_FluidWithMach_DispColor00.mo' (2,582)
2026-02-03 06:35:45: Copy Over 'C:/Users/grabacr/VPSsync/01-WorkspaceSync/modelica-shared/CustomLib/FluidSystemComponents/Types/InfoBus.mo' -> 'sftp://os3-310-44666.vs.sakura.ne.jp/home/ubuntu/VPSsync/01-WorkspaceSync/modelica-shared/CustomLib/FluidSystemComponents/Types/InfoBus.mo' (120)
2026-02-03 06:35:45: Copy Over 'C:/Users/grabacr/VPSsync/01-WorkspaceSync/modelica-shared/CustomLib/FluidSystemComponents/Utilities/arr_hs_const_p_00.mo' -> 'sftp://os3-310-44666.vs.sakura.ne.jp/home/ubuntu/VPSsync/01-WorkspaceSync/modelica-shared/CustomLib/FluidSystemComponents/Utilities/arr_hs_const_p_00.mo' (3,193)
2026-02-03 06:35:45: Copy Over 'C:/Users/grabacr/VPSsync/01-WorkspaceSync/modelica-shared/CustomLib/FluidSystemComponents/Utilities/arr_pv_const_s_00.mo' -> 'sftp://os3-310-44666.vs.sakura.ne.jp/home/ubuntu/VPSsync/01-WorkspaceSync/modelica-shared/CustomLib/FluidSystemComponents/Utilities/arr_pv_const_s_00.mo' (3,156)
2026-02-03 06:35:45: Copy Over 'C:/Users/grabacr/VPSsync/01-WorkspaceSync/modelica-shared/CustomLib/FluidSystemComponents/Utilities/arr_pVol_const_s_00.mo' -> 'sftp://os3-310-44666.vs.sakura.ne.jp/home/ubuntu/VPSsync/01-WorkspaceSync/modelica-shared/CustomLib/FluidSystemComponents/Utilities/arr_pVol_const_s_00.mo' (3,482)
2026-02-03 06:35:45: Copy Over 'C:/Users/grabacr/VPSsync/01-WorkspaceSync/modelica-shared/CustomLib/FluidSystemComponents/Utilities/arr_us_const_p_00.mo' -> 'sftp://os3-310-44666.vs.sakura.ne.jp/home/ubuntu/VPSsync/01-WorkspaceSync/modelica-shared/CustomLib/FluidSystemComponents/Utilities/arr_us_const_p_00.mo' (3,232)
2026-02-03 06:35:45: Copy Over 'C:/Users/grabacr/VPSsync/01-WorkspaceSync/modelica-shared/CustomLib/FluidSystemComponents/Utilities/arr_Ts_const_p_00.mo' -> 'sftp://os3-310-44666.vs.sakura.ne.jp/home/ubuntu/VPSsync/01-WorkspaceSync/modelica-shared/CustomLib/FluidSystemComponents/Utilities/arr_Ts_const_p_00.mo' (3,195)
2026-02-03 06:35:45: Copy Over 'C:/Users/grabacr/VPSsync/01-WorkspaceSync/modelica-shared/CustomLib/FluidSystemComponents/Utilities/CombiTimeTable1VarByName00.mo' -> 'sftp://os3-310-44666.vs.sakura.ne.jp/home/ubuntu/VPSsync/01-WorkspaceSync/modelica-shared/CustomLib/FluidSystemComponents/Utilities/CombiTimeTable1VarByName00.mo' (12,829)
2026-02-03 06:35:45: Copy Over 'C:/Users/grabacr/VPSsync/01-WorkspaceSync/modelica-shared/CustomLib/FluidSystemComponents/Utilities/CombiTimeTableAll00.mo' -> 'sftp://os3-310-44666.vs.sakura.ne.jp/home/ubuntu/VPSsync/01-WorkspaceSync/modelica-shared/CustomLib/FluidSystemComponents/Utilities/CombiTimeTableAll00.mo' (13,399)
2026-02-03 06:35:45: Copy Over 'C:/Users/grabacr/VPSsync/01-WorkspaceSync/modelica-shared/CustomLib/FluidSystemComponents/Utilities/CombiTimeTableAllFileFixed00.mo' -> 'sftp://os3-310-44666.vs.sakura.ne.jp/home/ubuntu/VPSsync/01-WorkspaceSync/modelica-shared/CustomLib/FluidSystemComponents/Utilities/CombiTimeTableAllFileFixed00.mo' (10,229)
2026-02-03 06:35:46: Copy Over 'C:/Users/grabacr/VPSsync/01-WorkspaceSync/modelica-shared/CustomLib/FluidSystemComponents/Utilities/CombiTimeTableByName00.mo' -> 'sftp://os3-310-44666.vs.sakura.ne.jp/home/ubuntu/VPSsync/01-WorkspaceSync/modelica-shared/CustomLib/FluidSystemComponents/Utilities/CombiTimeTableByName00.mo' (8,286)
2026-02-03 06:35:46: Copy Over 'C:/Users/grabacr/VPSsync/01-WorkspaceSync/modelica-shared/CustomLib/FluidSystemComponents/Utilities/ConstrainVariable.mo' -> 'sftp://os3-310-44666.vs.sakura.ne.jp/home/ubuntu/VPSsync/01-WorkspaceSync/modelica-shared/CustomLib/FluidSystemComponents/Utilities/ConstrainVariable.mo' (2,142)
2026-02-03 06:35:46: Copy Over 'C:/Users/grabacr/VPSsync/01-WorkspaceSync/modelica-shared/CustomLib/FluidSystemComponents/Utilities/ConstrainVariableAfterTimer.mo' -> 'sftp://os3-310-44666.vs.sakura.ne.jp/home/ubuntu/VPSsync/01-WorkspaceSync/modelica-shared/CustomLib/FluidSystemComponents/Utilities/ConstrainVariableAfterTimer.mo' (3,097)
2026-02-03 06:35:46: Copy Over 'C:/Users/grabacr/VPSsync/01-WorkspaceSync/modelica-shared/CustomLib/FluidSystemComponents/Utilities/ConstrainVariableAtInitial.mo' -> 'sftp://os3-310-44666.vs.sakura.ne.jp/home/ubuntu/VPSsync/01-WorkspaceSync/modelica-shared/CustomLib/FluidSystemComponents/Utilities/ConstrainVariableAtInitial.mo' (2,169)
2026-02-03 06:35:46: Copy Over 'C:/Users/grabacr/VPSsync/01-WorkspaceSync/modelica-shared/CustomLib/FluidSystemComponents/Utilities/ConstrainVariableAtInitial2.bak-mo' -> 'sftp://os3-310-44666.vs.sakura.ne.jp/home/ubuntu/VPSsync/01-WorkspaceSync/modelica-shared/CustomLib/FluidSystemComponents/Utilities/ConstrainVariableAtInitial2.bak-mo' (2,151)
2026-02-03 06:35:46: Copy Over 'C:/Users/grabacr/VPSsync/01-WorkspaceSync/modelica-shared/CustomLib/FluidSystemComponents/Utilities/ConstrainVariableBeforeTimer.bak-mo' -> 'sftp://os3-310-44666.vs.sakura.ne.jp/home/ubuntu/VPSsync/01-WorkspaceSync/modelica-shared/CustomLib/FluidSystemComponents/Utilities/ConstrainVariableBeforeTimer.bak-mo' (3,099)
2026-02-03 06:35:46: Copy Over 'C:/Users/grabacr/VPSsync/01-WorkspaceSync/modelica-shared/CustomLib/FluidSystemComponents/Utilities/ConstrainVariableUntilTimer.mo' -> 'sftp://os3-310-44666.vs.sakura.ne.jp/home/ubuntu/VPSsync/01-WorkspaceSync/modelica-shared/CustomLib/FluidSystemComponents/Utilities/ConstrainVariableUntilTimer.mo' (3,104)
2026-02-03 06:35:46: Copy Over 'C:/Users/grabacr/VPSsync/01-WorkspaceSync/modelica-shared/CustomLib/FluidSystemComponents/Utilities/ConstrainVariableExceptInitial.mo' -> 'sftp://os3-310-44666.vs.sakura.ne.jp/home/ubuntu/VPSsync/01-WorkspaceSync/modelica-shared/CustomLib/FluidSystemComponents/Utilities/ConstrainVariableExceptInitial.mo' (2,144)
2026-02-03 06:35:46: Copy Over 'C:/Users/grabacr/VPSsync/01-WorkspaceSync/modelica-shared/CustomLib/FluidSystemComponents/Utilities/DispColorContour00.bak-mo' -> 'sftp://os3-310-44666.vs.sakura.ne.jp/home/ubuntu/VPSsync/01-WorkspaceSync/modelica-shared/CustomLib/FluidSystemComponents/Utilities/DispColorContour00.bak-mo' (1,566)
2026-02-03 06:35:46: Copy Over 'C:/Users/grabacr/VPSsync/01-WorkspaceSync/modelica-shared/CustomLib/FluidSystemComponents/Utilities/Examples/CombiTimeTable1ByName00_ex01.mo' -> 'sftp://os3-310-44666.vs.sakura.ne.jp/home/ubuntu/VPSsync/01-WorkspaceSync/modelica-shared/CustomLib/FluidSystemComponents/Utilities/Examples/CombiTimeTable1ByName00_ex01.mo' (553)
2026-02-03 06:35:46: Copy Over 'C:/Users/grabacr/VPSsync/01-WorkspaceSync/modelica-shared/CustomLib/FluidSystemComponents/Utilities/f_indexByName00.mo' -> 'sftp://os3-310-44666.vs.sakura.ne.jp/home/ubuntu/VPSsync/01-WorkspaceSync/modelica-shared/CustomLib/FluidSystemComponents/Utilities/f_indexByName00.mo' (312)
2026-02-03 06:35:46: Copy Over 'C:/Users/grabacr/VPSsync/01-WorkspaceSync/modelica-shared/CustomLib/FluidSystemComponents/Utilities/Examples/CombiTimeTableAll00_ex01.mo' -> 'sftp://os3-310-44666.vs.sakura.ne.jp/home/ubuntu/VPSsync/01-WorkspaceSync/modelica-shared/CustomLib/FluidSystemComponents/Utilities/Examples/CombiTimeTableAll00_ex01.mo' (1,073)
2026-02-03 06:35:47: Copy Over 'C:/Users/grabacr/VPSsync/01-WorkspaceSync/modelica-shared/CustomLib/FluidSystemComponents/Utilities/Examples/CombiTimeTableByName00_ex01.bak-mo' -> 'sftp://os3-310-44666.vs.sakura.ne.jp/home/ubuntu/VPSsync/01-WorkspaceSync/modelica-shared/CustomLib/FluidSystemComponents/Utilities/Examples/CombiTimeTableByName00_ex01.bak-mo' (683)
2026-02-03 06:35:47: Copy Over 'C:/Users/grabacr/VPSsync/01-WorkspaceSync/modelica-shared/CustomLib/FluidSystemComponents/Utilities/Examples/exampleTimeTable01.csv' -> 'sftp://os3-310-44666.vs.sakura.ne.jp/home/ubuntu/VPSsync/01-WorkspaceSync/modelica-shared/CustomLib/FluidSystemComponents/Utilities/Examples/exampleTimeTable01.csv' (12,558)
2026-02-03 06:35:47: Copy Over 'C:/Users/grabacr/VPSsync/01-WorkspaceSync/modelica-shared/CustomLib/FluidSystemComponents/Utilities/Examples/Edit_exampleTimeTable01.ods' -> 'sftp://os3-310-44666.vs.sakura.ne.jp/home/ubuntu/VPSsync/01-WorkspaceSync/modelica-shared/CustomLib/FluidSystemComponents/Utilities/Examples/Edit_exampleTimeTable01.ods' (95,717)
2026-02-03 06:35:47: Copy Over 'C:/Users/grabacr/VPSsync/01-WorkspaceSync/modelica-shared/CustomLib/FluidSystemComponents/Utilities/Examples/exampleTimeTable01_.csv' -> 'sftp://os3-310-44666.vs.sakura.ne.jp/home/ubuntu/VPSsync/01-WorkspaceSync/modelica-shared/CustomLib/FluidSystemComponents/Utilities/Examples/exampleTimeTable01_.csv' (10,410)
2026-02-03 06:35:47: Copy Over 'C:/Users/grabacr/VPSsync/01-WorkspaceSync/modelica-shared/CustomLib/FluidSystemComponents/Utilities/Examples/exampleTimeTable01.txt' -> 'sftp://os3-310-44666.vs.sakura.ne.jp/home/ubuntu/VPSsync/01-WorkspaceSync/modelica-shared/CustomLib/FluidSystemComponents/Utilities/Examples/exampleTimeTable01.txt' (222,856)
2026-02-03 06:35:47: Copy Over 'C:/Users/grabacr/VPSsync/01-WorkspaceSync/modelica-shared/CustomLib/FluidSystemComponents/Utilities/Examples/exampleTimeTable02.csv' -> 'sftp://os3-310-44666.vs.sakura.ne.jp/home/ubuntu/VPSsync/01-WorkspaceSync/modelica-shared/CustomLib/FluidSystemComponents/Utilities/Examples/exampleTimeTable02.csv' (224,920)
2026-02-03 06:35:47: Copy Over 'C:/Users/grabacr/VPSsync/01-WorkspaceSync/modelica-shared/CustomLib/FluidSystemComponents/Utilities/Examples/exampleTimeTable03.csv' -> 'sftp://os3-310-44666.vs.sakura.ne.jp/home/ubuntu/VPSsync/01-WorkspaceSync/modelica-shared/CustomLib/FluidSystemComponents/Utilities/Examples/exampleTimeTable03.csv' (153,853)
2026-02-03 06:35:47: Copy Over 'C:/Users/grabacr/VPSsync/01-WorkspaceSync/modelica-shared/CustomLib/FluidSystemComponents/Utilities/Examples/f_indexByName00.bak-mo' -> 'sftp://os3-310-44666.vs.sakura.ne.jp/home/ubuntu/VPSsync/01-WorkspaceSync/modelica-shared/CustomLib/FluidSystemComponents/Utilities/Examples/f_indexByName00.bak-mo' (149)
2026-02-03 06:35:48: Copy Over 'C:/Users/grabacr/VPSsync/01-WorkspaceSync/modelica-shared/CustomLib/FluidSystemComponents/Utilities/Examples/f_indexByName00_ex01.mo' -> 'sftp://os3-310-44666.vs.sakura.ne.jp/home/ubuntu/VPSsync/01-WorkspaceSync/modelica-shared/CustomLib/FluidSystemComponents/Utilities/Examples/f_indexByName00_ex01.mo' (4,471)
2026-02-03 06:35:48: Copy Over 'C:/Users/grabacr/VPSsync/01-WorkspaceSync/modelica-shared/CustomLib/FluidSystemComponents/Utilities/Examples/f_readRowsFromTxt00_ex01.mo' -> 'sftp://os3-310-44666.vs.sakura.ne.jp/home/ubuntu/VPSsync/01-WorkspaceSync/modelica-shared/CustomLib/FluidSystemComponents/Utilities/Examples/f_readRowsFromTxt00_ex01.mo' (456)
2026-02-03 06:35:48: Copy Over 'C:/Users/grabacr/VPSsync/01-WorkspaceSync/modelica-shared/CustomLib/FluidSystemComponents/Utilities/Examples/indexByName00_ex01.mo' -> 'sftp://os3-310-44666.vs.sakura.ne.jp/home/ubuntu/VPSsync/01-WorkspaceSync/modelica-shared/CustomLib/FluidSystemComponents/Utilities/Examples/indexByName00_ex01.mo' (4,570)
2026-02-03 06:35:48: Copy Over 'C:/Users/grabacr/VPSsync/01-WorkspaceSync/modelica-shared/CustomLib/FluidSystemComponents/Utilities/Examples/package.mo' -> 'sftp://os3-310-44666.vs.sakura.ne.jp/home/ubuntu/VPSsync/01-WorkspaceSync/modelica-shared/CustomLib/FluidSystemComponents/Utilities/Examples/package.mo' (119)
2026-02-03 06:35:48: Copy Over 'C:/Users/grabacr/VPSsync/01-WorkspaceSync/modelica-shared/CustomLib/FluidSystemComponents/Utilities/Examples/package.order' -> 'sftp://os3-310-44666.vs.sakura.ne.jp/home/ubuntu/VPSsync/01-WorkspaceSync/modelica-shared/CustomLib/FluidSystemComponents/Utilities/Examples/package.order' (267)
2026-02-03 06:35:48: Copy Over 'C:/Users/grabacr/VPSsync/01-WorkspaceSync/modelica-shared/CustomLib/FluidSystemComponents/Utilities/Examples/readColumnsFromCSV00_ex01.mo' -> 'sftp://os3-310-44666.vs.sakura.ne.jp/home/ubuntu/VPSsync/01-WorkspaceSync/modelica-shared/CustomLib/FluidSystemComponents/Utilities/Examples/readColumnsFromCSV00_ex01.mo' (479)
2026-02-03 06:35:48: Copy Over 'C:/Users/grabacr/VPSsync/01-WorkspaceSync/modelica-shared/CustomLib/FluidSystemComponents/Utilities/Examples/readColumnsFromCSV00_ex02.mo' -> 'sftp://os3-310-44666.vs.sakura.ne.jp/home/ubuntu/VPSsync/01-WorkspaceSync/modelica-shared/CustomLib/FluidSystemComponents/Utilities/Examples/readColumnsFromCSV00_ex02.mo' (861)
2026-02-03 06:35:48: Copy Over 'C:/Users/grabacr/VPSsync/01-WorkspaceSync/modelica-shared/CustomLib/FluidSystemComponents/Utilities/Examples/readRowsFromTxt00_ex01.mo' -> 'sftp://os3-310-44666.vs.sakura.ne.jp/home/ubuntu/VPSsync/01-WorkspaceSync/modelica-shared/CustomLib/FluidSystemComponents/Utilities/Examples/readRowsFromTxt00_ex01.mo' (476)
2026-02-03 06:35:48: Copy Over 'C:/Users/grabacr/VPSsync/01-WorkspaceSync/modelica-shared/CustomLib/FluidSystemComponents/Utilities/Examples/readRowsFromTxt00_ex02.mo' -> 'sftp://os3-310-44666.vs.sakura.ne.jp/home/ubuntu/VPSsync/01-WorkspaceSync/modelica-shared/CustomLib/FluidSystemComponents/Utilities/Examples/readRowsFromTxt00_ex02.mo' (949)
2026-02-03 06:35:48: Copy Over 'C:/Users/grabacr/VPSsync/01-WorkspaceSync/modelica-shared/CustomLib/FluidSystemComponents/Utilities/Examples/ReadTimeDatCSV00.bak-mo' -> 'sftp://os3-310-44666.vs.sakura.ne.jp/home/ubuntu/VPSsync/01-WorkspaceSync/modelica-shared/CustomLib/FluidSystemComponents/Utilities/Examples/ReadTimeDatCSV00.bak-mo' (146)
2026-02-03 06:35:48: Copy Over 'C:/Users/grabacr/VPSsync/01-WorkspaceSync/modelica-shared/CustomLib/FluidSystemComponents/Utilities/Examples/ReadTimeDatCSV00_ex01.mo' -> 'sftp://os3-310-44666.vs.sakura.ne.jp/home/ubuntu/VPSsync/01-WorkspaceSync/modelica-shared/CustomLib/FluidSystemComponents/Utilities/Examples/ReadTimeDatCSV00_ex01.mo' (388)
2026-02-03 06:35:48: Copy Over 'C:/Users/grabacr/VPSsync/01-WorkspaceSync/modelica-shared/CustomLib/FluidSystemComponents/Utilities/Examples/StringValue_ex01.mo' -> 'sftp://os3-310-44666.vs.sakura.ne.jp/home/ubuntu/VPSsync/01-WorkspaceSync/modelica-shared/CustomLib/FluidSystemComponents/Utilities/Examples/StringValue_ex01.mo' (529)
2026-02-03 06:35:49: Copy Over 'C:/Users/grabacr/VPSsync/01-WorkspaceSync/modelica-shared/CustomLib/FluidSystemComponents/Utilities/Examples/StringValule.bak-mo' -> 'sftp://os3-310-44666.vs.sakura.ne.jp/home/ubuntu/VPSsync/01-WorkspaceSync/modelica-shared/CustomLib/FluidSystemComponents/Utilities/Examples/StringValule.bak-mo' (103)
2026-02-03 06:35:49: Copy Over 'C:/Users/grabacr/VPSsync/01-WorkspaceSync/modelica-shared/CustomLib/FluidSystemComponents/Utilities/Examples/varList_exampleTimeTable01.csv' -> 'sftp://os3-310-44666.vs.sakura.ne.jp/home/ubuntu/VPSsync/01-WorkspaceSync/modelica-shared/CustomLib/FluidSystemComponents/Utilities/Examples/varList_exampleTimeTable01.csv' (3,927)
2026-02-03 06:35:49: Copy Over 'C:/Users/grabacr/VPSsync/01-WorkspaceSync/modelica-shared/CustomLib/FluidSystemComponents/Utilities/Examples/varNms_exampleTimeTable01.csv' -> 'sftp://os3-310-44666.vs.sakura.ne.jp/home/ubuntu/VPSsync/01-WorkspaceSync/modelica-shared/CustomLib/FluidSystemComponents/Utilities/Examples/varNms_exampleTimeTable01.csv' (7,856)
2026-02-03 06:35:49: Copy Over 'C:/Users/grabacr/VPSsync/01-WorkspaceSync/modelica-shared/CustomLib/FluidSystemComponents/Utilities/f_readRowsFromCSV00.bak-mo' -> 'sftp://os3-310-44666.vs.sakura.ne.jp/home/ubuntu/VPSsync/01-WorkspaceSync/modelica-shared/CustomLib/FluidSystemComponents/Utilities/f_readRowsFromCSV00.bak-mo' (622)
2026-02-03 06:35:49: Copy Over 'C:/Users/grabacr/VPSsync/01-WorkspaceSync/modelica-shared/CustomLib/FluidSystemComponents/Utilities/f_readRowsFromTxt00.mo' -> 'sftp://os3-310-44666.vs.sakura.ne.jp/home/ubuntu/VPSsync/01-WorkspaceSync/modelica-shared/CustomLib/FluidSystemComponents/Utilities/f_readRowsFromTxt00.mo' (751)
2026-02-03 06:35:49: Copy Over 'C:/Users/grabacr/VPSsync/01-WorkspaceSync/modelica-shared/CustomLib/FluidSystemComponents/Utilities/f_signChangeSmoothing.mo' -> 'sftp://os3-310-44666.vs.sakura.ne.jp/home/ubuntu/VPSsync/01-WorkspaceSync/modelica-shared/CustomLib/FluidSystemComponents/Utilities/f_signChangeSmoothing.mo' (314)
2026-02-03 06:35:49: Copy Over 'C:/Users/grabacr/VPSsync/01-WorkspaceSync/modelica-shared/CustomLib/FluidSystemComponents/Utilities/indexByName00.mo' -> 'sftp://os3-310-44666.vs.sakura.ne.jp/home/ubuntu/VPSsync/01-WorkspaceSync/modelica-shared/CustomLib/FluidSystemComponents/Utilities/indexByName00.mo' (1,547)
2026-02-03 06:35:49: Copy Over 'C:/Users/grabacr/VPSsync/01-WorkspaceSync/modelica-shared/CustomLib/FluidSystemComponents/Utilities/package.mo' -> 'sftp://os3-310-44666.vs.sakura.ne.jp/home/ubuntu/VPSsync/01-WorkspaceSync/modelica-shared/CustomLib/FluidSystemComponents/Utilities/package.mo' (112)
2026-02-03 06:35:49: Copy Over 'C:/Users/grabacr/VPSsync/01-WorkspaceSync/modelica-shared/CustomLib/FluidSystemComponents/Utilities/package.order' -> 'sftp://os3-310-44666.vs.sakura.ne.jp/home/ubuntu/VPSsync/01-WorkspaceSync/modelica-shared/CustomLib/FluidSystemComponents/Utilities/package.order' (568)
2026-02-03 06:35:49: Copy Over 'C:/Users/grabacr/VPSsync/01-WorkspaceSync/modelica-shared/CustomLib/FluidSystemComponents/Utilities/readHeaderColumnsFromTxt00.bak-mo' -> 'sftp://os3-310-44666.vs.sakura.ne.jp/home/ubuntu/VPSsync/01-WorkspaceSync/modelica-shared/CustomLib/FluidSystemComponents/Utilities/readHeaderColumnsFromTxt00.bak-mo' (2,763)
2026-02-03 06:35:49: Copy Over 'C:/Users/grabacr/VPSsync/01-WorkspaceSync/modelica-shared/CustomLib/FluidSystemComponents/Utilities/readHeaderColumnsFromCSV00.mo' -> 'sftp://os3-310-44666.vs.sakura.ne.jp/home/ubuntu/VPSsync/01-WorkspaceSync/modelica-shared/CustomLib/FluidSystemComponents/Utilities/readHeaderColumnsFromCSV00.mo' (2,904)
2026-02-03 06:35:49: Copy Over 'C:/Users/grabacr/VPSsync/01-WorkspaceSync/modelica-shared/CustomLib/FluidSystemComponents/Utilities/readRowsFromTxt00.mo' -> 'sftp://os3-310-44666.vs.sakura.ne.jp/home/ubuntu/VPSsync/01-WorkspaceSync/modelica-shared/CustomLib/FluidSystemComponents/Utilities/readRowsFromTxt00.mo' (2,480)
2026-02-03 06:35:50: Copy Over 'C:/Users/grabacr/VPSsync/01-WorkspaceSync/modelica-shared/CustomLib/FluidSystemComponents/Utilities/ReadTimeDatCSV00.mo' -> 'sftp://os3-310-44666.vs.sakura.ne.jp/home/ubuntu/VPSsync/01-WorkspaceSync/modelica-shared/CustomLib/FluidSystemComponents/Utilities/ReadTimeDatCSV00.mo' (1,377)
2026-02-03 06:35:50: Copy Over 'C:/Users/grabacr/VPSsync/01-WorkspaceSync/modelica-shared/CustomLib/FluidSystemComponents/Utilities/StringExpression00.mo' -> 'sftp://os3-310-44666.vs.sakura.ne.jp/home/ubuntu/VPSsync/01-WorkspaceSync/modelica-shared/CustomLib/FluidSystemComponents/Utilities/StringExpression00.mo' (842)
2026-02-03 06:35:50: Copy Over 'C:/Users/grabacr/VPSsync/01-WorkspaceSync/modelica-shared/CustomLib/FluidSystemComponents/Utilities/StringValule.mo' -> 'sftp://os3-310-44666.vs.sakura.ne.jp/home/ubuntu/VPSsync/01-WorkspaceSync/modelica-shared/CustomLib/FluidSystemComponents/Utilities/StringValule.mo' (677)
2026-02-03 06:35:50: Copy Over 'C:/Users/grabacr/VPSsync/01-WorkspaceSync/modelica-shared/CustomLib/FluidSystemComponents/Utilities/Switch_2_2.mo' -> 'sftp://os3-310-44666.vs.sakura.ne.jp/home/ubuntu/VPSsync/01-WorkspaceSync/modelica-shared/CustomLib/FluidSystemComponents/Utilities/Switch_2_2.mo' (2,489)
2026-02-03 06:35:50: Copy Over 'C:/Users/grabacr/VPSsync/01-WorkspaceSync/modelica-shared/CustomLib/FluidSystemComponents/Utilities/switch_2_2.bak-mo' -> 'sftp://os3-310-44666.vs.sakura.ne.jp/home/ubuntu/VPSsync/01-WorkspaceSync/modelica-shared/CustomLib/FluidSystemComponents/Utilities/switch_2_2.bak-mo' (1,656)
2026-02-03 06:35:50: Copy Over 'C:/Users/grabacr/VPSsync/01-WorkspaceSync/modelica-shared/CustomLib/FluidSystemComponents/Utilities/ValueBySolver.bak-mo' -> 'sftp://os3-310-44666.vs.sakura.ne.jp/home/ubuntu/VPSsync/01-WorkspaceSync/modelica-shared/CustomLib/FluidSystemComponents/Utilities/ValueBySolver.bak-mo' (1,621)
2026-02-03 06:35:50: Copy Over 'C:/Users/grabacr/VPSsync/01-WorkspaceSync/modelica-shared/CustomLib/FluidSystemComponents/Utilities/UnitConversion/m3perSec2USGperhour.mo' -> 'sftp://os3-310-44666.vs.sakura.ne.jp/home/ubuntu/VPSsync/01-WorkspaceSync/modelica-shared/CustomLib/FluidSystemComponents/Utilities/UnitConversion/m3perSec2USGperhour.mo' (654)
2026-02-03 06:35:50: Copy Over 'C:/Users/grabacr/VPSsync/01-WorkspaceSync/modelica-shared/CustomLib/FluidSystemComponents/Utilities/UnitConversion/m3perSec2gph.bak-mo' -> 'sftp://os3-310-44666.vs.sakura.ne.jp/home/ubuntu/VPSsync/01-WorkspaceSync/modelica-shared/CustomLib/FluidSystemComponents/Utilities/UnitConversion/m3perSec2gph.bak-mo' (560)
2026-02-03 06:35:50: Copy Over 'C:/Users/grabacr/VPSsync/01-WorkspaceSync/modelica-shared/CustomLib/FluidSystemComponents/Utilities/UnitConversion/Pa2inHg.mo' -> 'sftp://os3-310-44666.vs.sakura.ne.jp/home/ubuntu/VPSsync/01-WorkspaceSync/modelica-shared/CustomLib/FluidSystemComponents/Utilities/UnitConversion/Pa2inHg.mo' (554)
2026-02-03 06:35:50: Copy Over 'C:/Users/grabacr/VPSsync/01-WorkspaceSync/modelica-shared/CustomLib/FluidSystemComponents/Utilities/UnitConversion/package.order' -> 'sftp://os3-310-44666.vs.sakura.ne.jp/home/ubuntu/VPSsync/01-WorkspaceSync/modelica-shared/CustomLib/FluidSystemComponents/Utilities/UnitConversion/package.order' (36)
2026-02-03 06:35:50: Copy Over 'C:/Users/grabacr/VPSsync/01-WorkspaceSync/modelica-shared/CustomLib/FluidSystemComponents/Utilities/UnitConversion/package.mo' -> 'sftp://os3-310-44666.vs.sakura.ne.jp/home/ubuntu/VPSsync/01-WorkspaceSync/modelica-shared/CustomLib/FluidSystemComponents/Utilities/UnitConversion/package.mo' (123)
2026-02-03 06:35:50: Copy Over 'C:/Users/grabacr/VPSsync/01-WorkspaceSync/modelica-shared/CustomLib/FluidSystemComponents/Utilities/UnitConversion/W2hp.mo' -> 'sftp://os3-310-44666.vs.sakura.ne.jp/home/ubuntu/VPSsync/01-WorkspaceSync/modelica-shared/CustomLib/FluidSystemComponents/Utilities/UnitConversion/W2hp.mo' (532)
2026-02-03 06:35:51: Copy Over 'C:/Users/grabacr/VPSsync/01-WorkspaceSync/modelica-shared/CustomLib/FluidSystemComponents/Types/package.mo' -> 'sftp://os3-310-44666.vs.sakura.ne.jp/home/ubuntu/VPSsync/01-WorkspaceSync/modelica-shared/CustomLib/FluidSystemComponents/Types/package.mo' (100)
2026-02-03 06:35:51: Copy Over 'C:/Users/grabacr/VPSsync/01-WorkspaceSync/modelica-shared/CustomLib/FluidSystemComponents/Utilities/VariableBySolver.mo' -> 'sftp://os3-310-44666.vs.sakura.ne.jp/home/ubuntu/VPSsync/01-WorkspaceSync/modelica-shared/CustomLib/FluidSystemComponents/Utilities/VariableBySolver.mo' (1,951)
2026-02-03 06:35:51: Copy Over 'C:/Users/grabacr/VPSsync/01-WorkspaceSync/modelica-shared/CustomLib/FluidSystemComponents/Types/package.order' -> 'sftp://os3-310-44666.vs.sakura.ne.jp/home/ubuntu/VPSsync/01-WorkspaceSync/modelica-shared/CustomLib/FluidSystemComponents/Types/package.order' (19)
2026-02-03 06:35:51: Copy Over 'C:/Users/grabacr/VPSsync/01-WorkspaceSync/modelica-shared/CustomLib/FluidSystemComponents/Types/Switches/package.mo' -> 'sftp://os3-310-44666.vs.sakura.ne.jp/home/ubuntu/VPSsync/01-WorkspaceSync/modelica-shared/CustomLib/FluidSystemComponents/Types/Switches/package.mo' (107)
2026-02-03 06:35:51: Copy Over 'C:/Users/grabacr/VPSsync/01-WorkspaceSync/modelica-shared/CustomLib/FluidSystemComponents/Types/Switches/package.order' -> 'sftp://os3-310-44666.vs.sakura.ne.jp/home/ubuntu/VPSsync/01-WorkspaceSync/modelica-shared/CustomLib/FluidSystemComponents/Types/Switches/package.order' (228)
2026-02-03 06:35:51: Copy Over 'C:/Users/grabacr/VPSsync/01-WorkspaceSync/modelica-shared/CustomLib/FluidSystemComponents/Types/Switches/switch_input_AdiabaticProcess.mo' -> 'sftp://os3-310-44666.vs.sakura.ne.jp/home/ubuntu/VPSsync/01-WorkspaceSync/modelica-shared/CustomLib/FluidSystemComponents/Types/Switches/switch_input_AdiabaticProcess.mo' (277)
2026-02-03 06:35:51: Copy Over 'C:/Users/grabacr/VPSsync/01-WorkspaceSync/modelica-shared/CustomLib/FluidSystemComponents/Types/Switches/switch_input_dp.mo' -> 'sftp://os3-310-44666.vs.sakura.ne.jp/home/ubuntu/VPSsync/01-WorkspaceSync/modelica-shared/CustomLib/FluidSystemComponents/Types/Switches/switch_input_dp.mo' (220)
2026-02-03 06:35:51: Copy Over 'C:/Users/grabacr/VPSsync/01-WorkspaceSync/modelica-shared/CustomLib/FluidSystemComponents/Types/Switches/switch_input_CalcStaticStates.mo' -> 'sftp://os3-310-44666.vs.sakura.ne.jp/home/ubuntu/VPSsync/01-WorkspaceSync/modelica-shared/CustomLib/FluidSystemComponents/Types/Switches/switch_input_CalcStaticStates.mo' (231)
2026-02-03 06:35:51: Copy Over 'C:/Users/grabacr/VPSsync/01-WorkspaceSync/modelica-shared/CustomLib/FluidSystemComponents/Types/Switches/switch_input_fluidQuantity.mo' -> 'sftp://os3-310-44666.vs.sakura.ne.jp/home/ubuntu/VPSsync/01-WorkspaceSync/modelica-shared/CustomLib/FluidSystemComponents/Types/Switches/switch_input_fluidQuantity.mo' (194)
2026-02-03 06:35:51: Copy Over 'C:/Users/grabacr/VPSsync/01-WorkspaceSync/modelica-shared/CustomLib/FluidSystemComponents/Types/Switches/switch_input_ThermodynamicState.mo' -> 'sftp://os3-310-44666.vs.sakura.ne.jp/home/ubuntu/VPSsync/01-WorkspaceSync/modelica-shared/CustomLib/FluidSystemComponents/Types/Switches/switch_input_ThermodynamicState.mo' (269)
2026-02-03 06:35:51: Copy Over 'C:/Users/grabacr/VPSsync/01-WorkspaceSync/modelica-shared/CustomLib/FluidSystemComponents/Types/Switches/switch_sysType_thermodynamicProcess.bak-mo' -> 'sftp://os3-310-44666.vs.sakura.ne.jp/home/ubuntu/VPSsync/01-WorkspaceSync/modelica-shared/CustomLib/FluidSystemComponents/Types/Switches/switch_sysType_thermodynamicProcess.bak-mo' (278)
2026-02-03 06:35:51: Copy Over 'C:/Users/grabacr/VPSsync/01-WorkspaceSync/modelica-shared/CustomLib/FluidSystemComponents/Types/Switches/switch_input_HeatChangeProcess.mo' -> 'sftp://os3-310-44666.vs.sakura.ne.jp/home/ubuntu/VPSsync/01-WorkspaceSync/modelica-shared/CustomLib/FluidSystemComponents/Types/Switches/switch_input_HeatChangeProcess.mo' (194)
2026-02-03 06:35:52: Copy Over 'C:/Users/grabacr/VPSsync/01-WorkspaceSync/modelica-shared/CustomLib/FluidSystemComponents/Types/Switches/switch_sysType_ThermodynamicProcess.mo' -> 'sftp://os3-310-44666.vs.sakura.ne.jp/home/ubuntu/VPSsync/01-WorkspaceSync/modelica-shared/CustomLib/FluidSystemComponents/Types/Switches/switch_sysType_ThermodynamicProcess.mo' (278)
2026-02-03 06:35:52: Copy Over 'C:/Users/grabacr/VPSsync/01-WorkspaceSync/modelica-shared/CustomLib/FluidSystemComponents/Types/Switches/switchHowToDetVar.mo' -> 'sftp://os3-310-44666.vs.sakura.ne.jp/home/ubuntu/VPSsync/01-WorkspaceSync/modelica-shared/CustomLib/FluidSystemComponents/Types/Switches/switchHowToDetVar.mo' (294)
2026-02-03 06:35:52: > Copy Over 'C:/Users/grabacr/VPSsync/01-WorkspaceSync/modelica-shared/CustomLib/FluidSystemComponents/Visualizers/Examples/ex_FluidNW_ex01_v001_res.csv' -> 'sftp://os3-310-44666.vs.sakura.ne.jp/home/ubuntu/VPSsync/01-WorkspaceSync/modelica-shared/CustomLib/FluidSystemComponents/Visualizers/Examples/ex_FluidNW_ex01_v001_res.csv' (15,272,804)
2026-02-03 06:35:52: Copy Over 'C:/Users/grabacr/VPSsync/01-WorkspaceSync/modelica-shared/CustomLib/FluidSystemComponents/Visualization/package.bak-mo' -> 'sftp://os3-310-44666.vs.sakura.ne.jp/home/ubuntu/VPSsync/01-WorkspaceSync/modelica-shared/CustomLib/FluidSystemComponents/Visualization/package.bak-mo' (120)
2026-02-03 06:35:56: Copy Over 'C:/Users/grabacr/VPSsync/01-WorkspaceSync/modelica-shared/CustomLib/FluidSystemComponents/Visualizers/MassFlowDisp_RefArrAndKey00.mo' -> 'sftp://os3-310-44666.vs.sakura.ne.jp/home/ubuntu/VPSsync/01-WorkspaceSync/modelica-shared/CustomLib/FluidSystemComponents/Visualizers/MassFlowDisp_RefArrAndKey00.mo' (3,879)
2026-02-03 06:35:58: Copy Over 'C:/Users/grabacr/VPSsync/01-WorkspaceSync/modelica-shared/CustomLib/FluidSystemComponents/Visualizers/Examples/exampleTimeTable02.csv' -> 'sftp://os3-310-44666.vs.sakura.ne.jp/home/ubuntu/VPSsync/01-WorkspaceSync/modelica-shared/CustomLib/FluidSystemComponents/Visualizers/Examples/exampleTimeTable02.csv' (224,920)
2026-02-03 06:35:58: Copy Over 'C:/Users/grabacr/VPSsync/01-WorkspaceSync/modelica-shared/CustomLib/FluidSystemComponents/Visualizers/Examples/FluidNW_ex01_Vis_ex01.mo' -> 'sftp://os3-310-44666.vs.sakura.ne.jp/home/ubuntu/VPSsync/01-WorkspaceSync/modelica-shared/CustomLib/FluidSystemComponents/Visualizers/Examples/FluidNW_ex01_Vis_ex01.mo' (9,498)
2026-02-03 06:35:58: < Copy Over 'C:/Users/grabacr/VPSsync/01-WorkspaceSync/modelica-shared/CustomLib/FluidSystemComponents/Visualizers/Examples/ex_FluidNW_ex01_v001_res.csv' -> 'sftp://os3-310-44666.vs.sakura.ne.jp/home/ubuntu/VPSsync/01-WorkspaceSync/modelica-shared/CustomLib/FluidSystemComponents/Visualizers/Examples/ex_FluidNW_ex01_v001_res.csv' (15,272,804)
2026-02-03 06:35:59: Copy Over 'C:/Users/grabacr/VPSsync/01-WorkspaceSync/modelica-shared/CustomLib/FluidSystemComponents/Visualizers/Examples/MassFlowDisp_RefVar00_ex01.mo' -> 'sftp://os3-310-44666.vs.sakura.ne.jp/home/ubuntu/VPSsync/01-WorkspaceSync/modelica-shared/CustomLib/FluidSystemComponents/Visualizers/Examples/MassFlowDisp_RefVar00_ex01.mo' (4,161)
2026-02-03 06:35:59: Copy Over 'C:/Users/grabacr/VPSsync/01-WorkspaceSync/modelica-shared/CustomLib/FluidSystemComponents/Visualizers/Examples/package.mo' -> 'sftp://os3-310-44666.vs.sakura.ne.jp/home/ubuntu/VPSsync/01-WorkspaceSync/modelica-shared/CustomLib/FluidSystemComponents/Visualizers/Examples/package.mo' (121)
2026-02-03 06:35:59: Copy Over 'C:/Users/grabacr/VPSsync/01-WorkspaceSync/modelica-shared/CustomLib/FluidSystemComponents/Visualizers/Examples/package.order' -> 'sftp://os3-310-44666.vs.sakura.ne.jp/home/ubuntu/VPSsync/01-WorkspaceSync/modelica-shared/CustomLib/FluidSystemComponents/Visualizers/Examples/package.order' (109)
2026-02-03 06:35:59: Copy Over 'C:/Users/grabacr/VPSsync/01-WorkspaceSync/modelica-shared/CustomLib/FluidSystemComponents/Visualizers/Examples/VolumeVisP_RefArrAndKey00_ex01.mo' -> 'sftp://os3-310-44666.vs.sakura.ne.jp/home/ubuntu/VPSsync/01-WorkspaceSync/modelica-shared/CustomLib/FluidSystemComponents/Visualizers/Examples/VolumeVisP_RefArrAndKey00_ex01.mo' (4,198)
2026-02-03 06:35:59: Copy Over 'C:/Users/grabacr/VPSsync/01-WorkspaceSync/modelica-shared/CustomLib/FluidSystemComponents/Visualizers/Examples/VolumeVisP_RefVar00_ex01.mo' -> 'sftp://os3-310-44666.vs.sakura.ne.jp/home/ubuntu/VPSsync/01-WorkspaceSync/modelica-shared/CustomLib/FluidSystemComponents/Visualizers/Examples/VolumeVisP_RefVar00_ex01.mo' (2,368)
2026-02-03 06:35:59: Copy Over 'C:/Users/grabacr/VPSsync/01-WorkspaceSync/modelica-shared/CustomLib/FluidSystemComponents/Visualizers/Examples/VolumeVisPressure00_ex01.bak-mo' -> 'sftp://os3-310-44666.vs.sakura.ne.jp/home/ubuntu/VPSsync/01-WorkspaceSync/modelica-shared/CustomLib/FluidSystemComponents/Visualizers/Examples/VolumeVisPressure00_ex01.bak-mo' (1,806)
2026-02-03 06:35:59: Copy Over 'C:/Users/grabacr/VPSsync/01-WorkspaceSync/modelica-shared/CustomLib/FluidSystemComponents/Visualizers/MassFlowDisp_RefVar00.mo' -> 'sftp://os3-310-44666.vs.sakura.ne.jp/home/ubuntu/VPSsync/01-WorkspaceSync/modelica-shared/CustomLib/FluidSystemComponents/Visualizers/MassFlowDisp_RefVar00.mo' (2,250)
2026-02-03 06:35:59: Copy Over 'C:/Users/grabacr/VPSsync/01-WorkspaceSync/modelica-shared/CustomLib/FluidSystemComponents/Visualizers/package.mo' -> 'sftp://os3-310-44666.vs.sakura.ne.jp/home/ubuntu/VPSsync/01-WorkspaceSync/modelica-shared/CustomLib/FluidSystemComponents/Visualizers/package.mo' (107)
2026-02-03 06:35:59: Copy Over 'C:/Users/grabacr/VPSsync/01-WorkspaceSync/modelica-shared/CustomLib/FluidSystemComponents/Visualizers/package.order' -> 'sftp://os3-310-44666.vs.sakura.ne.jp/home/ubuntu/VPSsync/01-WorkspaceSync/modelica-shared/CustomLib/FluidSystemComponents/Visualizers/package.order' (189)
2026-02-03 06:35:59: Copy Over 'C:/Users/grabacr/VPSsync/01-WorkspaceSync/modelica-shared/CustomLib/FluidSystemComponents/Visualizers/ShowValueRefArrAndKey.mo' -> 'sftp://os3-310-44666.vs.sakura.ne.jp/home/ubuntu/VPSsync/01-WorkspaceSync/modelica-shared/CustomLib/FluidSystemComponents/Visualizers/ShowValueRefArrAndKey.mo' (1,322)
2026-02-03 06:35:59: Copy Over 'C:/Users/grabacr/VPSsync/01-WorkspaceSync/modelica-shared/CustomLib/FluidSystemComponents/Visualizers/ShowValueRefVariable.mo' -> 'sftp://os3-310-44666.vs.sakura.ne.jp/home/ubuntu/VPSsync/01-WorkspaceSync/modelica-shared/CustomLib/FluidSystemComponents/Visualizers/ShowValueRefVariable.mo' (692)
2026-02-03 06:35:59: Copy Over 'C:/Users/grabacr/VPSsync/01-WorkspaceSync/modelica-shared/CustomLib/FluidSystemComponents/Visualizers/VolumeVisP_RefArrAndKey00.mo' -> 'sftp://os3-310-44666.vs.sakura.ne.jp/home/ubuntu/VPSsync/01-WorkspaceSync/modelica-shared/CustomLib/FluidSystemComponents/Visualizers/VolumeVisP_RefArrAndKey00.mo' (4,208)
2026-02-03 06:35:59: Copy Over 'C:/Users/grabacr/VPSsync/01-WorkspaceSync/modelica-shared/CustomLib/FluidSystemComponents/Visualizers/Types/package.order' -> 'sftp://os3-310-44666.vs.sakura.ne.jp/home/ubuntu/VPSsync/01-WorkspaceSync/modelica-shared/CustomLib/FluidSystemComponents/Visualizers/Types/package.order' (23)
2026-02-03 06:35:59: Copy Over 'C:/Users/grabacr/VPSsync/01-WorkspaceSync/modelica-shared/CustomLib/FluidSystemComponents/Visualizers/Types/package.mo' -> 'sftp://os3-310-44666.vs.sakura.ne.jp/home/ubuntu/VPSsync/01-WorkspaceSync/modelica-shared/CustomLib/FluidSystemComponents/Visualizers/Types/package.mo' (112)
2026-02-03 06:36:00: Copy Over 'C:/Users/grabacr/VPSsync/01-WorkspaceSync/modelica-shared/CustomLib/FluidSystemComponents/Visualizers/Types/SwitchUnitVisPressure.mo' -> 'sftp://os3-310-44666.vs.sakura.ne.jp/home/ubuntu/VPSsync/01-WorkspaceSync/modelica-shared/CustomLib/FluidSystemComponents/Visualizers/Types/SwitchUnitVisPressure.mo' (142)
2026-02-03 06:36:00: Copy Over 'C:/Users/grabacr/VPSsync/01-WorkspaceSync/modelica-shared/CustomLib/FluidSystemComponents/Visualizers/VolumeVisP_RefArrAndKey01.mo' -> 'sftp://os3-310-44666.vs.sakura.ne.jp/home/ubuntu/VPSsync/01-WorkspaceSync/modelica-shared/CustomLib/FluidSystemComponents/Visualizers/VolumeVisP_RefArrAndKey01.mo' (4,321)
2026-02-03 06:36:00: Close Modified Folder (mod-time, acl): /Media/Liquid
2026-02-03 06:36:00: Copy Over 'C:/Users/grabacr/VPSsync/01-WorkspaceSync/modelica-shared/CustomLib/FluidSystemComponents/Visualizers/VolumeVisP_RefVar00.mo' -> 'sftp://os3-310-44666.vs.sakura.ne.jp/home/ubuntu/VPSsync/01-WorkspaceSync/modelica-shared/CustomLib/FluidSystemComponents/Visualizers/VolumeVisP_RefVar00.mo' (4,007)
2026-02-03 06:36:00: Copy Over 'C:/Users/grabacr/VPSsync/01-WorkspaceSync/modelica-shared/CustomLib/FluidSystemComponents/Visualizers/VolumeVisPressure00.bak-mo' -> 'sftp://os3-310-44666.vs.sakura.ne.jp/home/ubuntu/VPSsync/01-WorkspaceSync/modelica-shared/CustomLib/FluidSystemComponents/Visualizers/VolumeVisPressure00.bak-mo' (4,427)
2026-02-03 06:36:00: Copy Over 'C:/Users/grabacr/VPSsync/01-WorkspaceSync/modelica-shared/CustomLib/FluidSystemComponents/Visualization/package.order' -> 'sftp://os3-310-44666.vs.sakura.ne.jp/home/ubuntu/VPSsync/01-WorkspaceSync/modelica-shared/CustomLib/FluidSystemComponents/Visualization/package.order' (0)
2026-02-03 06:36:00: Save State File C:/Users/grabacr/VPSsync/01-WorkspaceSync/modelica-shared/CustomLib/FluidSystemComponents/_gsdata_/_file_state_v4._gs
2026-02-03 06:36:01: Save State File sftp://os3-310-44666.vs.sakura.ne.jp/home/ubuntu/VPSsync/01-WorkspaceSync/modelica-shared/CustomLib/FluidSystemComponents/_gsdata_/_file_state_v4._gs
2026-02-03 06:36:01: Deleted Recycled: C:/Users/grabacr/VPSsync/01-WorkspaceSync/modelica-shared/CustomLib/FluidSystemComponents/_gsdata_/_saved_/Compressible/Components/package.mo
2026-02-03 06:36:01: Deleted Recycled: C:/Users/grabacr/VPSsync/01-WorkspaceSync/modelica-shared/CustomLib/FluidSystemComponents/_gsdata_/_saved_/Compressible/Examples/Test/ObliqueShock00_ex01.mo
2026-02-03 06:36:01: Deleted Recycled: C:/Users/grabacr/VPSsync/01-WorkspaceSync/modelica-shared/CustomLib/FluidSystemComponents/_gsdata_/_saved_/Compressible/Examples/Tutorial/FluidGridNW_5x5_ex01.mo
2026-02-03 06:36:29: == Sync Complete. Time: 00:01:55, Speed: 451.65 KB/s, OK: 811, Errors: 0
